[2026-08-08T04:34:31.443Z] MemoryForge: attached 5 listener(s)
[2026-08-08T04:34:31.444Z] InitialReadForge: armed one-shot BeforeSend after NewSessionStart
[2026-08-08T04:34:31.444Z] LiveUpdateForge: session reset, allowLiveUpdate = false
[2026-08-08T04:35:03.149Z] LiveUpdateForge: session reset, allowLiveUpdate = false
[2026-08-08T04:35:03.224Z] ResumeDiffForge: running checkResumeConsistency
[2026-08-08T04:35:03.225Z] checkResumeConsistency: forgedTimestamps=[["project","1970-01-01T00:00:00.000Z"]]
[2026-08-08T04:35:03.230Z] checkResumeConsistency: injecting 1 diff notification(s)
[2026-08-08T04:35:03.231Z] injectForgedHistory: role=user preview="[agent-auto] [memory-update 2026-08-08 04:44:13] project memory file has been mo"
[2026-08-08T04:35:03.231Z] injectForgedHistory: recordMessage persisted
[2026-08-08T04:35:03.232Z] LiveUpdateForge: session reset, allowLiveUpdate = false
[2026-08-08T04:35:03.232Z] NudgeForge: ResumeComplete — restoring count from history
[2026-08-08T04:35:03.232Z] restoreNudgeCountFromHistory: found last write at idx=1559 count=1
[2026-08-08T04:36:28.066Z] CompactComplete: resetting forge state
[2026-08-08T04:37:38.078Z] CompactComplete: resetting forge state
[2026-08-08T05:27:00.550Z] MemoryForge: attached 5 listener(s)
[2026-08-08T05:27:00.550Z] InitialReadForge: armed one-shot BeforeSend after NewSessionStart
[2026-08-08T05:27:00.550Z] LiveUpdateForge: session reset, allowLiveUpdate = false
[2026-08-08T05:27:01.196Z] LiveUpdateForge: session reset, allowLiveUpdate = false
[2026-08-08T05:27:01.197Z] ResumeDiffForge: running checkResumeConsistency
[2026-08-08T05:27:01.197Z] checkResumeConsistency: forgedTimestamps=[]
[2026-08-08T05:27:01.200Z] checkResumeConsistency: no changes detected
[2026-08-08T05:27:01.200Z] LiveUpdateForge: session reset, allowLiveUpdate = false
[2026-08-08T05:27:01.200Z] NudgeForge: ResumeComplete — restoring count from history
[2026-08-08T05:27:01.200Z] restoreNudgeCountFromHistory: no reset point found, count=0
[2026-08-08T05:27:01.390Z] MemoryForge: attached 5 listener(s)
[2026-08-08T05:27:01.391Z] InitialReadForge: armed one-shot BeforeSend after NewSessionStart
[2026-08-08T05:27:01.391Z] LiveUpdateForge: session reset, allowLiveUpdate = false
[2026-08-08T05:27:03.978Z] ResumeDiffForge: running checkResumeConsistency
[2026-08-08T05:27:03.978Z] checkResumeConsistency: forgedTimestamps=[]
[2026-08-08T05:27:03.983Z] checkResumeConsistency: no changes detected
[2026-08-08T05:27:03.983Z] LiveUpdateForge: session reset, allowLiveUpdate = false
[2026-08-08T05:27:03.983Z] NudgeForge: ResumeComplete — restoring count from history
[2026-08-08T05:27:03.983Z] restoreNudgeCountFromHistory: no reset point found, count=0
[2026-08-08T05:27:06.783Z] ResumeDiffForge: running checkResumeConsistency
[2026-08-08T05:27:06.784Z] checkResumeConsistency: forgedTimestamps=[]
[2026-08-08T05:27:06.789Z] checkResumeConsistency: no changes detected
[2026-08-08T05:27:06.789Z] LiveUpdateForge: session reset, allowLiveUpdate = false
[2026-08-08T05:27:06.789Z] NudgeForge: ResumeComplete — restoring count from history
[2026-08-08T05:27:06.790Z] restoreNudgeCountFromHistory: no reset point found, count=0
[2026-08-08T05:27:13.812Z] LiveUpdateForge: session reset, allowLiveUpdate = false
[2026-08-08T05:27:13.812Z] ResumeDiffForge: no read_memory in history, backfilling forge
[2026-08-08T05:27:13.850Z] recordForgedToolExchange: toolName=read_memory callId=resume-forge-read-memory-backfill
[2026-08-08T05:27:13.850Z] recordForgedToolExchange: recordMessage + recordToolCalls persisted
[2026-08-08T05:27:13.851Z] injectForgedHistory: role=user preview=""
[2026-08-08T05:27:13.851Z] injectForgedHistory: recordMessage persisted
[2026-08-08T05:27:13.854Z] ResumeDiffForge: backfilled read_memory and baseline for 2 raw + 2 provider file(s)
[2026-08-08T05:27:13.854Z] LiveUpdateForge: session reset, allowLiveUpdate = false
[2026-08-08T05:27:13.854Z] NudgeForge: ResumeComplete — restoring count from history
[2026-08-08T05:27:13.854Z] restoreNudgeCountFromHistory: no reset point found, count=0
[2026-08-08T05:27:13.969Z] ResumeDiffForge: running checkResumeConsistency
[2026-08-08T05:27:13.970Z] checkResumeConsistency: forgedTimestamps=[]
[2026-08-08T05:27:13.977Z] checkResumeConsistency: no changes detected
[2026-08-08T05:27:13.977Z] LiveUpdateForge: session reset, allowLiveUpdate = false
[2026-08-08T05:27:13.977Z] NudgeForge: ResumeComplete — restoring count from history
[2026-08-08T05:27:13.977Z] restoreNudgeCountFromHistory: no reset point found, count=0
[2026-08-08T05:27:14.715Z] ResumeDiffForge: no read_memory in history, backfilling forge
[2026-08-08T05:27:14.741Z] recordForgedToolExchange: toolName=read_memory callId=resume-forge-read-memory-backfill
[2026-08-08T05:27:14.763Z] recordForgedToolExchange: recordMessage + recordToolCalls persisted
[2026-08-08T05:27:14.763Z] injectForgedHistory: role=user preview=""
[2026-08-08T05:27:14.775Z] injectForgedHistory: recordMessage persisted
[2026-08-08T05:27:14.778Z] ResumeDiffForge: backfilled read_memory and baseline for 2 raw + 2 provider file(s)
[2026-08-08T05:27:14.778Z] LiveUpdateForge: session reset, allowLiveUpdate = false
[2026-08-08T05:27:14.778Z] NudgeForge: ResumeComplete — restoring count from history
[2026-08-08T05:27:14.778Z] restoreNudgeCountFromHistory: no reset point found, count=0
[2026-08-08T05:27:42.903Z] MemoryForge: attached 5 listener(s)
[2026-08-08T05:27:42.903Z] InitialReadForge: armed one-shot BeforeSend after NewSessionStart
[2026-08-08T05:27:42.903Z] LiveUpdateForge: session reset, allowLiveUpdate = false
[2026-08-08T05:27:54.044Z] LiveUpdateForge: session reset, allowLiveUpdate = false
[2026-08-08T05:27:54.045Z] ResumeDiffForge: running checkResumeConsistency
[2026-08-08T05:27:54.045Z] checkResumeConsistency: forgedTimestamps=[]
[2026-08-08T05:27:54.047Z] checkResumeConsistency: no changes detected
[2026-08-08T05:27:54.048Z] LiveUpdateForge: session reset, allowLiveUpdate = false
[2026-08-08T05:27:54.048Z] NudgeForge: ResumeComplete — restoring count from history
[2026-08-08T05:27:54.048Z] restoreNudgeCountFromHistory: no reset point found, count=0
[2026-08-08T05:27:54.162Z] ResumeDiffForge: no read_memory in history, backfilling forge
[2026-08-08T05:27:54.197Z] recordForgedToolExchange: toolName=read_memory callId=resume-forge-read-memory-backfill
[2026-08-08T05:27:54.222Z] recordForgedToolExchange: recordMessage + recordToolCalls persisted
[2026-08-08T05:27:54.223Z] injectForgedHistory: role=user preview=""
[2026-08-08T05:27:54.237Z] injectForgedHistory: recordMessage persisted
[2026-08-08T05:27:54.241Z] ResumeDiffForge: backfilled read_memory and baseline for 2 raw + 2 provider file(s)
[2026-08-08T05:27:54.242Z] LiveUpdateForge: session reset, allowLiveUpdate = false
[2026-08-08T05:27:54.242Z] NudgeForge: ResumeComplete — restoring count from history
[2026-08-08T05:27:54.242Z] restoreNudgeCountFromHistory: no reset point found, count=0
[2026-08-08T05:27:54.259Z] ResumeDiffForge: no read_memory in history, backfilling forge
[2026-08-08T05:27:54.286Z] recordForgedToolExchange: toolName=read_memory callId=resume-forge-read-memory-backfill
[2026-08-08T05:27:54.311Z] recordForgedToolExchange: recordMessage + recordToolCalls persisted
[2026-08-08T05:27:54.311Z] injectForgedHistory: role=user preview=""
[2026-08-08T05:27:54.322Z] injectForgedHistory: recordMessage persisted
[2026-08-08T05:27:54.325Z] ResumeDiffForge: backfilled read_memory and baseline for 2 raw + 2 provider file(s)
[2026-08-08T05:27:54.326Z] LiveUpdateForge: session reset, allowLiveUpdate = false
[2026-08-08T05:27:54.326Z] NudgeForge: ResumeComplete — restoring count from history
[2026-08-08T05:27:54.326Z] restoreNudgeCountFromHistory: no reset point found, count=0
[2026-08-08T05:27:54.525Z] MemoryForge: attached 5 listener(s)
[2026-08-08T05:27:54.525Z] InitialReadForge: armed one-shot BeforeSend after NewSessionStart
[2026-08-08T05:27:54.525Z] LiveUpdateForge: session reset, allowLiveUpdate = false
[2026-08-08T05:27:54.527Z] MemoryForge: detached all listeners
[2026-08-08T05:27:54.527Z] ResumeDiffForge: running checkResumeConsistency
[2026-08-08T05:27:54.527Z] checkResumeConsistency: forgedTimestamps=[]
[2026-08-08T05:27:54.546Z] checkResumeConsistency: no changes detected
[2026-08-08T05:27:54.546Z] LiveUpdateForge: session reset, allowLiveUpdate = false
[2026-08-08T05:27:54.546Z] NudgeForge: ResumeComplete — restoring count from history
[2026-08-08T05:27:54.546Z] restoreNudgeCountFromHistory: no reset point found, count=0
[2026-08-08T05:27:54.554Z] LiveUpdateForge: allowLiveUpdate = true (first real BeforeSend)
[2026-08-08T05:27:54.554Z] InitialReadForge.onBeforeSend: SKIP (fr=false syn=false hasRead=true)
[2026-08-08T05:28:04.587Z] LiveUpdateForge: EndTurn fallback flush
[2026-08-08T05:28:04.587Z] onEndTurn: naturalStop=undefined toolCalls=0 nudgeMsg=no
[2026-08-08T05:28:04.588Z] LiveUpdateForge: EndTurn fallback flush
[2026-08-08T05:28:04.588Z] onEndTurn: naturalStop=false toolCalls=0 nudgeMsg=no
[2026-08-08T05:30:14.304Z] LiveUpdateForge: AfterToolExec flush
[2026-08-08T05:30:14.325Z] InitialReadForge.onBeforeSend: SKIP (fr=true syn=false hasRead=true)
[2026-08-08T05:30:19.335Z] LiveUpdateForge: EndTurn fallback flush
[2026-08-08T05:30:19.335Z] onEndTurn: naturalStop=undefined toolCalls=1 nudgeMsg=no
[2026-08-08T05:30:19.336Z] LiveUpdateForge: EndTurn fallback flush
[2026-08-08T05:30:19.336Z] onEndTurn: naturalStop=false toolCalls=1 nudgeMsg=no
[2026-08-08T05:30:19.340Z] LiveUpdateForge: AfterToolExec flush
[2026-08-08T05:30:19.357Z] InitialReadForge.onBeforeSend: SKIP (fr=true syn=false hasRead=true)
[2026-08-08T05:30:21.126Z] LiveUpdateForge: EndTurn fallback flush
[2026-08-08T05:30:21.126Z] onEndTurn: naturalStop=undefined toolCalls=2 nudgeMsg=no
[2026-08-08T05:30:21.126Z] LiveUpdateForge: EndTurn fallback flush
[2026-08-08T05:30:21.126Z] onEndTurn: naturalStop=false toolCalls=2 nudgeMsg=no
[2026-08-08T05:30:21.129Z] LiveUpdateForge: AfterToolExec flush
[2026-08-08T05:30:21.146Z] InitialReadForge.onBeforeSend: SKIP (fr=true syn=false hasRead=true)
[2026-08-08T05:30:22.996Z] LiveUpdateForge: EndTurn fallback flush
[2026-08-08T05:30:22.996Z] onEndTurn: naturalStop=undefined toolCalls=3 nudgeMsg=no
[2026-08-08T05:30:22.997Z] LiveUpdateForge: EndTurn fallback flush
[2026-08-08T05:30:22.997Z] onEndTurn: naturalStop=false toolCalls=3 nudgeMsg=no
[2026-08-08T05:30:22.999Z] LiveUpdateForge: AfterToolExec flush
[2026-08-08T05:30:23.016Z] InitialReadForge.onBeforeSend: SKIP (fr=true syn=false hasRead=true)
[2026-08-08T05:30:25.706Z] LiveUpdateForge: EndTurn fallback flush
[2026-08-08T05:30:25.706Z] onEndTurn: naturalStop=undefined toolCalls=4 nudgeMsg=no
[2026-08-08T05:30:25.707Z] LiveUpdateForge: EndTurn fallback flush
[2026-08-08T05:30:25.707Z] onEndTurn: naturalStop=false toolCalls=4 nudgeMsg=no
[2026-08-08T05:30:25.709Z] LiveUpdateForge: AfterToolExec flush
[2026-08-08T05:30:25.728Z] InitialReadForge.onBeforeSend: SKIP (fr=true syn=false hasRead=true)
[2026-08-08T05:30:35.362Z] LiveUpdateForge: EndTurn fallback flush
[2026-08-08T05:30:35.363Z] onEndTurn: naturalStop=undefined toolCalls=5 nudgeMsg=no
[2026-08-08T05:30:35.363Z] LiveUpdateForge: EndTurn fallback flush
[2026-08-08T05:30:35.363Z] onEndTurn: naturalStop=false toolCalls=5 nudgeMsg=no
[2026-08-08T05:30:35.365Z] LiveUpdateForge: AfterToolExec flush
[2026-08-08T05:30:35.385Z] InitialReadForge.onBeforeSend: SKIP (fr=true syn=false hasRead=true)
[2026-08-08T05:30:37.450Z] LiveUpdateForge: EndTurn fallback flush
[2026-08-08T05:30:37.451Z] onEndTurn: naturalStop=undefined toolCalls=6 nudgeMsg=no
[2026-08-08T05:30:37.451Z] LiveUpdateForge: EndTurn fallback flush
[2026-08-08T05:30:37.451Z] onEndTurn: naturalStop=false toolCalls=6 nudgeMsg=no
[2026-08-08T05:30:37.453Z] LiveUpdateForge: AfterToolExec flush
[2026-08-08T05:30:37.469Z] InitialReadForge.onBeforeSend: SKIP (fr=true syn=false hasRead=true)
[2026-08-08T05:30:39.149Z] LiveUpdateForge: EndTurn fallback flush
[2026-08-08T05:30:39.149Z] onEndTurn: naturalStop=undefined toolCalls=7 nudgeMsg=no
[2026-08-08T05:30:39.149Z] LiveUpdateForge: EndTurn fallback flush
[2026-08-08T05:30:39.150Z] onEndTurn: naturalStop=false toolCalls=7 nudgeMsg=no
[2026-08-08T05:30:39.152Z] LiveUpdateForge: AfterToolExec flush
[2026-08-08T05:30:39.169Z] InitialReadForge.onBeforeSend: SKIP (fr=true syn=false hasRead=true)
[2026-08-08T05:30:42.232Z] LiveUpdateForge: EndTurn fallback flush
[2026-08-08T05:30:42.233Z] onEndTurn: naturalStop=undefined toolCalls=8 nudgeMsg=no
[2026-08-08T05:30:42.233Z] LiveUpdateForge: EndTurn fallback flush
[2026-08-08T05:30:42.233Z] onEndTurn: naturalStop=false toolCalls=8 nudgeMsg=no
[2026-08-08T05:30:42.236Z] LiveUpdateForge: AfterToolExec flush
[2026-08-08T05:30:42.252Z] InitialReadForge.onBeforeSend: SKIP (fr=true syn=false hasRead=true)
[2026-08-08T05:30:44.489Z] LiveUpdateForge: EndTurn fallback flush
[2026-08-08T05:30:44.489Z] onEndTurn: naturalStop=undefined toolCalls=9 nudgeMsg=no
[2026-08-08T05:30:44.489Z] LiveUpdateForge: EndTurn fallback flush
[2026-08-08T05:30:44.489Z] onEndTurn: naturalStop=false toolCalls=9 nudgeMsg=no
[2026-08-08T05:30:44.492Z] LiveUpdateForge: AfterToolExec flush
[2026-08-08T05:30:44.511Z] InitialReadForge.onBeforeSend: SKIP (fr=true syn=false hasRead=true)
[2026-08-08T05:30:45.408Z] LiveUpdateForge: EndTurn fallback flush
[2026-08-08T05:30:45.409Z] onEndTurn: naturalStop=undefined toolCalls=10 nudgeMsg=no
[2026-08-08T05:30:45.409Z] LiveUpdateForge: EndTurn fallback flush
[2026-08-08T05:30:45.409Z] onEndTurn: naturalStop=false toolCalls=10 nudgeMsg=no
[2026-08-08T05:30:45.414Z] LiveUpdateForge: AfterToolExec flush
[2026-08-08T05:30:45.429Z] InitialReadForge.onBeforeSend: SKIP (fr=true syn=false hasRead=true)
[2026-08-08T05:30:46.698Z] LiveUpdateForge: EndTurn fallback flush
[2026-08-08T05:30:46.698Z] onEndTurn: naturalStop=undefined toolCalls=11 nudgeMsg=no
[2026-08-08T05:30:46.698Z] LiveUpdateForge: EndTurn fallback flush
[2026-08-08T05:30:46.698Z] onEndTurn: naturalStop=false toolCalls=11 nudgeMsg=no
[2026-08-08T05:30:46.700Z] LiveUpdateForge: AfterToolExec flush
[2026-08-08T05:30:46.718Z] InitialReadForge.onBeforeSend: SKIP (fr=true syn=false hasRead=true)
[2026-08-08T05:30:48.142Z] LiveUpdateForge: EndTurn fallback flush
[2026-08-08T05:30:48.142Z] onEndTurn: naturalStop=undefined toolCalls=12 nudgeMsg=no
[2026-08-08T05:30:48.143Z] LiveUpdateForge: EndTurn fallback flush
[2026-08-08T05:30:48.143Z] onEndTurn: naturalStop=false toolCalls=12 nudgeMsg=no
[2026-08-08T05:30:48.145Z] LiveUpdateForge: AfterToolExec flush
[2026-08-08T05:30:48.163Z] InitialReadForge.onBeforeSend: SKIP (fr=true syn=false hasRead=true)
[2026-08-08T05:30:49.769Z] LiveUpdateForge: EndTurn fallback flush
[2026-08-08T05:30:49.769Z] onEndTurn: naturalStop=undefined toolCalls=13 nudgeMsg=no
[2026-08-08T05:30:49.769Z] LiveUpdateForge: EndTurn fallback flush
[2026-08-08T05:30:49.769Z] onEndTurn: naturalStop=false toolCalls=13 nudgeMsg=no
[2026-08-08T05:30:49.774Z] LiveUpdateForge: AfterToolExec flush
[2026-08-08T05:30:49.791Z] InitialReadForge.onBeforeSend: SKIP (fr=true syn=false hasRead=true)
[2026-08-08T05:30:51.022Z] LiveUpdateForge: EndTurn fallback flush
[2026-08-08T05:30:51.022Z] onEndTurn: naturalStop=undefined toolCalls=14 nudgeMsg=no
[2026-08-08T05:30:51.022Z] LiveUpdateForge: EndTurn fallback flush
[2026-08-08T05:30:51.022Z] onEndTurn: naturalStop=false toolCalls=14 nudgeMsg=no
[2026-08-08T05:30:51.028Z] LiveUpdateForge: AfterToolExec flush
[2026-08-08T05:30:51.046Z] InitialReadForge.onBeforeSend: SKIP (fr=true syn=false hasRead=true)
[2026-08-08T05:30:51.940Z] LiveUpdateForge: EndTurn fallback flush
[2026-08-08T05:30:51.940Z] onEndTurn: naturalStop=undefined toolCalls=15 nudgeMsg=no
[2026-08-08T05:30:51.940Z] LiveUpdateForge: EndTurn fallback flush
[2026-08-08T05:30:51.940Z] onEndTurn: naturalStop=false toolCalls=15 nudgeMsg=no
[2026-08-08T05:30:51.984Z] LiveUpdateForge: AfterToolExec flush
[2026-08-08T05:30:52.001Z] InitialReadForge.onBeforeSend: SKIP (fr=true syn=false hasRead=true)
[2026-08-08T05:30:53.361Z] LiveUpdateForge: EndTurn fallback flush
[2026-08-08T05:30:53.361Z] onEndTurn: naturalStop=undefined toolCalls=16 nudgeMsg=no
[2026-08-08T05:30:53.362Z] LiveUpdateForge: EndTurn fallback flush
[2026-08-08T05:30:53.362Z] onEndTurn: naturalStop=false toolCalls=16 nudgeMsg=no
[2026-08-08T05:30:53.364Z] LiveUpdateForge: AfterToolExec flush
[2026-08-08T05:30:53.384Z] InitialReadForge.onBeforeSend: SKIP (fr=true syn=false hasRead=true)
[2026-08-08T05:30:54.415Z] LiveUpdateForge: EndTurn fallback flush
[2026-08-08T05:30:54.416Z] onEndTurn: naturalStop=undefined toolCalls=17 nudgeMsg=no
[2026-08-08T05:30:54.416Z] LiveUpdateForge: EndTurn fallback flush
[2026-08-08T05:30:54.416Z] onEndTurn: naturalStop=false toolCalls=17 nudgeMsg=no
[2026-08-08T05:30:54.418Z] LiveUpdateForge: AfterToolExec flush
[2026-08-08T05:30:54.435Z] InitialReadForge.onBeforeSend: SKIP (fr=true syn=false hasRead=true)
[2026-08-08T05:30:56.004Z] LiveUpdateForge: EndTurn fallback flush
[2026-08-08T05:30:56.004Z] onEndTurn: naturalStop=undefined toolCalls=18 nudgeMsg=no
[2026-08-08T05:30:56.004Z] LiveUpdateForge: EndTurn fallback flush
[2026-08-08T05:30:56.005Z] onEndTurn: naturalStop=false toolCalls=18 nudgeMsg=no
[2026-08-08T05:30:56.010Z] LiveUpdateForge: AfterToolExec flush
[2026-08-08T05:30:56.027Z] InitialReadForge.onBeforeSend: SKIP (fr=true syn=false hasRead=true)
[2026-08-08T05:30:56.999Z] LiveUpdateForge: EndTurn fallback flush
[2026-08-08T05:30:56.999Z] onEndTurn: naturalStop=undefined toolCalls=19 nudgeMsg=no
[2026-08-08T05:30:57.000Z] LiveUpdateForge: EndTurn fallback flush
[2026-08-08T05:30:57.000Z] onEndTurn: naturalStop=false toolCalls=19 nudgeMsg=no
[2026-08-08T05:30:57.027Z] LiveUpdateForge: AfterToolExec flush
[2026-08-08T05:30:57.046Z] InitialReadForge.onBeforeSend: SKIP (fr=true syn=false hasRead=true)
[2026-08-08T05:30:58.170Z] LiveUpdateForge: EndTurn fallback flush
[2026-08-08T05:30:58.170Z] onEndTurn: naturalStop=undefined toolCalls=20 nudgeMsg=no
[2026-08-08T05:30:58.171Z] LiveUpdateForge: EndTurn fallback flush
[2026-08-08T05:30:58.171Z] onEndTurn: naturalStop=false toolCalls=20 nudgeMsg=no
[2026-08-08T05:30:58.296Z] LiveUpdateForge: AfterToolExec flush
[2026-08-08T05:30:58.314Z] InitialReadForge.onBeforeSend: SKIP (fr=true syn=false hasRead=true)
[2026-08-08T05:30:59.542Z] LiveUpdateForge: EndTurn fallback flush
[2026-08-08T05:30:59.543Z] onEndTurn: naturalStop=undefined toolCalls=21 nudgeMsg=no
[2026-08-08T05:30:59.543Z] LiveUpdateForge: EndTurn fallback flush
[2026-08-08T05:30:59.543Z] onEndTurn: naturalStop=false toolCalls=21 nudgeMsg=no
[2026-08-08T05:30:59.545Z] LiveUpdateForge: AfterToolExec flush
[2026-08-08T05:30:59.561Z] InitialReadForge.onBeforeSend: SKIP (fr=true syn=false hasRead=true)
[2026-08-08T05:31:01.583Z] LiveUpdateForge: EndTurn fallback flush
[2026-08-08T05:31:01.583Z] onEndTurn: naturalStop=undefined toolCalls=22 nudgeMsg=no
[2026-08-08T05:31:01.583Z] LiveUpdateForge: EndTurn fallback flush
[2026-08-08T05:31:01.584Z] onEndTurn: naturalStop=false toolCalls=22 nudgeMsg=no
[2026-08-08T05:31:01.706Z] LiveUpdateForge: AfterToolExec flush
[2026-08-08T05:31:01.725Z] InitialReadForge.onBeforeSend: SKIP (fr=true syn=false hasRead=true)
[2026-08-08T05:31:02.789Z] LiveUpdateForge: EndTurn fallback flush
[2026-08-08T05:31:02.789Z] onEndTurn: naturalStop=undefined toolCalls=23 nudgeMsg=no
[2026-08-08T05:31:02.790Z] LiveUpdateForge: EndTurn fallback flush
[2026-08-08T05:31:02.790Z] onEndTurn: naturalStop=false toolCalls=23 nudgeMsg=no
[2026-08-08T05:31:02.872Z] LiveUpdateForge: AfterToolExec flush
[2026-08-08T05:31:02.888Z] InitialReadForge.onBeforeSend: SKIP (fr=true syn=false hasRead=true)
[2026-08-08T05:31:04.208Z] LiveUpdateForge: EndTurn fallback flush
[2026-08-08T05:31:04.208Z] onEndTurn: naturalStop=undefined toolCalls=24 nudgeMsg=no
[2026-08-08T05:31:04.208Z] LiveUpdateForge: EndTurn fallback flush
[2026-08-08T05:31:04.208Z] onEndTurn: naturalStop=false toolCalls=24 nudgeMsg=no
[2026-08-08T05:31:04.332Z] LiveUpdateForge: AfterToolExec flush
[2026-08-08T05:31:04.349Z] InitialReadForge.onBeforeSend: SKIP (fr=true syn=false hasRead=true)
[2026-08-08T05:31:07.624Z] LiveUpdateForge: EndTurn fallback flush
[2026-08-08T05:31:07.625Z] onEndTurn: naturalStop=undefined toolCalls=25 nudgeMsg=no
[2026-08-08T05:31:07.625Z] LiveUpdateForge: EndTurn fallback flush
[2026-08-08T05:31:07.625Z] onEndTurn: naturalStop=false toolCalls=25 nudgeMsg=no
[2026-08-08T05:31:07.746Z] LiveUpdateForge: AfterToolExec flush
[2026-08-08T05:31:07.766Z] InitialReadForge.onBeforeSend: SKIP (fr=true syn=false hasRead=true)
[2026-08-08T05:31:09.135Z] LiveUpdateForge: EndTurn fallback flush
[2026-08-08T05:31:09.136Z] onEndTurn: naturalStop=undefined toolCalls=26 nudgeMsg=no
[2026-08-08T05:31:09.136Z] LiveUpdateForge: EndTurn fallback flush
[2026-08-08T05:31:09.136Z] onEndTurn: naturalStop=false toolCalls=26 nudgeMsg=no
[2026-08-08T05:31:09.258Z] LiveUpdateForge: AfterToolExec flush
[2026-08-08T05:31:09.278Z] InitialReadForge.onBeforeSend: SKIP (fr=true syn=false hasRead=true)
[2026-08-08T05:31:10.713Z] LiveUpdateForge: EndTurn fallback flush
[2026-08-08T05:31:10.713Z] onEndTurn: naturalStop=undefined toolCalls=27 nudgeMsg=no
[2026-08-08T05:31:10.713Z] LiveUpdateForge: EndTurn fallback flush
[2026-08-08T05:31:10.713Z] onEndTurn: naturalStop=false toolCalls=27 nudgeMsg=no
[2026-08-08T05:31:10.719Z] LiveUpdateForge: AfterToolExec flush
[2026-08-08T05:31:10.737Z] InitialReadForge.onBeforeSend: SKIP (fr=true syn=false hasRead=true)
[2026-08-08T05:31:12.399Z] LiveUpdateForge: EndTurn fallback flush
[2026-08-08T05:31:12.399Z] onEndTurn: naturalStop=undefined toolCalls=28 nudgeMsg=no
[2026-08-08T05:31:12.399Z] LiveUpdateForge: EndTurn fallback flush
[2026-08-08T05:31:12.399Z] onEndTurn: naturalStop=false toolCalls=28 nudgeMsg=no
[2026-08-08T05:31:12.463Z] LiveUpdateForge: AfterToolExec flush
[2026-08-08T05:31:12.480Z] InitialReadForge.onBeforeSend: SKIP (fr=true syn=false hasRead=true)
[2026-08-08T05:31:17.202Z] LiveUpdateForge: EndTurn fallback flush
[2026-08-08T05:31:17.202Z] onEndTurn: naturalStop=undefined toolCalls=29 nudgeMsg=no
[2026-08-08T05:31:17.202Z] LiveUpdateForge: EndTurn fallback flush
[2026-08-08T05:31:17.202Z] onEndTurn: naturalStop=false toolCalls=29 nudgeMsg=no
[2026-08-08T05:31:17.206Z] LiveUpdateForge: AfterToolExec flush
[2026-08-08T05:31:17.224Z] InitialReadForge.onBeforeSend: SKIP (fr=true syn=false hasRead=true)
[2026-08-08T05:31:18.256Z] LiveUpdateForge: EndTurn fallback flush
[2026-08-08T05:31:18.257Z] onEndTurn: naturalStop=undefined toolCalls=30 nudgeMsg=no
[2026-08-08T05:31:18.257Z] LiveUpdateForge: EndTurn fallback flush
[2026-08-08T05:31:18.257Z] onEndTurn: naturalStop=false toolCalls=30 nudgeMsg=no
[2026-08-08T05:31:18.265Z] LiveUpdateForge: AfterToolExec flush
[2026-08-08T05:31:18.284Z] InitialReadForge.onBeforeSend: SKIP (fr=true syn=false hasRead=true)
[2026-08-08T05:31:19.259Z] LiveUpdateForge: EndTurn fallback flush
[2026-08-08T05:31:19.259Z] onEndTurn: naturalStop=undefined toolCalls=31 nudgeMsg=no
[2026-08-08T05:31:19.259Z] LiveUpdateForge: EndTurn fallback flush
[2026-08-08T05:31:19.259Z] onEndTurn: naturalStop=false toolCalls=31 nudgeMsg=no
[2026-08-08T05:31:19.261Z] LiveUpdateForge: AfterToolExec flush
[2026-08-08T05:31:19.279Z] InitialReadForge.onBeforeSend: SKIP (fr=true syn=false hasRead=true)
[2026-08-08T05:31:20.455Z] LiveUpdateForge: EndTurn fallback flush
[2026-08-08T05:31:20.456Z] onEndTurn: naturalStop=undefined toolCalls=32 nudgeMsg=no
[2026-08-08T05:31:20.456Z] LiveUpdateForge: EndTurn fallback flush
[2026-08-08T05:31:20.456Z] onEndTurn: naturalStop=false toolCalls=32 nudgeMsg=no
[2026-08-08T05:31:20.461Z] LiveUpdateForge: AfterToolExec flush
[2026-08-08T05:31:20.481Z] InitialReadForge.onBeforeSend: SKIP (fr=true syn=false hasRead=true)
[2026-08-08T05:31:22.087Z] LiveUpdateForge: EndTurn fallback flush
[2026-08-08T05:31:22.088Z] onEndTurn: naturalStop=undefined toolCalls=33 nudgeMsg=no
[2026-08-08T05:31:22.088Z] LiveUpdateForge: EndTurn fallback flush
[2026-08-08T05:31:22.088Z] onEndTurn: naturalStop=false toolCalls=33 nudgeMsg=no
[2026-08-08T05:31:22.091Z] LiveUpdateForge: AfterToolExec flush
[2026-08-08T05:31:22.109Z] InitialReadForge.onBeforeSend: SKIP (fr=true syn=false hasRead=true)
[2026-08-08T05:31:33.693Z] LiveUpdateForge: EndTurn fallback flush
[2026-08-08T05:31:33.693Z] onEndTurn: naturalStop=undefined toolCalls=34 nudgeMsg=no
[2026-08-08T05:31:33.693Z] LiveUpdateForge: EndTurn fallback flush
[2026-08-08T05:31:33.694Z] onEndTurn: naturalStop=false toolCalls=34 nudgeMsg=no
[2026-08-08T05:31:33.761Z] LiveUpdateForge: AfterToolExec flush
[2026-08-08T05:31:33.778Z] InitialReadForge.onBeforeSend: SKIP (fr=true syn=false hasRead=true)
[2026-08-08T05:31:39.922Z] LiveUpdateForge: EndTurn fallback flush
[2026-08-08T05:31:39.922Z] onEndTurn: naturalStop=undefined toolCalls=35 nudgeMsg=no
[2026-08-08T05:31:39.922Z] LiveUpdateForge: EndTurn fallback flush
[2026-08-08T05:31:39.922Z] onEndTurn: naturalStop=false toolCalls=35 nudgeMsg=no
[2026-08-08T05:31:40.000Z] LiveUpdateForge: AfterToolExec flush
[2026-08-08T05:31:40.019Z] InitialReadForge.onBeforeSend: SKIP (fr=true syn=false hasRead=true)
[2026-08-08T05:31:44.302Z] LiveUpdateForge: EndTurn fallback flush
[2026-08-08T05:31:44.302Z] onEndTurn: naturalStop=undefined toolCalls=36 nudgeMsg=no
[2026-08-08T05:31:44.302Z] LiveUpdateForge: EndTurn fallback flush
[2026-08-08T05:31:44.302Z] onEndTurn: naturalStop=false toolCalls=36 nudgeMsg=no
[2026-08-08T05:31:44.364Z] LiveUpdateForge: AfterToolExec flush
[2026-08-08T05:31:44.383Z] InitialReadForge.onBeforeSend: SKIP (fr=true syn=false hasRead=true)
[2026-08-08T05:31:49.502Z] LiveUpdateForge: EndTurn fallback flush
[2026-08-08T05:31:49.503Z] onEndTurn: naturalStop=undefined toolCalls=37 nudgeMsg=no
[2026-08-08T05:31:49.503Z] LiveUpdateForge: EndTurn fallback flush
[2026-08-08T05:31:49.503Z] onEndTurn: naturalStop=false toolCalls=37 nudgeMsg=no
[2026-08-08T05:31:49.566Z] LiveUpdateForge: AfterToolExec flush
[2026-08-08T05:31:49.583Z] InitialReadForge.onBeforeSend: SKIP (fr=true syn=false hasRead=true)
[2026-08-08T05:31:53.814Z] LiveUpdateForge: EndTurn fallback flush
[2026-08-08T05:31:53.814Z] onEndTurn: naturalStop=undefined toolCalls=38 nudgeMsg=no
[2026-08-08T05:31:53.814Z] LiveUpdateForge: EndTurn fallback flush
[2026-08-08T05:31:53.814Z] onEndTurn: naturalStop=false toolCalls=38 nudgeMsg=no
[2026-08-08T05:31:53.864Z] LiveUpdateForge: AfterToolExec flush
[2026-08-08T05:31:53.884Z] InitialReadForge.onBeforeSend: SKIP (fr=true syn=false hasRead=true)
[2026-08-08T05:31:55.835Z] LiveUpdateForge: EndTurn fallback flush
[2026-08-08T05:31:55.835Z] onEndTurn: naturalStop=undefined toolCalls=39 nudgeMsg=no
[2026-08-08T05:31:55.835Z] LiveUpdateForge: EndTurn fallback flush
[2026-08-08T05:31:55.835Z] onEndTurn: naturalStop=false toolCalls=39 nudgeMsg=no
[2026-08-08T05:31:55.880Z] LiveUpdateForge: AfterToolExec flush
[2026-08-08T05:31:55.898Z] InitialReadForge.onBeforeSend: SKIP (fr=true syn=false hasRead=true)
[2026-08-08T05:31:59.613Z] LiveUpdateForge: EndTurn fallback flush
[2026-08-08T05:31:59.613Z] onEndTurn: naturalStop=undefined toolCalls=40 nudgeMsg=no
[2026-08-08T05:31:59.613Z] LiveUpdateForge: EndTurn fallback flush
[2026-08-08T05:31:59.613Z] onEndTurn: naturalStop=false toolCalls=40 nudgeMsg=no
[2026-08-08T05:31:59.645Z] LiveUpdateForge: AfterToolExec flush
[2026-08-08T05:31:59.664Z] InitialReadForge.onBeforeSend: SKIP (fr=true syn=false hasRead=true)
[2026-08-08T05:32:05.258Z] LiveUpdateForge: EndTurn fallback flush
[2026-08-08T05:32:05.258Z] onEndTurn: naturalStop=undefined toolCalls=41 nudgeMsg=no
[2026-08-08T05:32:05.258Z] LiveUpdateForge: EndTurn fallback flush
[2026-08-08T05:32:05.258Z] onEndTurn: naturalStop=false toolCalls=41 nudgeMsg=no
[2026-08-08T05:32:05.339Z] LiveUpdateForge: AfterToolExec flush
[2026-08-08T05:32:05.356Z] InitialReadForge.onBeforeSend: SKIP (fr=true syn=false hasRead=true)
[2026-08-08T05:32:11.963Z] LiveUpdateForge: EndTurn fallback flush
[2026-08-08T05:32:11.963Z] onEndTurn: naturalStop=undefined toolCalls=42 nudgeMsg=no
[2026-08-08T05:32:11.963Z] LiveUpdateForge: EndTurn fallback flush
[2026-08-08T05:32:11.963Z] onEndTurn: naturalStop=false toolCalls=42 nudgeMsg=no
[2026-08-08T05:32:12.022Z] LiveUpdateForge: AfterToolExec flush
[2026-08-08T05:32:12.042Z] InitialReadForge.onBeforeSend: SKIP (fr=true syn=false hasRead=true)
[2026-08-08T05:32:15.647Z] LiveUpdateForge: EndTurn fallback flush
[2026-08-08T05:32:15.647Z] onEndTurn: naturalStop=undefined toolCalls=43 nudgeMsg=no
[2026-08-08T05:32:15.647Z] LiveUpdateForge: EndTurn fallback flush
[2026-08-08T05:32:15.647Z] onEndTurn: naturalStop=false toolCalls=43 nudgeMsg=no
[2026-08-08T05:32:15.650Z] LiveUpdateForge: AfterToolExec flush
[2026-08-08T05:32:15.670Z] InitialReadForge.onBeforeSend: SKIP (fr=true syn=false hasRead=true)
[2026-08-08T05:32:19.764Z] LiveUpdateForge: EndTurn fallback flush
[2026-08-08T05:32:19.765Z] onEndTurn: naturalStop=undefined toolCalls=44 nudgeMsg=no
[2026-08-08T05:32:19.765Z] LiveUpdateForge: EndTurn fallback flush
[2026-08-08T05:32:19.765Z] onEndTurn: naturalStop=false toolCalls=44 nudgeMsg=no
[2026-08-08T05:32:19.801Z] LiveUpdateForge: AfterToolExec flush
[2026-08-08T05:32:19.824Z] InitialReadForge.onBeforeSend: SKIP (fr=true syn=false hasRead=true)
[2026-08-08T05:32:22.316Z] LiveUpdateForge: EndTurn fallback flush
[2026-08-08T05:32:22.316Z] onEndTurn: naturalStop=undefined toolCalls=45 nudgeMsg=no
[2026-08-08T05:32:22.316Z] LiveUpdateForge: EndTurn fallback flush
[2026-08-08T05:32:22.317Z] onEndTurn: naturalStop=false toolCalls=45 nudgeMsg=no
[2026-08-08T05:32:22.359Z] LiveUpdateForge: AfterToolExec flush
[2026-08-08T05:32:22.381Z] InitialReadForge.onBeforeSend: SKIP (fr=true syn=false hasRead=true)
[2026-08-08T05:32:24.527Z] LiveUpdateForge: EndTurn fallback flush
[2026-08-08T05:32:24.527Z] onEndTurn: naturalStop=undefined toolCalls=46 nudgeMsg=no
[2026-08-08T05:32:24.527Z] LiveUpdateForge: EndTurn fallback flush
[2026-08-08T05:32:24.527Z] onEndTurn: naturalStop=false toolCalls=46 nudgeMsg=no
[2026-08-08T05:32:24.576Z] LiveUpdateForge: AfterToolExec flush
[2026-08-08T05:32:24.596Z] InitialReadForge.onBeforeSend: SKIP (fr=true syn=false hasRead=true)
[2026-08-08T05:32:26.068Z] LiveUpdateForge: EndTurn fallback flush
[2026-08-08T05:32:26.068Z] onEndTurn: naturalStop=undefined toolCalls=47 nudgeMsg=no
[2026-08-08T05:32:26.068Z] LiveUpdateForge: EndTurn fallback flush
[2026-08-08T05:32:26.068Z] onEndTurn: naturalStop=false toolCalls=47 nudgeMsg=no
[2026-08-08T05:32:26.071Z] LiveUpdateForge: AfterToolExec flush
[2026-08-08T05:32:26.093Z] InitialReadForge.onBeforeSend: SKIP (fr=true syn=false hasRead=true)
[2026-08-08T05:32:29.636Z] LiveUpdateForge: EndTurn fallback flush
[2026-08-08T05:32:29.637Z] onEndTurn: naturalStop=undefined toolCalls=48 nudgeMsg=no
[2026-08-08T05:32:29.637Z] LiveUpdateForge: EndTurn fallback flush
[2026-08-08T05:32:29.637Z] onEndTurn: naturalStop=false toolCalls=48 nudgeMsg=no
[2026-08-08T05:32:29.690Z] LiveUpdateForge: AfterToolExec flush
[2026-08-08T05:32:29.711Z] InitialReadForge.onBeforeSend: SKIP (fr=true syn=false hasRead=true)
[2026-08-08T05:32:32.427Z] LiveUpdateForge: EndTurn fallback flush
[2026-08-08T05:32:32.427Z] onEndTurn: naturalStop=undefined toolCalls=49 nudgeMsg=no
[2026-08-08T05:32:32.427Z] LiveUpdateForge: EndTurn fallback flush
[2026-08-08T05:32:32.427Z] onEndTurn: naturalStop=false toolCalls=49 nudgeMsg=no
[2026-08-08T05:32:32.485Z] LiveUpdateForge: AfterToolExec flush
[2026-08-08T05:32:32.504Z] InitialReadForge.onBeforeSend: SKIP (fr=true syn=false hasRead=true)
[2026-08-08T05:32:37.124Z] LiveUpdateForge: EndTurn fallback flush
[2026-08-08T05:32:37.124Z] onEndTurn: naturalStop=undefined toolCalls=50 nudgeMsg=no
[2026-08-08T05:32:37.124Z] LiveUpdateForge: EndTurn fallback flush
[2026-08-08T05:32:37.124Z] onEndTurn: naturalStop=false toolCalls=50 nudgeMsg=no
[2026-08-08T05:32:37.190Z] LiveUpdateForge: AfterToolExec flush
[2026-08-08T05:32:37.210Z] InitialReadForge.onBeforeSend: SKIP (fr=true syn=false hasRead=true)
[2026-08-08T05:32:39.689Z] LiveUpdateForge: EndTurn fallback flush
[2026-08-08T05:32:39.689Z] onEndTurn: naturalStop=undefined toolCalls=51 nudgeMsg=no
[2026-08-08T05:32:39.689Z] LiveUpdateForge: EndTurn fallback flush
[2026-08-08T05:32:39.689Z] onEndTurn: naturalStop=false toolCalls=51 nudgeMsg=no
[2026-08-08T05:32:39.725Z] LiveUpdateForge: AfterToolExec flush
[2026-08-08T05:32:39.746Z] InitialReadForge.onBeforeSend: SKIP (fr=true syn=false hasRead=true)
[2026-08-08T05:32:41.591Z] LiveUpdateForge: EndTurn fallback flush
[2026-08-08T05:32:41.591Z] onEndTurn: naturalStop=undefined toolCalls=52 nudgeMsg=no
[2026-08-08T05:32:41.591Z] LiveUpdateForge: EndTurn fallback flush
[2026-08-08T05:32:41.592Z] onEndTurn: naturalStop=false toolCalls=52 nudgeMsg=no
[2026-08-08T05:32:41.710Z] LiveUpdateForge: AfterToolExec flush
[2026-08-08T05:32:41.731Z] InitialReadForge.onBeforeSend: SKIP (fr=true syn=false hasRead=true)
[2026-08-08T05:32:44.032Z] LiveUpdateForge: EndTurn fallback flush
[2026-08-08T05:32:44.032Z] onEndTurn: naturalStop=undefined toolCalls=53 nudgeMsg=no
[2026-08-08T05:32:44.033Z] LiveUpdateForge: EndTurn fallback flush
[2026-08-08T05:32:44.033Z] onEndTurn: naturalStop=false toolCalls=53 nudgeMsg=no
[2026-08-08T05:32:44.037Z] LiveUpdateForge: AfterToolExec flush
[2026-08-08T05:32:44.056Z] InitialReadForge.onBeforeSend: SKIP (fr=true syn=false hasRead=true)
[2026-08-08T05:32:47.373Z] LiveUpdateForge: EndTurn fallback flush
[2026-08-08T05:32:47.374Z] onEndTurn: naturalStop=undefined toolCalls=54 nudgeMsg=no
[2026-08-08T05:32:47.374Z] LiveUpdateForge: EndTurn fallback flush
[2026-08-08T05:32:47.374Z] onEndTurn: naturalStop=false toolCalls=54 nudgeMsg=no
[2026-08-08T05:32:47.396Z] InitialReadForge.onBeforeSend: SKIP (fr=true syn=false hasRead=true)
[2026-08-08T05:32:48.693Z] LiveUpdateForge: EndTurn fallback flush
[2026-08-08T05:32:48.693Z] onEndTurn: naturalStop=undefined toolCalls=54 nudgeMsg=no
[2026-08-08T05:32:48.693Z] LiveUpdateForge: EndTurn fallback flush
[2026-08-08T05:32:48.694Z] onEndTurn: naturalStop=false toolCalls=54 nudgeMsg=no
[2026-08-08T05:32:48.743Z] LiveUpdateForge: AfterToolExec flush
[2026-08-08T05:32:48.764Z] InitialReadForge.onBeforeSend: SKIP (fr=true syn=false hasRead=true)
[2026-08-08T05:32:50.799Z] LiveUpdateForge: EndTurn fallback flush
[2026-08-08T05:32:50.800Z] onEndTurn: naturalStop=undefined toolCalls=55 nudgeMsg=no
[2026-08-08T05:32:50.800Z] LiveUpdateForge: EndTurn fallback flush
[2026-08-08T05:32:50.800Z] onEndTurn: naturalStop=false toolCalls=55 nudgeMsg=no
[2026-08-08T05:32:50.808Z] LiveUpdateForge: AfterToolExec flush
[2026-08-08T05:32:50.831Z] InitialReadForge.onBeforeSend: SKIP (fr=true syn=false hasRead=true)
[2026-08-08T05:32:52.248Z] LiveUpdateForge: EndTurn fallback flush
[2026-08-08T05:32:52.248Z] onEndTurn: naturalStop=undefined toolCalls=56 nudgeMsg=no
[2026-08-08T05:32:52.248Z] LiveUpdateForge: EndTurn fallback flush
[2026-08-08T05:32:52.249Z] onEndTurn: naturalStop=false toolCalls=56 nudgeMsg=no
[2026-08-08T05:32:52.300Z] LiveUpdateForge: AfterToolExec flush
[2026-08-08T05:32:52.320Z] InitialReadForge.onBeforeSend: SKIP (fr=true syn=false hasRead=true)
[2026-08-08T05:32:53.672Z] LiveUpdateForge: EndTurn fallback flush
[2026-08-08T05:32:53.672Z] onEndTurn: naturalStop=undefined toolCalls=57 nudgeMsg=no
[2026-08-08T05:32:53.672Z] LiveUpdateForge: EndTurn fallback flush
[2026-08-08T05:32:53.672Z] onEndTurn: naturalStop=false toolCalls=57 nudgeMsg=no
[2026-08-08T05:32:53.725Z] LiveUpdateForge: AfterToolExec flush
[2026-08-08T05:32:53.747Z] InitialReadForge.onBeforeSend: SKIP (fr=true syn=false hasRead=true)
[2026-08-08T05:32:57.619Z] LiveUpdateForge: EndTurn fallback flush
[2026-08-08T05:32:57.619Z] onEndTurn: naturalStop=undefined toolCalls=58 nudgeMsg=no
[2026-08-08T05:32:57.620Z] LiveUpdateForge: EndTurn fallback flush
[2026-08-08T05:32:57.620Z] onEndTurn: naturalStop=false toolCalls=58 nudgeMsg=no
[2026-08-08T05:32:57.629Z] LiveUpdateForge: AfterToolExec flush
[2026-08-08T05:32:57.659Z] InitialReadForge.onBeforeSend: SKIP (fr=true syn=false hasRead=true)
[2026-08-08T05:33:00.145Z] LiveUpdateForge: EndTurn fallback flush
[2026-08-08T05:33:00.145Z] onEndTurn: naturalStop=undefined toolCalls=59 nudgeMsg=no
[2026-08-08T05:33:00.145Z] LiveUpdateForge: EndTurn fallback flush
[2026-08-08T05:33:00.146Z] onEndTurn: naturalStop=false toolCalls=59 nudgeMsg=no
[2026-08-08T05:33:00.195Z] LiveUpdateForge: AfterToolExec flush
[2026-08-08T05:33:00.219Z] InitialReadForge.onBeforeSend: SKIP (fr=true syn=false hasRead=true)
[2026-08-08T05:33:02.416Z] LiveUpdateForge: EndTurn fallback flush
[2026-08-08T05:33:02.416Z] onEndTurn: naturalStop=undefined toolCalls=60 nudgeMsg=no
[2026-08-08T05:33:02.416Z] LiveUpdateForge: EndTurn fallback flush
[2026-08-08T05:33:02.416Z] onEndTurn: naturalStop=false toolCalls=60 nudgeMsg=no
[2026-08-08T05:33:02.470Z] LiveUpdateForge: AfterToolExec flush
[2026-08-08T05:33:02.489Z] InitialReadForge.onBeforeSend: SKIP (fr=true syn=false hasRead=true)
[2026-08-08T05:33:04.795Z] LiveUpdateForge: EndTurn fallback flush
[2026-08-08T05:33:04.796Z] onEndTurn: naturalStop=undefined toolCalls=61 nudgeMsg=no
[2026-08-08T05:33:04.796Z] LiveUpdateForge: EndTurn fallback flush
[2026-08-08T05:33:04.796Z] onEndTurn: naturalStop=false toolCalls=61 nudgeMsg=no
[2026-08-08T05:33:04.798Z] LiveUpdateForge: AfterToolExec flush
[2026-08-08T05:33:04.819Z] InitialReadForge.onBeforeSend: SKIP (fr=true syn=false hasRead=true)
[2026-08-08T05:33:07.132Z] LiveUpdateForge: EndTurn fallback flush
[2026-08-08T05:33:07.133Z] onEndTurn: naturalStop=undefined toolCalls=62 nudgeMsg=no
[2026-08-08T05:33:07.133Z] LiveUpdateForge: EndTurn fallback flush
[2026-08-08T05:33:07.133Z] onEndTurn: naturalStop=false toolCalls=62 nudgeMsg=no
[2026-08-08T05:33:07.179Z] LiveUpdateForge: AfterToolExec flush
[2026-08-08T05:33:07.199Z] InitialReadForge.onBeforeSend: SKIP (fr=true syn=false hasRead=true)
[2026-08-08T05:33:09.102Z] LiveUpdateForge: EndTurn fallback flush
[2026-08-08T05:33:09.103Z] onEndTurn: naturalStop=undefined toolCalls=63 nudgeMsg=no
[2026-08-08T05:33:09.103Z] LiveUpdateForge: EndTurn fallback flush
[2026-08-08T05:33:09.103Z] onEndTurn: naturalStop=false toolCalls=63 nudgeMsg=no
[2026-08-08T05:33:09.159Z] LiveUpdateForge: AfterToolExec flush
[2026-08-08T05:33:09.180Z] InitialReadForge.onBeforeSend: SKIP (fr=true syn=false hasRead=true)
[2026-08-08T05:33:12.305Z] LiveUpdateForge: EndTurn fallback flush
[2026-08-08T05:33:12.305Z] onEndTurn: naturalStop=undefined toolCalls=64 nudgeMsg=no
[2026-08-08T05:33:12.305Z] LiveUpdateForge: EndTurn fallback flush
[2026-08-08T05:33:12.306Z] onEndTurn: naturalStop=false toolCalls=64 nudgeMsg=no
[2026-08-08T05:33:12.349Z] LiveUpdateForge: AfterToolExec flush
[2026-08-08T05:33:12.372Z] InitialReadForge.onBeforeSend: SKIP (fr=true syn=false hasRead=true)
[2026-08-08T05:33:15.396Z] LiveUpdateForge: EndTurn fallback flush
[2026-08-08T05:33:15.396Z] onEndTurn: naturalStop=undefined toolCalls=65 nudgeMsg=no
[2026-08-08T05:33:15.396Z] LiveUpdateForge: EndTurn fallback flush
[2026-08-08T05:33:15.396Z] onEndTurn: naturalStop=false toolCalls=65 nudgeMsg=no
[2026-08-08T05:33:15.490Z] LiveUpdateForge: AfterToolExec flush
[2026-08-08T05:33:15.513Z] InitialReadForge.onBeforeSend: SKIP (fr=true syn=false hasRead=true)
[2026-08-08T05:33:17.350Z] LiveUpdateForge: EndTurn fallback flush
[2026-08-08T05:33:17.351Z] onEndTurn: naturalStop=undefined toolCalls=66 nudgeMsg=no
[2026-08-08T05:33:17.351Z] LiveUpdateForge: EndTurn fallback flush
[2026-08-08T05:33:17.351Z] onEndTurn: naturalStop=false toolCalls=66 nudgeMsg=no
[2026-08-08T05:33:17.358Z] LiveUpdateForge: AfterToolExec flush
[2026-08-08T05:33:17.379Z] InitialReadForge.onBeforeSend: SKIP (fr=true syn=false hasRead=true)
[2026-08-08T05:33:20.424Z] LiveUpdateForge: EndTurn fallback flush
[2026-08-08T05:33:20.424Z] onEndTurn: naturalStop=undefined toolCalls=67 nudgeMsg=no
[2026-08-08T05:33:20.425Z] LiveUpdateForge: EndTurn fallback flush
[2026-08-08T05:33:20.425Z] onEndTurn: naturalStop=false toolCalls=67 nudgeMsg=no
[2026-08-08T05:33:20.494Z] LiveUpdateForge: AfterToolExec flush
[2026-08-08T05:33:20.515Z] InitialReadForge.onBeforeSend: SKIP (fr=true syn=false hasRead=true)
[2026-08-08T05:33:23.441Z] LiveUpdateForge: EndTurn fallback flush
[2026-08-08T05:33:23.441Z] onEndTurn: naturalStop=undefined toolCalls=68 nudgeMsg=no
[2026-08-08T05:33:23.441Z] LiveUpdateForge: EndTurn fallback flush
[2026-08-08T05:33:23.442Z] onEndTurn: naturalStop=false toolCalls=68 nudgeMsg=no
[2026-08-08T05:33:23.486Z] LiveUpdateForge: AfterToolExec flush
[2026-08-08T05:33:23.506Z] InitialReadForge.onBeforeSend: SKIP (fr=true syn=false hasRead=true)
[2026-08-08T05:33:27.125Z] LiveUpdateForge: EndTurn fallback flush
[2026-08-08T05:33:27.125Z] onEndTurn: naturalStop=undefined toolCalls=69 nudgeMsg=no
[2026-08-08T05:33:27.126Z] LiveUpdateForge: EndTurn fallback flush
[2026-08-08T05:33:27.126Z] onEndTurn: naturalStop=false toolCalls=69 nudgeMsg=no
[2026-08-08T05:33:27.154Z] LiveUpdateForge: AfterToolExec flush
[2026-08-08T05:33:27.174Z] InitialReadForge.onBeforeSend: SKIP (fr=true syn=false hasRead=true)
[2026-08-08T05:33:29.158Z] LiveUpdateForge: EndTurn fallback flush
[2026-08-08T05:33:29.158Z] onEndTurn: naturalStop=undefined toolCalls=70 nudgeMsg=no
[2026-08-08T05:33:29.158Z] LiveUpdateForge: EndTurn fallback flush
[2026-08-08T05:33:29.158Z] onEndTurn: naturalStop=false toolCalls=70 nudgeMsg=no
[2026-08-08T05:33:29.161Z] LiveUpdateForge: AfterToolExec flush
[2026-08-08T05:33:29.184Z] InitialReadForge.onBeforeSend: SKIP (fr=true syn=false hasRead=true)
[2026-08-08T05:33:33.125Z] LiveUpdateForge: EndTurn fallback flush
[2026-08-08T05:33:33.125Z] onEndTurn: naturalStop=undefined toolCalls=71 nudgeMsg=no
[2026-08-08T05:33:33.125Z] LiveUpdateForge: EndTurn fallback flush
[2026-08-08T05:33:33.125Z] onEndTurn: naturalStop=false toolCalls=71 nudgeMsg=no
[2026-08-08T05:33:33.187Z] LiveUpdateForge: AfterToolExec flush
[2026-08-08T05:33:33.213Z] InitialReadForge.onBeforeSend: SKIP (fr=true syn=false hasRead=true)
[2026-08-08T05:33:36.372Z] LiveUpdateForge: EndTurn fallback flush
[2026-08-08T05:33:36.372Z] onEndTurn: naturalStop=undefined toolCalls=72 nudgeMsg=no
[2026-08-08T05:33:36.372Z] LiveUpdateForge: EndTurn fallback flush
[2026-08-08T05:33:36.373Z] onEndTurn: naturalStop=false toolCalls=72 nudgeMsg=no
[2026-08-08T05:33:36.424Z] LiveUpdateForge: AfterToolExec flush
[2026-08-08T05:33:36.447Z] InitialReadForge.onBeforeSend: SKIP (fr=true syn=false hasRead=true)
[2026-08-08T05:33:39.260Z] LiveUpdateForge: EndTurn fallback flush
[2026-08-08T05:33:39.261Z] onEndTurn: naturalStop=undefined toolCalls=73 nudgeMsg=no
[2026-08-08T05:33:39.261Z] LiveUpdateForge: EndTurn fallback flush
[2026-08-08T05:33:39.261Z] onEndTurn: naturalStop=false toolCalls=73 nudgeMsg=no
[2026-08-08T05:33:39.267Z] LiveUpdateForge: AfterToolExec flush
[2026-08-08T05:33:39.290Z] InitialReadForge.onBeforeSend: SKIP (fr=true syn=false hasRead=true)
[2026-08-08T05:33:41.415Z] LiveUpdateForge: EndTurn fallback flush
[2026-08-08T05:33:41.415Z] onEndTurn: naturalStop=undefined toolCalls=74 nudgeMsg=no
[2026-08-08T05:33:41.416Z] LiveUpdateForge: EndTurn fallback flush
[2026-08-08T05:33:41.416Z] onEndTurn: naturalStop=false toolCalls=74 nudgeMsg=no
[2026-08-08T05:33:41.420Z] LiveUpdateForge: AfterToolExec flush
[2026-08-08T05:33:41.440Z] InitialReadForge.onBeforeSend: SKIP (fr=true syn=false hasRead=true)
[2026-08-08T05:33:49.720Z] LiveUpdateForge: EndTurn fallback flush
[2026-08-08T05:33:49.720Z] onEndTurn: naturalStop=undefined toolCalls=75 nudgeMsg=no
[2026-08-08T05:33:49.720Z] LiveUpdateForge: EndTurn fallback flush
[2026-08-08T05:33:49.720Z] onEndTurn: naturalStop=false toolCalls=75 nudgeMsg=no
[2026-08-08T05:33:49.787Z] LiveUpdateForge: AfterToolExec flush
[2026-08-08T05:33:49.807Z] InitialReadForge.onBeforeSend: SKIP (fr=true syn=false hasRead=true)
[2026-08-08T05:33:51.586Z] LiveUpdateForge: EndTurn fallback flush
[2026-08-08T05:33:51.586Z] onEndTurn: naturalStop=undefined toolCalls=76 nudgeMsg=no
[2026-08-08T05:33:51.586Z] LiveUpdateForge: EndTurn fallback flush
[2026-08-08T05:33:51.586Z] onEndTurn: naturalStop=false toolCalls=76 nudgeMsg=no
[2026-08-08T05:33:51.697Z] LiveUpdateForge: AfterToolExec flush
[2026-08-08T05:33:51.717Z] InitialReadForge.onBeforeSend: SKIP (fr=true syn=false hasRead=true)
[2026-08-08T05:34:09.739Z] LiveUpdateForge: EndTurn fallback flush
[2026-08-08T05:34:09.739Z] onEndTurn: naturalStop=undefined toolCalls=77 nudgeMsg=no
[2026-08-08T05:34:09.739Z] LiveUpdateForge: EndTurn fallback flush
[2026-08-08T05:34:09.739Z] onEndTurn: naturalStop=false toolCalls=77 nudgeMsg=no
[2026-08-08T05:34:12.039Z] LiveUpdateForge: AfterToolExec flush
[2026-08-08T05:34:12.064Z] InitialReadForge.onBeforeSend: SKIP (fr=true syn=false hasRead=true)
[2026-08-08T05:34:14.298Z] LiveUpdateForge: EndTurn fallback flush
[2026-08-08T05:34:14.298Z] onEndTurn: naturalStop=undefined toolCalls=78 nudgeMsg=no
[2026-08-08T05:34:14.299Z] LiveUpdateForge: EndTurn fallback flush
[2026-08-08T05:34:14.299Z] onEndTurn: naturalStop=false toolCalls=78 nudgeMsg=no
[2026-08-08T05:34:16.482Z] LiveUpdateForge: AfterToolExec flush
[2026-08-08T05:34:16.506Z] InitialReadForge.onBeforeSend: SKIP (fr=true syn=false hasRead=true)
[2026-08-08T05:34:19.435Z] LiveUpdateForge: EndTurn fallback flush
[2026-08-08T05:34:19.435Z] onEndTurn: naturalStop=undefined toolCalls=79 nudgeMsg=no
[2026-08-08T05:34:19.436Z] LiveUpdateForge: EndTurn fallback flush
[2026-08-08T05:34:19.436Z] onEndTurn: naturalStop=false toolCalls=79 nudgeMsg=no
[2026-08-08T05:34:19.541Z] LiveUpdateForge: AfterToolExec flush
[2026-08-08T05:34:19.563Z] InitialReadForge.onBeforeSend: SKIP (fr=true syn=false hasRead=true)
[2026-08-08T05:34:21.236Z] LiveUpdateForge: EndTurn fallback flush
[2026-08-08T05:34:21.237Z] onEndTurn: naturalStop=undefined toolCalls=80 nudgeMsg=no
[2026-08-08T05:34:21.237Z] LiveUpdateForge: EndTurn fallback flush
[2026-08-08T05:34:21.237Z] onEndTurn: naturalStop=false toolCalls=80 nudgeMsg=no
[2026-08-08T05:34:23.898Z] LiveUpdateForge: AfterToolExec flush
[2026-08-08T05:34:23.930Z] InitialReadForge.onBeforeSend: SKIP (fr=true syn=false hasRead=true)
[2026-08-08T05:34:28.314Z] LiveUpdateForge: EndTurn fallback flush
[2026-08-08T05:34:28.314Z] onEndTurn: naturalStop=undefined toolCalls=81 nudgeMsg=no
[2026-08-08T05:34:28.314Z] LiveUpdateForge: EndTurn fallback flush
[2026-08-08T05:34:28.314Z] onEndTurn: naturalStop=false toolCalls=81 nudgeMsg=no
[2026-08-08T05:34:29.414Z] LiveUpdateForge: AfterToolExec flush
[2026-08-08T05:34:29.440Z] InitialReadForge.onBeforeSend: SKIP (fr=true syn=false hasRead=true)
[2026-08-08T05:34:31.018Z] LiveUpdateForge: EndTurn fallback flush
[2026-08-08T05:34:31.018Z] onEndTurn: naturalStop=undefined toolCalls=82 nudgeMsg=no
[2026-08-08T05:34:31.018Z] LiveUpdateForge: EndTurn fallback flush
[2026-08-08T05:34:31.018Z] onEndTurn: naturalStop=false toolCalls=82 nudgeMsg=no
[2026-08-08T05:34:31.072Z] LiveUpdateForge: AfterToolExec flush
[2026-08-08T05:34:31.097Z] InitialReadForge.onBeforeSend: SKIP (fr=true syn=false hasRead=true)
[2026-08-08T05:34:33.333Z] LiveUpdateForge: EndTurn fallback flush
[2026-08-08T05:34:33.333Z] onEndTurn: naturalStop=undefined toolCalls=83 nudgeMsg=no
[2026-08-08T05:34:33.334Z] LiveUpdateForge: EndTurn fallback flush
[2026-08-08T05:34:33.334Z] onEndTurn: naturalStop=false toolCalls=83 nudgeMsg=no
[2026-08-08T05:34:36.550Z] LiveUpdateForge: AfterToolExec flush
[2026-08-08T05:34:36.574Z] InitialReadForge.onBeforeSend: SKIP (fr=true syn=false hasRead=true)
[2026-08-08T05:34:38.166Z] LiveUpdateForge: EndTurn fallback flush
[2026-08-08T05:34:38.166Z] onEndTurn: naturalStop=undefined toolCalls=84 nudgeMsg=no
[2026-08-08T05:34:38.167Z] LiveUpdateForge: EndTurn fallback flush
[2026-08-08T05:34:38.167Z] onEndTurn: naturalStop=false toolCalls=84 nudgeMsg=no
[2026-08-08T05:34:52.578Z] LiveUpdateForge: AfterToolExec flush
[2026-08-08T05:34:52.602Z] InitialReadForge.onBeforeSend: SKIP (fr=true syn=false hasRead=true)
[2026-08-08T05:34:54.436Z] LiveUpdateForge: EndTurn fallback flush
[2026-08-08T05:34:54.437Z] onEndTurn: naturalStop=undefined toolCalls=85 nudgeMsg=no
[2026-08-08T05:34:54.437Z] LiveUpdateForge: EndTurn fallback flush
[2026-08-08T05:34:54.437Z] onEndTurn: naturalStop=false toolCalls=85 nudgeMsg=no
[2026-08-08T05:34:57.725Z] LiveUpdateForge: AfterToolExec flush
[2026-08-08T05:34:57.756Z] InitialReadForge.onBeforeSend: SKIP (fr=true syn=false hasRead=true)
[2026-08-08T05:34:59.339Z] LiveUpdateForge: EndTurn fallback flush
[2026-08-08T05:34:59.339Z] onEndTurn: naturalStop=undefined toolCalls=86 nudgeMsg=no
[2026-08-08T05:34:59.339Z] LiveUpdateForge: EndTurn fallback flush
[2026-08-08T05:34:59.340Z] onEndTurn: naturalStop=false toolCalls=86 nudgeMsg=no
[2026-08-08T05:35:15.826Z] LiveUpdateForge: AfterToolExec flush
[2026-08-08T05:35:15.858Z] InitialReadForge.onBeforeSend: SKIP (fr=true syn=false hasRead=true)
[2026-08-08T05:35:19.177Z] LiveUpdateForge: EndTurn fallback flush
[2026-08-08T05:35:19.178Z] onEndTurn: naturalStop=undefined toolCalls=87 nudgeMsg=no
[2026-08-08T05:35:19.178Z] LiveUpdateForge: EndTurn fallback flush
[2026-08-08T05:35:19.179Z] onEndTurn: naturalStop=false toolCalls=87 nudgeMsg=no
[2026-08-08T05:35:19.240Z] LiveUpdateForge: AfterToolExec flush
[2026-08-08T05:35:19.263Z] InitialReadForge.onBeforeSend: SKIP (fr=true syn=false hasRead=true)
[2026-08-08T05:35:21.690Z] LiveUpdateForge: EndTurn fallback flush
[2026-08-08T05:35:21.690Z] onEndTurn: naturalStop=undefined toolCalls=88 nudgeMsg=no
[2026-08-08T05:35:21.690Z] LiveUpdateForge: EndTurn fallback flush
[2026-08-08T05:35:21.690Z] onEndTurn: naturalStop=false toolCalls=88 nudgeMsg=no
[2026-08-08T05:35:21.693Z] LiveUpdateForge: AfterToolExec flush
[2026-08-08T05:35:21.716Z] InitialReadForge.onBeforeSend: SKIP (fr=true syn=false hasRead=true)
[2026-08-08T05:35:23.353Z] LiveUpdateForge: EndTurn fallback flush
[2026-08-08T05:35:23.353Z] onEndTurn: naturalStop=undefined toolCalls=89 nudgeMsg=no
[2026-08-08T05:35:23.353Z] LiveUpdateForge: EndTurn fallback flush
[2026-08-08T05:35:23.354Z] onEndTurn: naturalStop=false toolCalls=89 nudgeMsg=no
[2026-08-08T05:35:23.356Z] LiveUpdateForge: AfterToolExec flush
[2026-08-08T05:35:23.385Z] InitialReadForge.onBeforeSend: SKIP (fr=true syn=false hasRead=true)
[2026-08-08T05:35:25.707Z] LiveUpdateForge: EndTurn fallback flush
[2026-08-08T05:35:25.707Z] onEndTurn: naturalStop=undefined toolCalls=90 nudgeMsg=no
[2026-08-08T05:35:25.707Z] LiveUpdateForge: EndTurn fallback flush
[2026-08-08T05:35:25.707Z] onEndTurn: naturalStop=false toolCalls=90 nudgeMsg=no
[2026-08-08T05:35:25.774Z] LiveUpdateForge: AfterToolExec flush
[2026-08-08T05:35:25.797Z] InitialReadForge.onBeforeSend: SKIP (fr=true syn=false hasRead=true)
[2026-08-08T05:35:27.796Z] LiveUpdateForge: EndTurn fallback flush
[2026-08-08T05:35:27.797Z] onEndTurn: naturalStop=undefined toolCalls=91 nudgeMsg=no
[2026-08-08T05:35:27.797Z] LiveUpdateForge: EndTurn fallback flush
[2026-08-08T05:35:27.797Z] onEndTurn: naturalStop=false toolCalls=91 nudgeMsg=no
[2026-08-08T05:35:27.857Z] LiveUpdateForge: AfterToolExec flush
[2026-08-08T05:35:27.886Z] InitialReadForge.onBeforeSend: SKIP (fr=true syn=false hasRead=true)
[2026-08-08T05:35:29.934Z] LiveUpdateForge: EndTurn fallback flush
[2026-08-08T05:35:29.934Z] onEndTurn: naturalStop=undefined toolCalls=92 nudgeMsg=no
[2026-08-08T05:35:29.934Z] LiveUpdateForge: EndTurn fallback flush
[2026-08-08T05:35:29.934Z] onEndTurn: naturalStop=false toolCalls=92 nudgeMsg=no
[2026-08-08T05:35:29.966Z] LiveUpdateForge: AfterToolExec flush
[2026-08-08T05:35:29.992Z] InitialReadForge.onBeforeSend: SKIP (fr=true syn=false hasRead=true)
[2026-08-08T05:35:31.828Z] LiveUpdateForge: EndTurn fallback flush
[2026-08-08T05:35:31.829Z] onEndTurn: naturalStop=undefined toolCalls=93 nudgeMsg=no
[2026-08-08T05:35:31.829Z] LiveUpdateForge: EndTurn fallback flush
[2026-08-08T05:35:31.829Z] onEndTurn: naturalStop=false toolCalls=93 nudgeMsg=no
[2026-08-08T05:35:31.913Z] LiveUpdateForge: AfterToolExec flush
[2026-08-08T05:35:31.937Z] InitialReadForge.onBeforeSend: SKIP (fr=true syn=false hasRead=true)
[2026-08-08T05:35:33.475Z] LiveUpdateForge: EndTurn fallback flush
[2026-08-08T05:35:33.475Z] onEndTurn: naturalStop=undefined toolCalls=94 nudgeMsg=no
[2026-08-08T05:35:33.476Z] LiveUpdateForge: EndTurn fallback flush
[2026-08-08T05:35:33.476Z] onEndTurn: naturalStop=false toolCalls=94 nudgeMsg=no
[2026-08-08T05:35:33.561Z] LiveUpdateForge: AfterToolExec flush
[2026-08-08T05:35:33.588Z] InitialReadForge.onBeforeSend: SKIP (fr=true syn=false hasRead=true)
[2026-08-08T05:35:36.053Z] LiveUpdateForge: EndTurn fallback flush
[2026-08-08T05:35:36.053Z] onEndTurn: naturalStop=undefined toolCalls=95 nudgeMsg=no
[2026-08-08T05:35:36.053Z] LiveUpdateForge: EndTurn fallback flush
[2026-08-08T05:35:36.053Z] onEndTurn: naturalStop=false toolCalls=95 nudgeMsg=no
[2026-08-08T05:35:36.151Z] LiveUpdateForge: AfterToolExec flush
[2026-08-08T05:35:36.173Z] InitialReadForge.onBeforeSend: SKIP (fr=true syn=false hasRead=true)
[2026-08-08T05:35:38.120Z] LiveUpdateForge: EndTurn fallback flush
[2026-08-08T05:35:38.120Z] onEndTurn: naturalStop=undefined toolCalls=96 nudgeMsg=no
[2026-08-08T05:35:38.121Z] LiveUpdateForge: EndTurn fallback flush
[2026-08-08T05:35:38.121Z] onEndTurn: naturalStop=false toolCalls=96 nudgeMsg=no
[2026-08-08T05:35:38.185Z] LiveUpdateForge: AfterToolExec flush
[2026-08-08T05:35:38.213Z] InitialReadForge.onBeforeSend: SKIP (fr=true syn=false hasRead=true)
[2026-08-08T05:35:40.425Z] LiveUpdateForge: EndTurn fallback flush
[2026-08-08T05:35:40.425Z] onEndTurn: naturalStop=undefined toolCalls=97 nudgeMsg=no
[2026-08-08T05:35:40.425Z] LiveUpdateForge: EndTurn fallback flush
[2026-08-08T05:35:40.425Z] onEndTurn: naturalStop=false toolCalls=97 nudgeMsg=no
[2026-08-08T05:35:40.508Z] LiveUpdateForge: AfterToolExec flush
[2026-08-08T05:35:40.534Z] InitialReadForge.onBeforeSend: SKIP (fr=true syn=false hasRead=true)
[2026-08-08T05:35:42.247Z] LiveUpdateForge: EndTurn fallback flush
[2026-08-08T05:35:42.247Z] onEndTurn: naturalStop=undefined toolCalls=98 nudgeMsg=no
[2026-08-08T05:35:42.247Z] LiveUpdateForge: EndTurn fallback flush
[2026-08-08T05:35:42.247Z] onEndTurn: naturalStop=false toolCalls=98 nudgeMsg=no
[2026-08-08T05:35:42.252Z] LiveUpdateForge: AfterToolExec flush
[2026-08-08T05:35:42.278Z] InitialReadForge.onBeforeSend: SKIP (fr=true syn=false hasRead=true)
[2026-08-08T05:35:43.759Z] LiveUpdateForge: EndTurn fallback flush
[2026-08-08T05:35:43.759Z] onEndTurn: naturalStop=undefined toolCalls=99 nudgeMsg=no
[2026-08-08T05:35:43.760Z] LiveUpdateForge: EndTurn fallback flush
[2026-08-08T05:35:43.760Z] onEndTurn: naturalStop=false toolCalls=99 nudgeMsg=no
[2026-08-08T05:35:43.765Z] LiveUpdateForge: AfterToolExec flush
[2026-08-08T05:35:43.791Z] InitialReadForge.onBeforeSend: SKIP (fr=true syn=false hasRead=true)
[2026-08-08T05:35:45.700Z] LiveUpdateForge: EndTurn fallback flush
[2026-08-08T05:35:45.700Z] onEndTurn: naturalStop=undefined toolCalls=100 nudgeMsg=no
[2026-08-08T05:35:45.700Z] LiveUpdateForge: EndTurn fallback flush
[2026-08-08T05:35:45.700Z] onEndTurn: naturalStop=false toolCalls=100 nudgeMsg=no
[2026-08-08T05:35:45.773Z] LiveUpdateForge: AfterToolExec flush
[2026-08-08T05:35:45.796Z] InitialReadForge.onBeforeSend: SKIP (fr=true syn=false hasRead=true)
[2026-08-08T05:35:47.396Z] LiveUpdateForge: EndTurn fallback flush
[2026-08-08T05:35:47.396Z] onEndTurn: naturalStop=undefined toolCalls=101 nudgeMsg=no
[2026-08-08T05:35:47.396Z] LiveUpdateForge: EndTurn fallback flush
[2026-08-08T05:35:47.396Z] onEndTurn: naturalStop=false toolCalls=101 nudgeMsg=no
[2026-08-08T05:35:47.398Z] LiveUpdateForge: AfterToolExec flush
[2026-08-08T05:35:47.426Z] InitialReadForge.onBeforeSend: SKIP (fr=true syn=false hasRead=true)
[2026-08-08T05:35:49.750Z] LiveUpdateForge: EndTurn fallback flush
[2026-08-08T05:35:49.750Z] onEndTurn: naturalStop=undefined toolCalls=102 nudgeMsg=no
[2026-08-08T05:35:49.750Z] LiveUpdateForge: EndTurn fallback flush
[2026-08-08T05:35:49.750Z] onEndTurn: naturalStop=false toolCalls=102 nudgeMsg=no
[2026-08-08T05:35:49.825Z] LiveUpdateForge: AfterToolExec flush
[2026-08-08T05:35:49.849Z] InitialReadForge.onBeforeSend: SKIP (fr=true syn=false hasRead=true)
[2026-08-08T05:35:51.900Z] LiveUpdateForge: EndTurn fallback flush
[2026-08-08T05:35:51.900Z] onEndTurn: naturalStop=undefined toolCalls=103 nudgeMsg=no
[2026-08-08T05:35:51.900Z] LiveUpdateForge: EndTurn fallback flush
[2026-08-08T05:35:51.900Z] onEndTurn: naturalStop=false toolCalls=103 nudgeMsg=no
[2026-08-08T05:35:56.394Z] LiveUpdateForge: AfterToolExec flush
[2026-08-08T05:35:56.422Z] InitialReadForge.onBeforeSend: SKIP (fr=true syn=false hasRead=true)
[2026-08-08T05:35:59.026Z] LiveUpdateForge: EndTurn fallback flush
[2026-08-08T05:35:59.026Z] onEndTurn: naturalStop=undefined toolCalls=104 nudgeMsg=no
[2026-08-08T05:35:59.026Z] LiveUpdateForge: EndTurn fallback flush
[2026-08-08T05:35:59.027Z] onEndTurn: naturalStop=false toolCalls=104 nudgeMsg=no
[2026-08-08T05:36:11.995Z] LiveUpdateForge: AfterToolExec flush
[2026-08-08T05:36:12.027Z] InitialReadForge.onBeforeSend: SKIP (fr=true syn=false hasRead=true)
[2026-08-08T05:36:20.154Z] LiveUpdateForge: EndTurn fallback flush
[2026-08-08T05:36:20.155Z] onEndTurn: naturalStop=undefined toolCalls=105 nudgeMsg=no
[2026-08-08T05:36:20.155Z] LiveUpdateForge: EndTurn fallback flush
[2026-08-08T05:36:20.155Z] onEndTurn: naturalStop=false toolCalls=105 nudgeMsg=no
[2026-08-08T05:36:20.223Z] LiveUpdateForge: AfterToolExec flush
[2026-08-08T05:36:20.245Z] InitialReadForge.onBeforeSend: SKIP (fr=true syn=false hasRead=true)
[2026-08-08T05:36:21.769Z] LiveUpdateForge: EndTurn fallback flush
[2026-08-08T05:36:21.769Z] onEndTurn: naturalStop=undefined toolCalls=106 nudgeMsg=no
[2026-08-08T05:36:21.769Z] LiveUpdateForge: EndTurn fallback flush
[2026-08-08T05:36:21.770Z] onEndTurn: naturalStop=false toolCalls=106 nudgeMsg=no
[2026-08-08T05:36:28.034Z] LiveUpdateForge: AfterToolExec flush
[2026-08-08T05:36:28.067Z] InitialReadForge.onBeforeSend: SKIP (fr=true syn=false hasRead=true)
[2026-08-08T05:36:31.658Z] LiveUpdateForge: EndTurn fallback flush
[2026-08-08T05:36:31.659Z] onEndTurn: naturalStop=undefined toolCalls=107 nudgeMsg=no
[2026-08-08T05:36:31.659Z] LiveUpdateForge: EndTurn fallback flush
[2026-08-08T05:36:31.659Z] onEndTurn: naturalStop=false toolCalls=107 nudgeMsg=no
[2026-08-08T05:36:37.503Z] LiveUpdateForge: AfterToolExec flush
[2026-08-08T05:36:37.536Z] InitialReadForge.onBeforeSend: SKIP (fr=true syn=false hasRead=true)
[2026-08-08T05:36:40.841Z] LiveUpdateForge: EndTurn fallback flush
[2026-08-08T05:36:40.841Z] onEndTurn: naturalStop=undefined toolCalls=108 nudgeMsg=no
[2026-08-08T05:36:40.841Z] LiveUpdateForge: EndTurn fallback flush
[2026-08-08T05:36:40.841Z] onEndTurn: naturalStop=false toolCalls=108 nudgeMsg=no
[2026-08-08T05:36:40.889Z] LiveUpdateForge: AfterToolExec flush
[2026-08-08T05:36:40.916Z] InitialReadForge.onBeforeSend: SKIP (fr=true syn=false hasRead=true)
[2026-08-08T05:36:43.621Z] LiveUpdateForge: EndTurn fallback flush
[2026-08-08T05:36:43.621Z] onEndTurn: naturalStop=undefined toolCalls=109 nudgeMsg=no
[2026-08-08T05:36:43.622Z] LiveUpdateForge: EndTurn fallback flush
[2026-08-08T05:36:43.622Z] onEndTurn: naturalStop=false toolCalls=109 nudgeMsg=no
[2026-08-08T05:36:49.557Z] LiveUpdateForge: AfterToolExec flush
[2026-08-08T05:36:49.587Z] InitialReadForge.onBeforeSend: SKIP (fr=true syn=false hasRead=true)
[2026-08-08T05:36:51.655Z] LiveUpdateForge: EndTurn fallback flush
[2026-08-08T05:36:51.656Z] onEndTurn: naturalStop=undefined toolCalls=110 nudgeMsg=no
[2026-08-08T05:36:51.656Z] LiveUpdateForge: EndTurn fallback flush
[2026-08-08T05:36:51.656Z] onEndTurn: naturalStop=false toolCalls=110 nudgeMsg=no
[2026-08-08T05:37:04.493Z] LiveUpdateForge: AfterToolExec flush
[2026-08-08T05:37:04.532Z] InitialReadForge.onBeforeSend: SKIP (fr=true syn=false hasRead=true)
[2026-08-08T05:37:06.075Z] LiveUpdateForge: EndTurn fallback flush
[2026-08-08T05:37:06.075Z] onEndTurn: naturalStop=undefined toolCalls=111 nudgeMsg=no
[2026-08-08T05:37:06.075Z] LiveUpdateForge: EndTurn fallback flush
[2026-08-08T05:37:06.076Z] onEndTurn: naturalStop=false toolCalls=111 nudgeMsg=no
[2026-08-08T05:37:08.336Z] LiveUpdateForge: AfterToolExec flush
[2026-08-08T05:37:08.366Z] InitialReadForge.onBeforeSend: SKIP (fr=true syn=false hasRead=true)
[2026-08-08T05:37:09.930Z] LiveUpdateForge: EndTurn fallback flush
[2026-08-08T05:37:09.930Z] onEndTurn: naturalStop=undefined toolCalls=112 nudgeMsg=no
[2026-08-08T05:37:09.930Z] LiveUpdateForge: EndTurn fallback flush
[2026-08-08T05:37:09.931Z] onEndTurn: naturalStop=false toolCalls=112 nudgeMsg=no
[2026-08-08T05:37:13.043Z] LiveUpdateForge: AfterToolExec flush
[2026-08-08T05:37:13.073Z] InitialReadForge.onBeforeSend: SKIP (fr=true syn=false hasRead=true)
[2026-08-08T05:37:25.778Z] LiveUpdateForge: EndTurn fallback flush
[2026-08-08T05:37:25.778Z] onEndTurn: naturalStop=undefined toolCalls=113 nudgeMsg=no
[2026-08-08T05:37:25.778Z] LiveUpdateForge: EndTurn fallback flush
[2026-08-08T05:37:25.779Z] onEndTurn: naturalStop=false toolCalls=113 nudgeMsg=no
[2026-08-08T05:37:27.784Z] LiveUpdateForge: AfterToolExec flush
[2026-08-08T05:37:27.815Z] InitialReadForge.onBeforeSend: SKIP (fr=true syn=false hasRead=true)
[2026-08-08T05:37:31.029Z] LiveUpdateForge: EndTurn fallback flush
[2026-08-08T05:37:31.029Z] onEndTurn: naturalStop=undefined toolCalls=114 nudgeMsg=no
[2026-08-08T05:37:31.029Z] LiveUpdateForge: EndTurn fallback flush
[2026-08-08T05:37:31.029Z] onEndTurn: naturalStop=false toolCalls=114 nudgeMsg=no
[2026-08-08T05:37:32.125Z] LiveUpdateForge: AfterToolExec flush
[2026-08-08T05:37:32.154Z] InitialReadForge.onBeforeSend: SKIP (fr=true syn=false hasRead=true)
[2026-08-08T05:37:36.496Z] LiveUpdateForge: EndTurn fallback flush
[2026-08-08T05:37:36.496Z] onEndTurn: naturalStop=undefined toolCalls=115 nudgeMsg=no
[2026-08-08T05:37:36.496Z] LiveUpdateForge: EndTurn fallback flush
[2026-08-08T05:37:36.496Z] onEndTurn: naturalStop=false toolCalls=115 nudgeMsg=no
[2026-08-08T05:37:36.596Z] LiveUpdateForge: AfterToolExec flush
[2026-08-08T05:37:36.620Z] InitialReadForge.onBeforeSend: SKIP (fr=true syn=false hasRead=true)
[2026-08-08T05:37:38.096Z] LiveUpdateForge: EndTurn fallback flush
[2026-08-08T05:37:38.096Z] onEndTurn: naturalStop=undefined toolCalls=116 nudgeMsg=no
[2026-08-08T05:37:38.096Z] LiveUpdateForge: EndTurn fallback flush
[2026-08-08T05:37:38.096Z] onEndTurn: naturalStop=false toolCalls=116 nudgeMsg=no
[2026-08-08T05:37:40.532Z] LiveUpdateForge: AfterToolExec flush
[2026-08-08T05:37:40.563Z] InitialReadForge.onBeforeSend: SKIP (fr=true syn=false hasRead=true)
[2026-08-08T05:37:42.578Z] LiveUpdateForge: EndTurn fallback flush
[2026-08-08T05:37:42.578Z] onEndTurn: naturalStop=undefined toolCalls=117 nudgeMsg=no
[2026-08-08T05:37:42.578Z] LiveUpdateForge: EndTurn fallback flush
[2026-08-08T05:37:42.579Z] onEndTurn: naturalStop=false toolCalls=117 nudgeMsg=no
[2026-08-08T05:37:51.125Z] LiveUpdateForge: AfterToolExec flush
[2026-08-08T05:37:51.155Z] InitialReadForge.onBeforeSend: SKIP (fr=true syn=false hasRead=true)
[2026-08-08T05:37:52.682Z] LiveUpdateForge: EndTurn fallback flush
[2026-08-08T05:37:52.682Z] onEndTurn: naturalStop=undefined toolCalls=118 nudgeMsg=no
[2026-08-08T05:37:52.682Z] LiveUpdateForge: EndTurn fallback flush
[2026-08-08T05:37:52.683Z] onEndTurn: naturalStop=false toolCalls=118 nudgeMsg=no
[2026-08-08T05:37:52.686Z] LiveUpdateForge: AfterToolExec flush
[2026-08-08T05:37:52.712Z] InitialReadForge.onBeforeSend: SKIP (fr=true syn=false hasRead=true)
[2026-08-08T05:37:55.295Z] LiveUpdateForge: EndTurn fallback flush
[2026-08-08T05:37:55.295Z] onEndTurn: naturalStop=undefined toolCalls=119 nudgeMsg=no
[2026-08-08T05:37:55.295Z] LiveUpdateForge: EndTurn fallback flush
[2026-08-08T05:37:55.296Z] onEndTurn: naturalStop=false toolCalls=119 nudgeMsg=no
[2026-08-08T05:37:55.298Z] LiveUpdateForge: AfterToolExec flush
[2026-08-08T05:37:55.327Z] InitialReadForge.onBeforeSend: SKIP (fr=true syn=false hasRead=true)
[2026-08-08T05:38:04.495Z] LiveUpdateForge: EndTurn fallback flush
[2026-08-08T05:38:04.495Z] onEndTurn: naturalStop=undefined toolCalls=120 nudgeMsg=no
[2026-08-08T05:38:04.495Z] LiveUpdateForge: EndTurn fallback flush
[2026-08-08T05:38:04.495Z] onEndTurn: naturalStop=false toolCalls=120 nudgeMsg=no
[2026-08-08T05:38:04.543Z] LiveUpdateForge: AfterToolExec flush
[2026-08-08T05:38:04.567Z] InitialReadForge.onBeforeSend: SKIP (fr=true syn=false hasRead=true)
[2026-08-08T05:38:06.554Z] LiveUpdateForge: EndTurn fallback flush
[2026-08-08T05:38:06.554Z] onEndTurn: naturalStop=undefined toolCalls=121 nudgeMsg=no
[2026-08-08T05:38:06.555Z] LiveUpdateForge: EndTurn fallback flush
[2026-08-08T05:38:06.555Z] onEndTurn: naturalStop=false toolCalls=121 nudgeMsg=no
[2026-08-08T05:38:06.561Z] LiveUpdateForge: AfterToolExec flush
[2026-08-08T05:38:06.586Z] InitialReadForge.onBeforeSend: SKIP (fr=true syn=false hasRead=true)
[2026-08-08T05:38:09.875Z] LiveUpdateForge: EndTurn fallback flush
[2026-08-08T05:38:09.876Z] onEndTurn: naturalStop=undefined toolCalls=122 nudgeMsg=no
[2026-08-08T05:38:09.876Z] LiveUpdateForge: EndTurn fallback flush
[2026-08-08T05:38:09.876Z] onEndTurn: naturalStop=false toolCalls=122 nudgeMsg=no
[2026-08-08T05:38:09.928Z] LiveUpdateForge: AfterToolExec flush
[2026-08-08T05:38:09.955Z] InitialReadForge.onBeforeSend: SKIP (fr=true syn=false hasRead=true)
[2026-08-08T05:38:11.547Z] LiveUpdateForge: EndTurn fallback flush
[2026-08-08T05:38:11.547Z] onEndTurn: naturalStop=undefined toolCalls=123 nudgeMsg=no
[2026-08-08T05:38:11.548Z] LiveUpdateForge: EndTurn fallback flush
[2026-08-08T05:38:11.548Z] onEndTurn: naturalStop=false toolCalls=123 nudgeMsg=no
[2026-08-08T05:38:11.554Z] LiveUpdateForge: AfterToolExec flush
[2026-08-08T05:38:11.580Z] InitialReadForge.onBeforeSend: SKIP (fr=true syn=false hasRead=true)
[2026-08-08T05:38:13.988Z] LiveUpdateForge: EndTurn fallback flush
[2026-08-08T05:38:13.988Z] onEndTurn: naturalStop=undefined toolCalls=124 nudgeMsg=no
[2026-08-08T05:38:13.989Z] LiveUpdateForge: EndTurn fallback flush
[2026-08-08T05:38:13.989Z] onEndTurn: naturalStop=false toolCalls=124 nudgeMsg=no
[2026-08-08T05:38:14.036Z] LiveUpdateForge: AfterToolExec flush
[2026-08-08T05:38:14.067Z] InitialReadForge.onBeforeSend: SKIP (fr=true syn=false hasRead=true)
[2026-08-08T05:38:15.770Z] LiveUpdateForge: EndTurn fallback flush
[2026-08-08T05:38:15.770Z] onEndTurn: naturalStop=undefined toolCalls=125 nudgeMsg=no
[2026-08-08T05:38:15.770Z] LiveUpdateForge: EndTurn fallback flush
[2026-08-08T05:38:15.771Z] onEndTurn: naturalStop=false toolCalls=125 nudgeMsg=no
[2026-08-08T05:38:15.776Z] LiveUpdateForge: AfterToolExec flush
[2026-08-08T05:38:15.800Z] InitialReadForge.onBeforeSend: SKIP (fr=true syn=false hasRead=true)
[2026-08-08T05:38:18.085Z] LiveUpdateForge: EndTurn fallback flush
[2026-08-08T05:38:18.085Z] onEndTurn: naturalStop=undefined toolCalls=126 nudgeMsg=no
[2026-08-08T05:38:18.085Z] LiveUpdateForge: EndTurn fallback flush
[2026-08-08T05:38:18.085Z] onEndTurn: naturalStop=false toolCalls=126 nudgeMsg=no
[2026-08-08T05:38:18.138Z] LiveUpdateForge: AfterToolExec flush
[2026-08-08T05:38:18.163Z] InitialReadForge.onBeforeSend: SKIP (fr=true syn=false hasRead=true)
[2026-08-08T05:38:19.726Z] LiveUpdateForge: EndTurn fallback flush
[2026-08-08T05:38:19.726Z] onEndTurn: naturalStop=undefined toolCalls=127 nudgeMsg=no
[2026-08-08T05:38:19.727Z] LiveUpdateForge: EndTurn fallback flush
[2026-08-08T05:38:19.727Z] onEndTurn: naturalStop=false toolCalls=127 nudgeMsg=no
[2026-08-08T05:38:19.733Z] LiveUpdateForge: AfterToolExec flush
[2026-08-08T05:38:19.759Z] InitialReadForge.onBeforeSend: SKIP (fr=true syn=false hasRead=true)
[2026-08-08T05:38:22.002Z] LiveUpdateForge: EndTurn fallback flush
[2026-08-08T05:38:22.003Z] onEndTurn: naturalStop=undefined toolCalls=128 nudgeMsg=no
[2026-08-08T05:38:22.003Z] LiveUpdateForge: EndTurn fallback flush
[2026-08-08T05:38:22.003Z] onEndTurn: naturalStop=false toolCalls=128 nudgeMsg=no
[2026-08-08T05:38:22.007Z] LiveUpdateForge: AfterToolExec flush
[2026-08-08T05:38:22.032Z] InitialReadForge.onBeforeSend: SKIP (fr=true syn=false hasRead=true)
[2026-08-08T05:38:24.343Z] LiveUpdateForge: EndTurn fallback flush
[2026-08-08T05:38:24.343Z] onEndTurn: naturalStop=undefined toolCalls=129 nudgeMsg=no
[2026-08-08T05:38:24.344Z] LiveUpdateForge: EndTurn fallback flush
[2026-08-08T05:38:24.344Z] onEndTurn: naturalStop=false toolCalls=129 nudgeMsg=no
[2026-08-08T05:38:24.407Z] LiveUpdateForge: AfterToolExec flush
[2026-08-08T05:38:24.433Z] InitialReadForge.onBeforeSend: SKIP (fr=true syn=false hasRead=true)
[2026-08-08T05:38:29.376Z] LiveUpdateForge: EndTurn fallback flush
[2026-08-08T05:38:29.377Z] onEndTurn: naturalStop=undefined toolCalls=130 nudgeMsg=no
[2026-08-08T05:38:29.377Z] LiveUpdateForge: EndTurn fallback flush
[2026-08-08T05:38:29.377Z] onEndTurn: naturalStop=false toolCalls=130 nudgeMsg=no
[2026-08-08T05:38:29.441Z] LiveUpdateForge: AfterToolExec flush
[2026-08-08T05:38:29.469Z] InitialReadForge.onBeforeSend: SKIP (fr=true syn=false hasRead=true)
[2026-08-08T05:38:30.929Z] LiveUpdateForge: EndTurn fallback flush
[2026-08-08T05:38:30.929Z] onEndTurn: naturalStop=undefined toolCalls=131 nudgeMsg=no
[2026-08-08T05:38:30.929Z] LiveUpdateForge: EndTurn fallback flush
[2026-08-08T05:38:30.929Z] onEndTurn: naturalStop=false toolCalls=131 nudgeMsg=no
[2026-08-08T05:38:36.244Z] LiveUpdateForge: AfterToolExec flush
[2026-08-08T05:38:36.275Z] InitialReadForge.onBeforeSend: SKIP (fr=true syn=false hasRead=true)
[2026-08-08T05:38:38.114Z] LiveUpdateForge: EndTurn fallback flush
[2026-08-08T05:38:38.115Z] onEndTurn: naturalStop=undefined toolCalls=132 nudgeMsg=no
[2026-08-08T05:38:38.115Z] LiveUpdateForge: EndTurn fallback flush
[2026-08-08T05:38:38.115Z] onEndTurn: naturalStop=false toolCalls=132 nudgeMsg=no
[2026-08-08T05:38:51.409Z] LiveUpdateForge: AfterToolExec flush
[2026-08-08T05:38:51.463Z] InitialReadForge.onBeforeSend: SKIP (fr=true syn=false hasRead=true)
[2026-08-08T05:38:53.118Z] LiveUpdateForge: EndTurn fallback flush
[2026-08-08T05:38:53.118Z] onEndTurn: naturalStop=undefined toolCalls=133 nudgeMsg=no
[2026-08-08T05:38:53.118Z] LiveUpdateForge: EndTurn fallback flush
[2026-08-08T05:38:53.118Z] onEndTurn: naturalStop=false toolCalls=133 nudgeMsg=no
[2026-08-08T05:38:54.496Z] LiveUpdateForge: AfterToolExec flush
[2026-08-08T05:38:54.526Z] InitialReadForge.onBeforeSend: SKIP (fr=true syn=false hasRead=true)
[2026-08-08T05:39:04.655Z] LiveUpdateForge: EndTurn fallback flush
[2026-08-08T05:39:04.655Z] onEndTurn: naturalStop=undefined toolCalls=134 nudgeMsg=no
[2026-08-08T05:39:04.656Z] LiveUpdateForge: EndTurn fallback flush
[2026-08-08T05:39:04.656Z] onEndTurn: naturalStop=false toolCalls=134 nudgeMsg=no
[2026-08-08T05:39:04.684Z] LiveUpdateForge: AfterToolExec flush
[2026-08-08T05:39:04.711Z] InitialReadForge.onBeforeSend: SKIP (fr=true syn=false hasRead=true)
[2026-08-08T05:39:07.152Z] LiveUpdateForge: EndTurn fallback flush
[2026-08-08T05:39:07.152Z] onEndTurn: naturalStop=undefined toolCalls=135 nudgeMsg=no
[2026-08-08T05:39:07.152Z] LiveUpdateForge: EndTurn fallback flush
[2026-08-08T05:39:07.152Z] onEndTurn: naturalStop=false toolCalls=135 nudgeMsg=no
[2026-08-08T05:39:13.184Z] LiveUpdateForge: AfterToolExec flush
[2026-08-08T05:39:13.220Z] InitialReadForge.onBeforeSend: SKIP (fr=true syn=false hasRead=true)
[2026-08-08T05:39:15.007Z] LiveUpdateForge: EndTurn fallback flush
[2026-08-08T05:39:15.008Z] onEndTurn: naturalStop=undefined toolCalls=136 nudgeMsg=no
[2026-08-08T05:39:15.008Z] LiveUpdateForge: EndTurn fallback flush
[2026-08-08T05:39:15.008Z] onEndTurn: naturalStop=false toolCalls=136 nudgeMsg=no
[2026-08-08T05:39:15.011Z] LiveUpdateForge: AfterToolExec flush
[2026-08-08T05:39:15.038Z] InitialReadForge.onBeforeSend: SKIP (fr=true syn=false hasRead=true)
[2026-08-08T05:39:16.851Z] LiveUpdateForge: EndTurn fallback flush
[2026-08-08T05:39:16.851Z] onEndTurn: naturalStop=undefined toolCalls=137 nudgeMsg=no
[2026-08-08T05:39:16.851Z] LiveUpdateForge: EndTurn fallback flush
[2026-08-08T05:39:16.851Z] onEndTurn: naturalStop=false toolCalls=137 nudgeMsg=no
[2026-08-08T05:39:16.854Z] LiveUpdateForge: AfterToolExec flush
[2026-08-08T05:39:16.881Z] InitialReadForge.onBeforeSend: SKIP (fr=true syn=false hasRead=true)
[2026-08-08T05:39:18.444Z] LiveUpdateForge: EndTurn fallback flush
[2026-08-08T05:39:18.444Z] onEndTurn: naturalStop=undefined toolCalls=138 nudgeMsg=no
[2026-08-08T05:39:18.445Z] LiveUpdateForge: EndTurn fallback flush
[2026-08-08T05:39:18.445Z] onEndTurn: naturalStop=false toolCalls=138 nudgeMsg=no
[2026-08-08T05:39:18.453Z] LiveUpdateForge: AfterToolExec flush
[2026-08-08T05:39:18.483Z] InitialReadForge.onBeforeSend: SKIP (fr=true syn=false hasRead=true)
[2026-08-08T05:39:25.573Z] LiveUpdateForge: EndTurn fallback flush
[2026-08-08T05:39:25.578Z] onEndTurn: naturalStop=undefined toolCalls=139 nudgeMsg=no
[2026-08-08T05:39:25.578Z] LiveUpdateForge: EndTurn fallback flush
[2026-08-08T05:39:25.578Z] onEndTurn: naturalStop=false toolCalls=139 nudgeMsg=no
[2026-08-08T05:39:25.650Z] LiveUpdateForge: AfterToolExec flush
[2026-08-08T05:39:25.681Z] InitialReadForge.onBeforeSend: SKIP (fr=true syn=false hasRead=true)
[2026-08-08T05:39:28.040Z] LiveUpdateForge: EndTurn fallback flush
[2026-08-08T05:39:28.041Z] onEndTurn: naturalStop=undefined toolCalls=140 nudgeMsg=no
[2026-08-08T05:39:28.041Z] LiveUpdateForge: EndTurn fallback flush
[2026-08-08T05:39:28.041Z] onEndTurn: naturalStop=false toolCalls=140 nudgeMsg=no
[2026-08-08T05:39:28.134Z] LiveUpdateForge: AfterToolExec flush
[2026-08-08T05:39:28.163Z] InitialReadForge.onBeforeSend: SKIP (fr=true syn=false hasRead=true)
[2026-08-08T05:39:29.894Z] LiveUpdateForge: EndTurn fallback flush
[2026-08-08T05:39:29.894Z] onEndTurn: naturalStop=undefined toolCalls=141 nudgeMsg=no
[2026-08-08T05:39:29.894Z] LiveUpdateForge: EndTurn fallback flush
[2026-08-08T05:39:29.895Z] onEndTurn: naturalStop=false toolCalls=141 nudgeMsg=no
[2026-08-08T05:39:29.900Z] LiveUpdateForge: AfterToolExec flush
[2026-08-08T05:39:29.929Z] InitialReadForge.onBeforeSend: SKIP (fr=true syn=false hasRead=true)
[2026-08-08T05:39:47.923Z] LiveUpdateForge: EndTurn fallback flush
[2026-08-08T05:39:47.923Z] onEndTurn: naturalStop=undefined toolCalls=142 nudgeMsg=no
[2026-08-08T05:39:47.923Z] LiveUpdateForge: EndTurn fallback flush
[2026-08-08T05:39:47.923Z] onEndTurn: naturalStop=false toolCalls=142 nudgeMsg=no
[2026-08-08T05:39:48.002Z] LiveUpdateForge: AfterToolExec flush
[2026-08-08T05:39:48.027Z] InitialReadForge.onBeforeSend: SKIP (fr=true syn=false hasRead=true)
[2026-08-08T05:39:52.641Z] LiveUpdateForge: EndTurn fallback flush
[2026-08-08T05:39:52.641Z] onEndTurn: naturalStop=undefined toolCalls=143 nudgeMsg=no
[2026-08-08T05:39:52.641Z] LiveUpdateForge: EndTurn fallback flush
[2026-08-08T05:39:52.642Z] onEndTurn: naturalStop=false toolCalls=143 nudgeMsg=no
[2026-08-08T05:39:57.955Z] LiveUpdateForge: AfterToolExec flush
[2026-08-08T05:39:57.989Z] InitialReadForge.onBeforeSend: SKIP (fr=true syn=false hasRead=true)
[2026-08-08T05:40:08.438Z] LiveUpdateForge: EndTurn fallback flush
[2026-08-08T05:40:08.438Z] onEndTurn: naturalStop=undefined toolCalls=144 nudgeMsg=no
[2026-08-08T05:40:08.439Z] LiveUpdateForge: EndTurn fallback flush
[2026-08-08T05:40:08.439Z] onEndTurn: naturalStop=false toolCalls=144 nudgeMsg=no
[2026-08-08T05:40:14.267Z] LiveUpdateForge: AfterToolExec flush
[2026-08-08T05:40:14.303Z] InitialReadForge.onBeforeSend: SKIP (fr=true syn=false hasRead=true)
[2026-08-08T05:40:16.456Z] LiveUpdateForge: EndTurn fallback flush
[2026-08-08T05:40:16.456Z] onEndTurn: naturalStop=undefined toolCalls=145 nudgeMsg=no
[2026-08-08T05:40:16.456Z] LiveUpdateForge: EndTurn fallback flush
[2026-08-08T05:40:16.456Z] onEndTurn: naturalStop=false toolCalls=145 nudgeMsg=no
[2026-08-08T05:40:29.288Z] LiveUpdateForge: AfterToolExec flush
[2026-08-08T05:40:29.319Z] InitialReadForge.onBeforeSend: SKIP (fr=true syn=false hasRead=true)
[2026-08-08T05:40:31.352Z] LiveUpdateForge: EndTurn fallback flush
[2026-08-08T05:40:31.352Z] onEndTurn: naturalStop=undefined toolCalls=146 nudgeMsg=no
[2026-08-08T05:40:31.352Z] LiveUpdateForge: EndTurn fallback flush
[2026-08-08T05:40:31.353Z] onEndTurn: naturalStop=false toolCalls=146 nudgeMsg=no
[2026-08-08T05:40:32.594Z] LiveUpdateForge: AfterToolExec flush
[2026-08-08T05:40:32.622Z] InitialReadForge.onBeforeSend: SKIP (fr=true syn=false hasRead=true)
[2026-08-08T05:40:35.792Z] LiveUpdateForge: EndTurn fallback flush
[2026-08-08T05:40:35.792Z] onEndTurn: naturalStop=undefined toolCalls=147 nudgeMsg=no
[2026-08-08T05:40:35.793Z] LiveUpdateForge: EndTurn fallback flush
[2026-08-08T05:40:35.793Z] onEndTurn: naturalStop=false toolCalls=147 nudgeMsg=no
[2026-08-08T05:40:35.845Z] LiveUpdateForge: AfterToolExec flush
[2026-08-08T05:40:35.872Z] InitialReadForge.onBeforeSend: SKIP (fr=true syn=false hasRead=true)
[2026-08-08T05:40:38.567Z] LiveUpdateForge: EndTurn fallback flush
[2026-08-08T05:40:38.567Z] onEndTurn: naturalStop=undefined toolCalls=148 nudgeMsg=no
[2026-08-08T05:40:38.567Z] LiveUpdateForge: EndTurn fallback flush
[2026-08-08T05:40:38.567Z] onEndTurn: naturalStop=false toolCalls=148 nudgeMsg=no
[2026-08-08T05:40:46.753Z] LiveUpdateForge: AfterToolExec flush
[2026-08-08T05:40:46.783Z] InitialReadForge.onBeforeSend: SKIP (fr=true syn=false hasRead=true)
[2026-08-08T05:40:48.837Z] LiveUpdateForge: EndTurn fallback flush
[2026-08-08T05:40:48.837Z] onEndTurn: naturalStop=undefined toolCalls=149 nudgeMsg=no
[2026-08-08T05:40:48.838Z] LiveUpdateForge: EndTurn fallback flush
[2026-08-08T05:40:48.838Z] onEndTurn: naturalStop=false toolCalls=149 nudgeMsg=no
[2026-08-08T05:40:48.841Z] LiveUpdateForge: AfterToolExec flush
[2026-08-08T05:40:48.869Z] InitialReadForge.onBeforeSend: SKIP (fr=true syn=false hasRead=true)
[2026-08-08T05:40:50.769Z] LiveUpdateForge: EndTurn fallback flush
[2026-08-08T05:40:50.769Z] onEndTurn: naturalStop=undefined toolCalls=150 nudgeMsg=no
[2026-08-08T05:40:50.769Z] LiveUpdateForge: EndTurn fallback flush
[2026-08-08T05:40:50.769Z] onEndTurn: naturalStop=false toolCalls=150 nudgeMsg=no
[2026-08-08T05:40:50.772Z] LiveUpdateForge: AfterToolExec flush
[2026-08-08T05:40:50.798Z] InitialReadForge.onBeforeSend: SKIP (fr=true syn=false hasRead=true)
[2026-08-08T05:40:52.444Z] LiveUpdateForge: EndTurn fallback flush
[2026-08-08T05:40:52.444Z] onEndTurn: naturalStop=undefined toolCalls=151 nudgeMsg=no
[2026-08-08T05:40:52.444Z] LiveUpdateForge: EndTurn fallback flush
[2026-08-08T05:40:52.444Z] onEndTurn: naturalStop=false toolCalls=151 nudgeMsg=no
[2026-08-08T05:40:52.451Z] LiveUpdateForge: AfterToolExec flush
[2026-08-08T05:40:52.479Z] InitialReadForge.onBeforeSend: SKIP (fr=true syn=false hasRead=true)
[2026-08-08T05:40:56.067Z] LiveUpdateForge: EndTurn fallback flush
[2026-08-08T05:40:56.067Z] onEndTurn: naturalStop=undefined toolCalls=152 nudgeMsg=no
[2026-08-08T05:40:56.068Z] LiveUpdateForge: EndTurn fallback flush
[2026-08-08T05:40:56.068Z] onEndTurn: naturalStop=false toolCalls=152 nudgeMsg=no
[2026-08-08T05:40:56.123Z] LiveUpdateForge: AfterToolExec flush
[2026-08-08T05:40:56.151Z] InitialReadForge.onBeforeSend: SKIP (fr=true syn=false hasRead=true)
[2026-08-08T05:40:58.616Z] LiveUpdateForge: EndTurn fallback flush
[2026-08-08T05:40:58.616Z] onEndTurn: naturalStop=undefined toolCalls=153 nudgeMsg=no
[2026-08-08T05:40:58.616Z] LiveUpdateForge: EndTurn fallback flush
[2026-08-08T05:40:58.616Z] onEndTurn: naturalStop=false toolCalls=153 nudgeMsg=no
[2026-08-08T05:40:58.675Z] LiveUpdateForge: AfterToolExec flush
[2026-08-08T05:40:58.703Z] InitialReadForge.onBeforeSend: SKIP (fr=true syn=false hasRead=true)
[2026-08-08T05:41:00.704Z] LiveUpdateForge: EndTurn fallback flush
[2026-08-08T05:41:00.704Z] onEndTurn: naturalStop=undefined toolCalls=154 nudgeMsg=no
[2026-08-08T05:41:00.705Z] LiveUpdateForge: EndTurn fallback flush
[2026-08-08T05:41:00.705Z] onEndTurn: naturalStop=false toolCalls=154 nudgeMsg=no
[2026-08-08T05:41:00.758Z] LiveUpdateForge: AfterToolExec flush
[2026-08-08T05:41:00.784Z] InitialReadForge.onBeforeSend: SKIP (fr=true syn=false hasRead=true)
[2026-08-08T05:41:04.409Z] LiveUpdateForge: EndTurn fallback flush
[2026-08-08T05:41:04.410Z] onEndTurn: naturalStop=undefined toolCalls=155 nudgeMsg=no
[2026-08-08T05:41:04.410Z] LiveUpdateForge: EndTurn fallback flush
[2026-08-08T05:41:04.410Z] onEndTurn: naturalStop=false toolCalls=155 nudgeMsg=no
[2026-08-08T05:41:04.447Z] LiveUpdateForge: AfterToolExec flush
[2026-08-08T05:41:04.473Z] InitialReadForge.onBeforeSend: SKIP (fr=true syn=false hasRead=true)
[2026-08-08T05:41:28.139Z] LiveUpdateForge: EndTurn fallback flush
[2026-08-08T05:41:28.139Z] onEndTurn: naturalStop=undefined toolCalls=156 nudgeMsg=no
[2026-08-08T05:41:28.139Z] LiveUpdateForge: EndTurn fallback flush
[2026-08-08T05:41:28.139Z] onEndTurn: naturalStop=false toolCalls=156 nudgeMsg=no
[2026-08-08T05:41:28.193Z] LiveUpdateForge: AfterToolExec flush
[2026-08-08T05:41:28.221Z] InitialReadForge.onBeforeSend: SKIP (fr=true syn=false hasRead=true)
[2026-08-08T05:41:31.119Z] LiveUpdateForge: EndTurn fallback flush
[2026-08-08T05:41:31.119Z] onEndTurn: naturalStop=undefined toolCalls=157 nudgeMsg=no
[2026-08-08T05:41:31.119Z] LiveUpdateForge: EndTurn fallback flush
[2026-08-08T05:41:31.120Z] onEndTurn: naturalStop=false toolCalls=157 nudgeMsg=no
[2026-08-08T05:41:31.168Z] LiveUpdateForge: AfterToolExec flush
[2026-08-08T05:41:31.196Z] InitialReadForge.onBeforeSend: SKIP (fr=true syn=false hasRead=true)
[2026-08-08T05:41:34.973Z] LiveUpdateForge: EndTurn fallback flush
[2026-08-08T05:41:34.973Z] onEndTurn: naturalStop=undefined toolCalls=158 nudgeMsg=no
[2026-08-08T05:41:34.974Z] LiveUpdateForge: EndTurn fallback flush
[2026-08-08T05:41:34.974Z] onEndTurn: naturalStop=false toolCalls=158 nudgeMsg=no
[2026-08-08T05:41:35.018Z] LiveUpdateForge: AfterToolExec flush
[2026-08-08T05:41:35.051Z] InitialReadForge.onBeforeSend: SKIP (fr=true syn=false hasRead=true)
[2026-08-08T05:41:38.185Z] LiveUpdateForge: EndTurn fallback flush
[2026-08-08T05:41:38.185Z] onEndTurn: naturalStop=undefined toolCalls=159 nudgeMsg=no
[2026-08-08T05:41:38.185Z] LiveUpdateForge: EndTurn fallback flush
[2026-08-08T05:41:38.186Z] onEndTurn: naturalStop=false toolCalls=159 nudgeMsg=no
[2026-08-08T05:41:38.237Z] LiveUpdateForge: AfterToolExec flush
[2026-08-08T05:41:38.265Z] InitialReadForge.onBeforeSend: SKIP (fr=true syn=false hasRead=true)
[2026-08-08T05:41:41.987Z] LiveUpdateForge: EndTurn fallback flush
[2026-08-08T05:41:41.987Z] onEndTurn: naturalStop=undefined toolCalls=160 nudgeMsg=no
[2026-08-08T05:41:41.987Z] LiveUpdateForge: EndTurn fallback flush
[2026-08-08T05:41:41.987Z] onEndTurn: naturalStop=false toolCalls=160 nudgeMsg=no
[2026-08-08T05:41:41.994Z] LiveUpdateForge: AfterToolExec flush
[2026-08-08T05:41:42.023Z] InitialReadForge.onBeforeSend: SKIP (fr=true syn=false hasRead=true)
[2026-08-08T05:41:48.113Z] LiveUpdateForge: EndTurn fallback flush
[2026-08-08T05:41:48.113Z] onEndTurn: naturalStop=undefined toolCalls=161 nudgeMsg=no
[2026-08-08T05:41:48.113Z] LiveUpdateForge: EndTurn fallback flush
[2026-08-08T05:41:48.113Z] onEndTurn: naturalStop=false toolCalls=161 nudgeMsg=no
[2026-08-08T05:41:48.199Z] LiveUpdateForge: AfterToolExec flush
[2026-08-08T05:41:48.225Z] InitialReadForge.onBeforeSend: SKIP (fr=true syn=false hasRead=true)
[2026-08-08T05:41:50.500Z] LiveUpdateForge: EndTurn fallback flush
[2026-08-08T05:41:50.500Z] onEndTurn: naturalStop=undefined toolCalls=162 nudgeMsg=no
[2026-08-08T05:41:50.501Z] LiveUpdateForge: EndTurn fallback flush
[2026-08-08T05:41:50.501Z] onEndTurn: naturalStop=false toolCalls=162 nudgeMsg=no
[2026-08-08T05:41:55.811Z] LiveUpdateForge: AfterToolExec flush
[2026-08-08T05:41:55.848Z] InitialReadForge.onBeforeSend: SKIP (fr=true syn=false hasRead=true)
[2026-08-08T05:41:57.781Z] LiveUpdateForge: EndTurn fallback flush
[2026-08-08T05:41:57.781Z] onEndTurn: naturalStop=undefined toolCalls=163 nudgeMsg=no
[2026-08-08T05:41:57.781Z] LiveUpdateForge: EndTurn fallback flush
[2026-08-08T05:41:57.782Z] onEndTurn: naturalStop=false toolCalls=163 nudgeMsg=no
[2026-08-08T05:42:11.602Z] LiveUpdateForge: AfterToolExec flush
[2026-08-08T05:42:11.640Z] InitialReadForge.onBeforeSend: SKIP (fr=true syn=false hasRead=true)
[2026-08-08T05:42:15.247Z] LiveUpdateForge: EndTurn fallback flush
[2026-08-08T05:42:15.247Z] onEndTurn: naturalStop=undefined toolCalls=164 nudgeMsg=no
[2026-08-08T05:42:15.247Z] LiveUpdateForge: EndTurn fallback flush
[2026-08-08T05:42:15.247Z] onEndTurn: naturalStop=false toolCalls=164 nudgeMsg=no
[2026-08-08T05:42:15.313Z] LiveUpdateForge: AfterToolExec flush
[2026-08-08T05:42:15.345Z] InitialReadForge.onBeforeSend: SKIP (fr=true syn=false hasRead=true)
[2026-08-08T05:42:19.982Z] LiveUpdateForge: EndTurn fallback flush
[2026-08-08T05:42:19.983Z] onEndTurn: naturalStop=undefined toolCalls=165 nudgeMsg=no
[2026-08-08T05:42:19.983Z] LiveUpdateForge: EndTurn fallback flush
[2026-08-08T05:42:19.983Z] onEndTurn: naturalStop=false toolCalls=165 nudgeMsg=no
[2026-08-08T05:42:19.990Z] LiveUpdateForge: AfterToolExec flush
[2026-08-08T05:42:20.022Z] InitialReadForge.onBeforeSend: SKIP (fr=true syn=false hasRead=true)
[2026-08-08T05:42:21.663Z] LiveUpdateForge: EndTurn fallback flush
[2026-08-08T05:42:21.664Z] onEndTurn: naturalStop=undefined toolCalls=166 nudgeMsg=no
[2026-08-08T05:42:21.664Z] LiveUpdateForge: EndTurn fallback flush
[2026-08-08T05:42:21.664Z] onEndTurn: naturalStop=false toolCalls=166 nudgeMsg=no
[2026-08-08T05:42:21.717Z] LiveUpdateForge: AfterToolExec flush
[2026-08-08T05:42:21.745Z] InitialReadForge.onBeforeSend: SKIP (fr=true syn=false hasRead=true)
[2026-08-08T05:42:23.326Z] LiveUpdateForge: EndTurn fallback flush
[2026-08-08T05:42:23.326Z] onEndTurn: naturalStop=undefined toolCalls=167 nudgeMsg=no
[2026-08-08T05:42:23.326Z] LiveUpdateForge: EndTurn fallback flush
[2026-08-08T05:42:23.326Z] onEndTurn: naturalStop=false toolCalls=167 nudgeMsg=no
[2026-08-08T05:42:23.448Z] LiveUpdateForge: AfterToolExec flush
[2026-08-08T05:42:23.477Z] InitialReadForge.onBeforeSend: SKIP (fr=true syn=false hasRead=true)
[2026-08-08T05:42:25.108Z] LiveUpdateForge: EndTurn fallback flush
[2026-08-08T05:42:25.108Z] onEndTurn: naturalStop=undefined toolCalls=168 nudgeMsg=no
[2026-08-08T05:42:25.109Z] LiveUpdateForge: EndTurn fallback flush
[2026-08-08T05:42:25.109Z] onEndTurn: naturalStop=false toolCalls=168 nudgeMsg=no
[2026-08-08T05:42:25.166Z] LiveUpdateForge: AfterToolExec flush
[2026-08-08T05:42:25.195Z] InitialReadForge.onBeforeSend: SKIP (fr=true syn=false hasRead=true)
[2026-08-08T05:42:28.287Z] LiveUpdateForge: EndTurn fallback flush
[2026-08-08T05:42:28.287Z] onEndTurn: naturalStop=undefined toolCalls=169 nudgeMsg=no
[2026-08-08T05:42:28.287Z] LiveUpdateForge: EndTurn fallback flush
[2026-08-08T05:42:28.287Z] onEndTurn: naturalStop=false toolCalls=169 nudgeMsg=no
[2026-08-08T05:42:28.317Z] InitialReadForge.onBeforeSend: SKIP (fr=true syn=false hasRead=true)
[2026-08-08T05:42:30.256Z] LiveUpdateForge: EndTurn fallback flush
[2026-08-08T05:42:30.256Z] onEndTurn: naturalStop=undefined toolCalls=169 nudgeMsg=no
[2026-08-08T05:42:30.257Z] LiveUpdateForge: EndTurn fallback flush
[2026-08-08T05:42:30.257Z] onEndTurn: naturalStop=false toolCalls=169 nudgeMsg=no
[2026-08-08T05:42:30.263Z] LiveUpdateForge: AfterToolExec flush
[2026-08-08T05:42:30.290Z] InitialReadForge.onBeforeSend: SKIP (fr=true syn=false hasRead=true)
[2026-08-08T05:42:33.265Z] LiveUpdateForge: EndTurn fallback flush
[2026-08-08T05:42:33.265Z] onEndTurn: naturalStop=undefined toolCalls=170 nudgeMsg=no
[2026-08-08T05:42:33.265Z] LiveUpdateForge: EndTurn fallback flush
[2026-08-08T05:42:33.265Z] onEndTurn: naturalStop=false toolCalls=170 nudgeMsg=no
[2026-08-08T05:42:33.271Z] LiveUpdateForge: AfterToolExec flush
[2026-08-08T05:42:33.300Z] InitialReadForge.onBeforeSend: SKIP (fr=true syn=false hasRead=true)
[2026-08-08T05:42:36.179Z] LiveUpdateForge: EndTurn fallback flush
[2026-08-08T05:42:36.179Z] onEndTurn: naturalStop=undefined toolCalls=171 nudgeMsg=no
[2026-08-08T05:42:36.180Z] LiveUpdateForge: EndTurn fallback flush
[2026-08-08T05:42:36.180Z] onEndTurn: naturalStop=false toolCalls=171 nudgeMsg=no
[2026-08-08T05:42:36.227Z] LiveUpdateForge: AfterToolExec flush
[2026-08-08T05:42:36.256Z] InitialReadForge.onBeforeSend: SKIP (fr=true syn=false hasRead=true)
[2026-08-08T05:42:39.992Z] LiveUpdateForge: EndTurn fallback flush
[2026-08-08T05:42:39.993Z] onEndTurn: naturalStop=undefined toolCalls=172 nudgeMsg=no
[2026-08-08T05:42:39.993Z] LiveUpdateForge: EndTurn fallback flush
[2026-08-08T05:42:39.993Z] onEndTurn: naturalStop=false toolCalls=172 nudgeMsg=no
[2026-08-08T05:42:40.043Z] LiveUpdateForge: AfterToolExec flush
[2026-08-08T05:42:40.075Z] InitialReadForge.onBeforeSend: SKIP (fr=true syn=false hasRead=true)
[2026-08-08T05:42:46.801Z] LiveUpdateForge: EndTurn fallback flush
[2026-08-08T05:42:46.802Z] onEndTurn: naturalStop=undefined toolCalls=173 nudgeMsg=no
[2026-08-08T05:42:46.802Z] LiveUpdateForge: EndTurn fallback flush
[2026-08-08T05:42:46.802Z] onEndTurn: naturalStop=false toolCalls=173 nudgeMsg=no
[2026-08-08T05:42:50.724Z] LiveUpdateForge: AfterToolExec flush
[2026-08-08T05:42:50.756Z] InitialReadForge.onBeforeSend: SKIP (fr=true syn=false hasRead=true)
[2026-08-08T05:42:53.006Z] LiveUpdateForge: EndTurn fallback flush
[2026-08-08T05:42:53.006Z] onEndTurn: naturalStop=undefined toolCalls=174 nudgeMsg=no
[2026-08-08T05:42:53.006Z] LiveUpdateForge: EndTurn fallback flush
[2026-08-08T05:42:53.006Z] onEndTurn: naturalStop=false toolCalls=174 nudgeMsg=no
[2026-08-08T05:43:06.077Z] LiveUpdateForge: AfterToolExec flush
[2026-08-08T05:43:06.113Z] InitialReadForge.onBeforeSend: SKIP (fr=true syn=false hasRead=true)
[2026-08-08T05:43:08.447Z] LiveUpdateForge: EndTurn fallback flush
[2026-08-08T05:43:08.448Z] onEndTurn: naturalStop=undefined toolCalls=175 nudgeMsg=no
[2026-08-08T05:43:08.448Z] LiveUpdateForge: EndTurn fallback flush
[2026-08-08T05:43:08.448Z] onEndTurn: naturalStop=false toolCalls=175 nudgeMsg=no
[2026-08-08T05:43:09.613Z] LiveUpdateForge: AfterToolExec flush
[2026-08-08T05:43:09.644Z] InitialReadForge.onBeforeSend: SKIP (fr=true syn=false hasRead=true)
[2026-08-08T05:43:12.830Z] LiveUpdateForge: EndTurn fallback flush
[2026-08-08T05:43:12.831Z] onEndTurn: naturalStop=undefined toolCalls=176 nudgeMsg=no
[2026-08-08T05:43:12.831Z] LiveUpdateForge: EndTurn fallback flush
[2026-08-08T05:43:12.831Z] onEndTurn: naturalStop=false toolCalls=176 nudgeMsg=no
[2026-08-08T05:43:12.874Z] LiveUpdateForge: AfterToolExec flush
[2026-08-08T05:43:12.904Z] InitialReadForge.onBeforeSend: SKIP (fr=true syn=false hasRead=true)
[2026-08-08T05:43:15.179Z] LiveUpdateForge: EndTurn fallback flush
[2026-08-08T05:43:15.179Z] onEndTurn: naturalStop=undefined toolCalls=177 nudgeMsg=no
[2026-08-08T05:43:15.179Z] LiveUpdateForge: EndTurn fallback flush
[2026-08-08T05:43:15.179Z] onEndTurn: naturalStop=false toolCalls=177 nudgeMsg=no
[2026-08-08T05:43:20.838Z] LiveUpdateForge: AfterToolExec flush
[2026-08-08T05:43:20.871Z] InitialReadForge.onBeforeSend: SKIP (fr=true syn=false hasRead=true)
[2026-08-08T05:43:22.783Z] LiveUpdateForge: EndTurn fallback flush
[2026-08-08T05:43:22.783Z] onEndTurn: naturalStop=undefined toolCalls=178 nudgeMsg=no
[2026-08-08T05:43:22.784Z] LiveUpdateForge: EndTurn fallback flush
[2026-08-08T05:43:22.784Z] onEndTurn: naturalStop=false toolCalls=178 nudgeMsg=no
[2026-08-08T05:43:22.786Z] LiveUpdateForge: AfterToolExec flush
[2026-08-08T05:43:22.818Z] InitialReadForge.onBeforeSend: SKIP (fr=true syn=false hasRead=true)
[2026-08-08T05:43:25.177Z] LiveUpdateForge: EndTurn fallback flush
[2026-08-08T05:43:25.177Z] onEndTurn: naturalStop=undefined toolCalls=179 nudgeMsg=no
[2026-08-08T05:43:25.177Z] LiveUpdateForge: EndTurn fallback flush
[2026-08-08T05:43:25.177Z] onEndTurn: naturalStop=false toolCalls=179 nudgeMsg=no
[2026-08-08T05:43:25.180Z] LiveUpdateForge: AfterToolExec flush
[2026-08-08T05:43:25.211Z] InitialReadForge.onBeforeSend: SKIP (fr=true syn=false hasRead=true)
[2026-08-08T05:43:27.554Z] LiveUpdateForge: EndTurn fallback flush
[2026-08-08T05:43:27.554Z] onEndTurn: naturalStop=undefined toolCalls=180 nudgeMsg=no
[2026-08-08T05:43:27.555Z] LiveUpdateForge: EndTurn fallback flush
[2026-08-08T05:43:27.555Z] onEndTurn: naturalStop=false toolCalls=180 nudgeMsg=no
[2026-08-08T05:43:27.560Z] LiveUpdateForge: AfterToolExec flush
[2026-08-08T05:43:27.594Z] InitialReadForge.onBeforeSend: SKIP (fr=true syn=false hasRead=true)
[2026-08-08T05:43:34.513Z] LiveUpdateForge: EndTurn fallback flush
[2026-08-08T05:43:34.513Z] onEndTurn: naturalStop=undefined toolCalls=181 nudgeMsg=no
[2026-08-08T05:43:34.513Z] LiveUpdateForge: EndTurn fallback flush
[2026-08-08T05:43:34.513Z] onEndTurn: naturalStop=false toolCalls=181 nudgeMsg=no
[2026-08-08T05:43:34.577Z] LiveUpdateForge: AfterToolExec flush
[2026-08-08T05:43:34.607Z] InitialReadForge.onBeforeSend: SKIP (fr=true syn=false hasRead=true)
[2026-08-08T05:43:36.573Z] LiveUpdateForge: EndTurn fallback flush
[2026-08-08T05:43:36.573Z] onEndTurn: naturalStop=undefined toolCalls=182 nudgeMsg=no
[2026-08-08T05:43:36.574Z] LiveUpdateForge: EndTurn fallback flush
[2026-08-08T05:43:36.574Z] onEndTurn: naturalStop=false toolCalls=182 nudgeMsg=no
[2026-08-08T05:43:36.624Z] LiveUpdateForge: AfterToolExec flush
[2026-08-08T05:43:36.652Z] InitialReadForge.onBeforeSend: SKIP (fr=true syn=false hasRead=true)
[2026-08-08T05:44:00.970Z] LiveUpdateForge: EndTurn fallback flush
[2026-08-08T05:44:00.970Z] onEndTurn: naturalStop=undefined toolCalls=183 nudgeMsg=no
[2026-08-08T05:44:00.970Z] LiveUpdateForge: EndTurn fallback flush
[2026-08-08T05:44:00.971Z] onEndTurn: naturalStop=false toolCalls=183 nudgeMsg=no
[2026-08-08T05:44:01.125Z] LiveUpdateForge: AfterToolExec flush
[2026-08-08T05:44:01.154Z] InitialReadForge.onBeforeSend: SKIP (fr=true syn=false hasRead=true)
[2026-08-08T05:44:04.372Z] LiveUpdateForge: EndTurn fallback flush
[2026-08-08T05:44:04.372Z] onEndTurn: naturalStop=undefined toolCalls=184 nudgeMsg=no
[2026-08-08T05:44:04.373Z] LiveUpdateForge: EndTurn fallback flush
[2026-08-08T05:44:04.373Z] onEndTurn: naturalStop=false toolCalls=184 nudgeMsg=no
[2026-08-08T05:44:04.424Z] LiveUpdateForge: AfterToolExec flush
[2026-08-08T05:44:04.452Z] InitialReadForge.onBeforeSend: SKIP (fr=true syn=false hasRead=true)
[2026-08-08T05:44:09.181Z] LiveUpdateForge: EndTurn fallback flush
[2026-08-08T05:44:09.182Z] onEndTurn: naturalStop=undefined toolCalls=185 nudgeMsg=no
[2026-08-08T05:44:09.182Z] LiveUpdateForge: EndTurn fallback flush
[2026-08-08T05:44:09.182Z] onEndTurn: naturalStop=false toolCalls=185 nudgeMsg=no
[2026-08-08T05:44:09.232Z] LiveUpdateForge: AfterToolExec flush
[2026-08-08T05:44:09.263Z] InitialReadForge.onBeforeSend: SKIP (fr=true syn=false hasRead=true)
[2026-08-08T05:44:11.242Z] LiveUpdateForge: EndTurn fallback flush
[2026-08-08T05:44:11.243Z] onEndTurn: naturalStop=undefined toolCalls=186 nudgeMsg=no
[2026-08-08T05:44:11.243Z] LiveUpdateForge: EndTurn fallback flush
[2026-08-08T05:44:11.243Z] onEndTurn: naturalStop=false toolCalls=186 nudgeMsg=no
[2026-08-08T05:44:13.945Z] LiveUpdateForge: AfterToolExec flush
[2026-08-08T05:44:13.984Z] InitialReadForge.onBeforeSend: SKIP (fr=true syn=false hasRead=true)
[2026-08-08T05:44:17.229Z] LiveUpdateForge: EndTurn fallback flush
[2026-08-08T05:44:17.229Z] onEndTurn: naturalStop=undefined toolCalls=187 nudgeMsg=no
[2026-08-08T05:44:17.230Z] LiveUpdateForge: EndTurn fallback flush
[2026-08-08T05:44:17.230Z] onEndTurn: naturalStop=false toolCalls=187 nudgeMsg=no
[2026-08-08T05:44:17.259Z] LiveUpdateForge: AfterToolExec flush
[2026-08-08T05:44:17.298Z] InitialReadForge.onBeforeSend: SKIP (fr=true syn=false hasRead=true)
[2026-08-08T05:44:19.045Z] LiveUpdateForge: EndTurn fallback flush
[2026-08-08T05:44:19.046Z] onEndTurn: naturalStop=undefined toolCalls=188 nudgeMsg=no
[2026-08-08T05:44:19.046Z] LiveUpdateForge: EndTurn fallback flush
[2026-08-08T05:44:19.046Z] onEndTurn: naturalStop=false toolCalls=188 nudgeMsg=no
[2026-08-08T05:44:24.056Z] LiveUpdateForge: AfterToolExec flush
[2026-08-08T05:44:24.092Z] InitialReadForge.onBeforeSend: SKIP (fr=true syn=false hasRead=true)
[2026-08-08T05:44:26.540Z] LiveUpdateForge: EndTurn fallback flush
[2026-08-08T05:44:26.540Z] onEndTurn: naturalStop=undefined toolCalls=189 nudgeMsg=no
[2026-08-08T05:44:26.540Z] LiveUpdateForge: EndTurn fallback flush
[2026-08-08T05:44:26.540Z] onEndTurn: naturalStop=false toolCalls=189 nudgeMsg=no
[2026-08-08T05:44:39.814Z] LiveUpdateForge: AfterToolExec flush
[2026-08-08T05:44:39.858Z] InitialReadForge.onBeforeSend: SKIP (fr=true syn=false hasRead=true)
[2026-08-08T05:44:41.686Z] LiveUpdateForge: EndTurn fallback flush
[2026-08-08T05:44:41.686Z] onEndTurn: naturalStop=undefined toolCalls=190 nudgeMsg=no
[2026-08-08T05:44:41.686Z] LiveUpdateForge: EndTurn fallback flush
[2026-08-08T05:44:41.687Z] onEndTurn: naturalStop=false toolCalls=190 nudgeMsg=no
[2026-08-08T05:44:42.852Z] LiveUpdateForge: AfterToolExec flush
[2026-08-08T05:44:42.884Z] InitialReadForge.onBeforeSend: SKIP (fr=true syn=false hasRead=true)
[2026-08-08T05:44:45.464Z] LiveUpdateForge: EndTurn fallback flush
[2026-08-08T05:44:45.464Z] onEndTurn: naturalStop=undefined toolCalls=191 nudgeMsg=no
[2026-08-08T05:44:45.464Z] LiveUpdateForge: EndTurn fallback flush
[2026-08-08T05:44:45.464Z] onEndTurn: naturalStop=false toolCalls=191 nudgeMsg=no
[2026-08-08T05:44:45.505Z] LiveUpdateForge: AfterToolExec flush
[2026-08-08T05:44:45.533Z] InitialReadForge.onBeforeSend: SKIP (fr=true syn=false hasRead=true)
[2026-08-08T05:44:47.299Z] LiveUpdateForge: EndTurn fallback flush
[2026-08-08T05:44:47.299Z] onEndTurn: naturalStop=undefined toolCalls=192 nudgeMsg=no
[2026-08-08T05:44:47.299Z] LiveUpdateForge: EndTurn fallback flush
[2026-08-08T05:44:47.299Z] onEndTurn: naturalStop=false toolCalls=192 nudgeMsg=no
[2026-08-08T05:44:53.015Z] LiveUpdateForge: AfterToolExec flush
[2026-08-08T05:44:53.049Z] InitialReadForge.onBeforeSend: SKIP (fr=true syn=false hasRead=true)
[2026-08-08T05:44:54.641Z] LiveUpdateForge: EndTurn fallback flush
[2026-08-08T05:44:54.641Z] onEndTurn: naturalStop=undefined toolCalls=193 nudgeMsg=no
[2026-08-08T05:44:54.641Z] LiveUpdateForge: EndTurn fallback flush
[2026-08-08T05:44:54.642Z] onEndTurn: naturalStop=false toolCalls=193 nudgeMsg=no
[2026-08-08T05:44:54.645Z] LiveUpdateForge: AfterToolExec flush
[2026-08-08T05:44:54.675Z] InitialReadForge.onBeforeSend: SKIP (fr=true syn=false hasRead=true)
[2026-08-08T05:44:56.404Z] LiveUpdateForge: EndTurn fallback flush
[2026-08-08T05:44:56.404Z] onEndTurn: naturalStop=undefined toolCalls=194 nudgeMsg=no
[2026-08-08T05:44:56.405Z] LiveUpdateForge: EndTurn fallback flush
[2026-08-08T05:44:56.405Z] onEndTurn: naturalStop=false toolCalls=194 nudgeMsg=no
[2026-08-08T05:44:56.409Z] LiveUpdateForge: AfterToolExec flush
[2026-08-08T05:44:56.442Z] InitialReadForge.onBeforeSend: SKIP (fr=true syn=false hasRead=true)
[2026-08-08T05:44:59.281Z] LiveUpdateForge: EndTurn fallback flush
[2026-08-08T05:44:59.281Z] onEndTurn: naturalStop=undefined toolCalls=195 nudgeMsg=no
[2026-08-08T05:44:59.281Z] LiveUpdateForge: EndTurn fallback flush
[2026-08-08T05:44:59.281Z] onEndTurn: naturalStop=false toolCalls=195 nudgeMsg=no
[2026-08-08T05:44:59.287Z] LiveUpdateForge: AfterToolExec flush
[2026-08-08T05:44:59.322Z] InitialReadForge.onBeforeSend: SKIP (fr=true syn=false hasRead=true)
[2026-08-08T05:45:06.001Z] LiveUpdateForge: EndTurn fallback flush
[2026-08-08T05:45:06.002Z] onEndTurn: naturalStop=undefined toolCalls=196 nudgeMsg=no
[2026-08-08T05:45:06.002Z] LiveUpdateForge: EndTurn fallback flush
[2026-08-08T05:45:06.002Z] onEndTurn: naturalStop=false toolCalls=196 nudgeMsg=no
[2026-08-08T05:45:06.077Z] LiveUpdateForge: AfterToolExec flush
[2026-08-08T05:45:06.107Z] InitialReadForge.onBeforeSend: SKIP (fr=true syn=false hasRead=true)
[2026-08-08T05:45:11.656Z] LiveUpdateForge: EndTurn fallback flush
[2026-08-08T05:45:11.657Z] onEndTurn: naturalStop=undefined toolCalls=197 nudgeMsg=no
[2026-08-08T05:45:11.657Z] LiveUpdateForge: EndTurn fallback flush
[2026-08-08T05:45:11.657Z] onEndTurn: naturalStop=false toolCalls=197 nudgeMsg=no
[2026-08-08T05:45:11.743Z] LiveUpdateForge: AfterToolExec flush
[2026-08-08T05:45:11.772Z] InitialReadForge.onBeforeSend: SKIP (fr=true syn=false hasRead=true)
[2026-08-08T05:45:14.676Z] LiveUpdateForge: EndTurn fallback flush
[2026-08-08T05:45:14.676Z] onEndTurn: naturalStop=undefined toolCalls=198 nudgeMsg=no
[2026-08-08T05:45:14.676Z] LiveUpdateForge: EndTurn fallback flush
[2026-08-08T05:45:14.676Z] onEndTurn: naturalStop=false toolCalls=198 nudgeMsg=no
[2026-08-08T05:45:14.728Z] LiveUpdateForge: AfterToolExec flush
[2026-08-08T05:45:14.757Z] InitialReadForge.onBeforeSend: SKIP (fr=true syn=false hasRead=true)
[2026-08-08T05:45:17.380Z] LiveUpdateForge: EndTurn fallback flush
[2026-08-08T05:45:17.380Z] onEndTurn: naturalStop=undefined toolCalls=199 nudgeMsg=no
[2026-08-08T05:45:17.381Z] LiveUpdateForge: EndTurn fallback flush
[2026-08-08T05:45:17.381Z] onEndTurn: naturalStop=false toolCalls=199 nudgeMsg=no
[2026-08-08T05:45:17.388Z] LiveUpdateForge: AfterToolExec flush
[2026-08-08T05:45:17.418Z] InitialReadForge.onBeforeSend: SKIP (fr=true syn=false hasRead=true)
[2026-08-08T05:45:19.869Z] LiveUpdateForge: EndTurn fallback flush
[2026-08-08T05:45:19.869Z] onEndTurn: naturalStop=undefined toolCalls=200 nudgeMsg=no
[2026-08-08T05:45:19.869Z] LiveUpdateForge: EndTurn fallback flush
[2026-08-08T05:45:19.869Z] onEndTurn: naturalStop=false toolCalls=200 nudgeMsg=no
[2026-08-08T05:45:19.900Z] LiveUpdateForge: AfterToolExec flush
[2026-08-08T05:45:19.930Z] InitialReadForge.onBeforeSend: SKIP (fr=true syn=false hasRead=true)
[2026-08-08T05:45:22.541Z] LiveUpdateForge: EndTurn fallback flush
[2026-08-08T05:45:22.542Z] onEndTurn: naturalStop=undefined toolCalls=201 nudgeMsg=no
[2026-08-08T05:45:22.542Z] LiveUpdateForge: EndTurn fallback flush
[2026-08-08T05:45:22.542Z] onEndTurn: naturalStop=false toolCalls=201 nudgeMsg=no
[2026-08-08T05:45:22.587Z] LiveUpdateForge: AfterToolExec flush
[2026-08-08T05:45:22.617Z] InitialReadForge.onBeforeSend: SKIP (fr=true syn=false hasRead=true)
[2026-08-08T05:45:24.732Z] LiveUpdateForge: EndTurn fallback flush
[2026-08-08T05:45:24.732Z] onEndTurn: naturalStop=undefined toolCalls=202 nudgeMsg=no
[2026-08-08T05:45:24.732Z] LiveUpdateForge: EndTurn fallback flush
[2026-08-08T05:45:24.733Z] onEndTurn: naturalStop=false toolCalls=202 nudgeMsg=no
[2026-08-08T05:45:24.784Z] LiveUpdateForge: AfterToolExec flush
[2026-08-08T05:45:24.814Z] InitialReadForge.onBeforeSend: SKIP (fr=true syn=false hasRead=true)
[2026-08-08T05:45:28.313Z] LiveUpdateForge: EndTurn fallback flush
[2026-08-08T05:45:28.313Z] onEndTurn: naturalStop=undefined toolCalls=203 nudgeMsg=no
[2026-08-08T05:45:28.313Z] LiveUpdateForge: EndTurn fallback flush
[2026-08-08T05:45:28.313Z] onEndTurn: naturalStop=false toolCalls=203 nudgeMsg=no
[2026-08-08T05:45:28.319Z] LiveUpdateForge: AfterToolExec flush
[2026-08-08T05:45:28.351Z] InitialReadForge.onBeforeSend: SKIP (fr=true syn=false hasRead=true)
[2026-08-08T05:45:30.092Z] LiveUpdateForge: EndTurn fallback flush
[2026-08-08T05:45:30.092Z] onEndTurn: naturalStop=undefined toolCalls=204 nudgeMsg=no
[2026-08-08T05:45:30.092Z] LiveUpdateForge: EndTurn fallback flush
[2026-08-08T05:45:30.092Z] onEndTurn: naturalStop=false toolCalls=204 nudgeMsg=no
[2026-08-08T05:45:30.098Z] LiveUpdateForge: AfterToolExec flush
[2026-08-08T05:45:30.130Z] InitialReadForge.onBeforeSend: SKIP (fr=true syn=false hasRead=true)
[2026-08-08T05:45:33.146Z] LiveUpdateForge: EndTurn fallback flush
[2026-08-08T05:45:33.146Z] onEndTurn: naturalStop=undefined toolCalls=205 nudgeMsg=no
[2026-08-08T05:45:33.146Z] LiveUpdateForge: EndTurn fallback flush
[2026-08-08T05:45:33.146Z] onEndTurn: naturalStop=false toolCalls=205 nudgeMsg=no
[2026-08-08T05:45:33.195Z] LiveUpdateForge: AfterToolExec flush
[2026-08-08T05:45:33.227Z] InitialReadForge.onBeforeSend: SKIP (fr=true syn=false hasRead=true)
[2026-08-08T05:45:36.920Z] LiveUpdateForge: EndTurn fallback flush
[2026-08-08T05:45:36.920Z] onEndTurn: naturalStop=undefined toolCalls=206 nudgeMsg=no
[2026-08-08T05:45:36.921Z] LiveUpdateForge: EndTurn fallback flush
[2026-08-08T05:45:36.921Z] onEndTurn: naturalStop=false toolCalls=206 nudgeMsg=no
[2026-08-08T05:45:37.029Z] LiveUpdateForge: AfterToolExec flush
[2026-08-08T05:45:37.057Z] InitialReadForge.onBeforeSend: SKIP (fr=true syn=false hasRead=true)
[2026-08-08T05:45:38.976Z] LiveUpdateForge: EndTurn fallback flush
[2026-08-08T05:45:38.977Z] onEndTurn: naturalStop=undefined toolCalls=207 nudgeMsg=no
[2026-08-08T05:45:38.977Z] LiveUpdateForge: EndTurn fallback flush
[2026-08-08T05:45:38.977Z] onEndTurn: naturalStop=false toolCalls=207 nudgeMsg=no
[2026-08-08T05:45:39.092Z] LiveUpdateForge: AfterToolExec flush
[2026-08-08T05:45:39.123Z] InitialReadForge.onBeforeSend: SKIP (fr=true syn=false hasRead=true)
[2026-08-08T05:45:42.028Z] LiveUpdateForge: EndTurn fallback flush
[2026-08-08T05:45:42.028Z] onEndTurn: naturalStop=undefined toolCalls=208 nudgeMsg=no
[2026-08-08T05:45:42.028Z] LiveUpdateForge: EndTurn fallback flush
[2026-08-08T05:45:42.028Z] onEndTurn: naturalStop=false toolCalls=208 nudgeMsg=no
[2026-08-08T05:45:42.078Z] LiveUpdateForge: AfterToolExec flush
[2026-08-08T05:45:42.107Z] InitialReadForge.onBeforeSend: SKIP (fr=true syn=false hasRead=true)
[2026-08-08T05:45:44.736Z] LiveUpdateForge: EndTurn fallback flush
[2026-08-08T05:45:44.736Z] onEndTurn: naturalStop=undefined toolCalls=209 nudgeMsg=no
[2026-08-08T05:45:44.736Z] LiveUpdateForge: EndTurn fallback flush
[2026-08-08T05:45:44.737Z] onEndTurn: naturalStop=false toolCalls=209 nudgeMsg=no
[2026-08-08T05:45:47.284Z] LiveUpdateForge: AfterToolExec flush
[2026-08-08T05:45:47.322Z] InitialReadForge.onBeforeSend: SKIP (fr=true syn=false hasRead=true)
[2026-08-08T05:45:49.583Z] LiveUpdateForge: EndTurn fallback flush
[2026-08-08T05:45:49.583Z] onEndTurn: naturalStop=undefined toolCalls=210 nudgeMsg=no
[2026-08-08T05:45:49.583Z] LiveUpdateForge: EndTurn fallback flush
[2026-08-08T05:45:49.584Z] onEndTurn: naturalStop=false toolCalls=210 nudgeMsg=no
[2026-08-08T05:45:49.637Z] LiveUpdateForge: AfterToolExec flush
[2026-08-08T05:45:49.669Z] InitialReadForge.onBeforeSend: SKIP (fr=true syn=false hasRead=true)
[2026-08-08T05:45:53.663Z] LiveUpdateForge: EndTurn fallback flush
[2026-08-08T05:45:53.664Z] onEndTurn: naturalStop=undefined toolCalls=211 nudgeMsg=no
[2026-08-08T05:45:53.664Z] LiveUpdateForge: EndTurn fallback flush
[2026-08-08T05:45:53.664Z] onEndTurn: naturalStop=false toolCalls=211 nudgeMsg=no
[2026-08-08T05:45:53.721Z] LiveUpdateForge: AfterToolExec flush
[2026-08-08T05:45:53.752Z] InitialReadForge.onBeforeSend: SKIP (fr=true syn=false hasRead=true)
[2026-08-08T05:45:55.752Z] LiveUpdateForge: EndTurn fallback flush
[2026-08-08T05:45:55.752Z] onEndTurn: naturalStop=undefined toolCalls=212 nudgeMsg=no
[2026-08-08T05:45:55.752Z] LiveUpdateForge: EndTurn fallback flush
[2026-08-08T05:45:55.753Z] onEndTurn: naturalStop=false toolCalls=212 nudgeMsg=no
[2026-08-08T05:45:58.901Z] LiveUpdateForge: AfterToolExec flush
[2026-08-08T05:45:58.940Z] InitialReadForge.onBeforeSend: SKIP (fr=true syn=false hasRead=true)
[2026-08-08T05:46:12.928Z] LiveUpdateForge: EndTurn fallback flush
[2026-08-08T05:46:12.928Z] onEndTurn: naturalStop=undefined toolCalls=213 nudgeMsg=no
[2026-08-08T05:46:12.928Z] LiveUpdateForge: EndTurn fallback flush
[2026-08-08T05:46:12.928Z] onEndTurn: naturalStop=false toolCalls=213 nudgeMsg=no
[2026-08-08T05:46:12.978Z] LiveUpdateForge: AfterToolExec flush
[2026-08-08T05:46:13.011Z] InitialReadForge.onBeforeSend: SKIP (fr=true syn=false hasRead=true)
[2026-08-08T05:46:16.971Z] LiveUpdateForge: EndTurn fallback flush
[2026-08-08T05:46:16.971Z] onEndTurn: naturalStop=undefined toolCalls=214 nudgeMsg=no
[2026-08-08T05:46:16.972Z] LiveUpdateForge: EndTurn fallback flush
[2026-08-08T05:46:16.972Z] onEndTurn: naturalStop=false toolCalls=214 nudgeMsg=no
[2026-08-08T05:46:18.074Z] LiveUpdateForge: AfterToolExec flush
[2026-08-08T05:46:18.108Z] InitialReadForge.onBeforeSend: SKIP (fr=true syn=false hasRead=true)
[2026-08-08T05:46:21.520Z] LiveUpdateForge: EndTurn fallback flush
[2026-08-08T05:46:21.520Z] onEndTurn: naturalStop=undefined toolCalls=215 nudgeMsg=no
[2026-08-08T05:46:21.520Z] LiveUpdateForge: EndTurn fallback flush
[2026-08-08T05:46:21.520Z] onEndTurn: naturalStop=false toolCalls=215 nudgeMsg=no
[2026-08-08T05:46:21.526Z] LiveUpdateForge: AfterToolExec flush
[2026-08-08T05:46:21.556Z] InitialReadForge.onBeforeSend: SKIP (fr=true syn=false hasRead=true)
[2026-08-08T05:46:23.953Z] LiveUpdateForge: EndTurn fallback flush
[2026-08-08T05:46:23.954Z] onEndTurn: naturalStop=undefined toolCalls=216 nudgeMsg=no
[2026-08-08T05:46:23.954Z] LiveUpdateForge: EndTurn fallback flush
[2026-08-08T05:46:23.954Z] onEndTurn: naturalStop=false toolCalls=216 nudgeMsg=no
[2026-08-08T05:46:24.036Z] LiveUpdateForge: AfterToolExec flush
[2026-08-08T05:46:24.068Z] InitialReadForge.onBeforeSend: SKIP (fr=true syn=false hasRead=true)
[2026-08-08T05:46:26.286Z] LiveUpdateForge: EndTurn fallback flush
[2026-08-08T05:46:26.286Z] onEndTurn: naturalStop=undefined toolCalls=217 nudgeMsg=no
[2026-08-08T05:46:26.286Z] LiveUpdateForge: EndTurn fallback flush
[2026-08-08T05:46:26.286Z] onEndTurn: naturalStop=false toolCalls=217 nudgeMsg=no
[2026-08-08T05:46:29.099Z] LiveUpdateForge: AfterToolExec flush
[2026-08-08T05:46:29.133Z] InitialReadForge.onBeforeSend: SKIP (fr=true syn=false hasRead=true)
[2026-08-08T05:46:32.073Z] LiveUpdateForge: EndTurn fallback flush
[2026-08-08T05:46:32.074Z] onEndTurn: naturalStop=undefined toolCalls=218 nudgeMsg=no
[2026-08-08T05:46:32.074Z] LiveUpdateForge: EndTurn fallback flush
[2026-08-08T05:46:32.074Z] onEndTurn: naturalStop=false toolCalls=218 nudgeMsg=no
[2026-08-08T05:46:32.130Z] LiveUpdateForge: AfterToolExec flush
[2026-08-08T05:46:32.161Z] InitialReadForge.onBeforeSend: SKIP (fr=true syn=false hasRead=true)
[2026-08-08T05:46:34.437Z] LiveUpdateForge: EndTurn fallback flush
[2026-08-08T05:46:34.438Z] onEndTurn: naturalStop=undefined toolCalls=219 nudgeMsg=no
[2026-08-08T05:46:34.438Z] LiveUpdateForge: EndTurn fallback flush
[2026-08-08T05:46:34.438Z] onEndTurn: naturalStop=false toolCalls=219 nudgeMsg=no
[2026-08-08T05:46:34.482Z] LiveUpdateForge: AfterToolExec flush
[2026-08-08T05:46:34.516Z] InitialReadForge.onBeforeSend: SKIP (fr=true syn=false hasRead=true)
[2026-08-08T05:46:36.870Z] LiveUpdateForge: EndTurn fallback flush
[2026-08-08T05:46:36.871Z] onEndTurn: naturalStop=undefined toolCalls=220 nudgeMsg=no
[2026-08-08T05:46:36.871Z] LiveUpdateForge: EndTurn fallback flush
[2026-08-08T05:46:36.871Z] onEndTurn: naturalStop=false toolCalls=220 nudgeMsg=no
[2026-08-08T05:46:40.880Z] LiveUpdateForge: AfterToolExec flush
[2026-08-08T05:46:40.920Z] InitialReadForge.onBeforeSend: SKIP (fr=true syn=false hasRead=true)
[2026-08-08T05:46:43.000Z] LiveUpdateForge: EndTurn fallback flush
[2026-08-08T05:46:43.000Z] onEndTurn: naturalStop=undefined toolCalls=221 nudgeMsg=no
[2026-08-08T05:46:43.000Z] LiveUpdateForge: EndTurn fallback flush
[2026-08-08T05:46:43.001Z] onEndTurn: naturalStop=false toolCalls=221 nudgeMsg=no
[2026-08-08T05:46:56.351Z] LiveUpdateForge: AfterToolExec flush
[2026-08-08T05:46:56.389Z] InitialReadForge.onBeforeSend: SKIP (fr=true syn=false hasRead=true)
[2026-08-08T05:47:03.340Z] LiveUpdateForge: EndTurn fallback flush
[2026-08-08T05:47:03.340Z] onEndTurn: naturalStop=undefined toolCalls=222 nudgeMsg=no
[2026-08-08T05:47:03.341Z] LiveUpdateForge: EndTurn fallback flush
[2026-08-08T05:47:03.342Z] onEndTurn: naturalStop=false toolCalls=222 nudgeMsg=no
[2026-08-08T05:47:04.553Z] LiveUpdateForge: AfterToolExec flush
[2026-08-08T05:47:04.587Z] InitialReadForge.onBeforeSend: SKIP (fr=true syn=false hasRead=true)
[2026-08-08T05:47:08.932Z] LiveUpdateForge: EndTurn fallback flush
[2026-08-08T05:47:08.932Z] onEndTurn: naturalStop=undefined toolCalls=223 nudgeMsg=no
[2026-08-08T05:47:08.932Z] LiveUpdateForge: EndTurn fallback flush
[2026-08-08T05:47:08.932Z] onEndTurn: naturalStop=false toolCalls=223 nudgeMsg=no
[2026-08-08T05:47:08.971Z] LiveUpdateForge: AfterToolExec flush
[2026-08-08T05:47:09.004Z] InitialReadForge.onBeforeSend: SKIP (fr=true syn=false hasRead=true)
[2026-08-08T05:47:11.186Z] LiveUpdateForge: EndTurn fallback flush
[2026-08-08T05:47:11.186Z] onEndTurn: naturalStop=undefined toolCalls=224 nudgeMsg=no
[2026-08-08T05:47:11.187Z] LiveUpdateForge: EndTurn fallback flush
[2026-08-08T05:47:11.187Z] onEndTurn: naturalStop=false toolCalls=224 nudgeMsg=no
[2026-08-08T05:47:17.136Z] LiveUpdateForge: AfterToolExec flush
[2026-08-08T05:47:17.177Z] InitialReadForge.onBeforeSend: SKIP (fr=true syn=false hasRead=true)
[2026-08-08T05:47:18.924Z] LiveUpdateForge: EndTurn fallback flush
[2026-08-08T05:47:18.924Z] onEndTurn: naturalStop=undefined toolCalls=225 nudgeMsg=no
[2026-08-08T05:47:18.925Z] LiveUpdateForge: EndTurn fallback flush
[2026-08-08T05:47:18.925Z] onEndTurn: naturalStop=false toolCalls=225 nudgeMsg=no
[2026-08-08T05:47:18.928Z] LiveUpdateForge: AfterToolExec flush
[2026-08-08T05:47:18.963Z] InitialReadForge.onBeforeSend: SKIP (fr=true syn=false hasRead=true)
[2026-08-08T05:47:21.503Z] LiveUpdateForge: EndTurn fallback flush
[2026-08-08T05:47:21.503Z] onEndTurn: naturalStop=undefined toolCalls=226 nudgeMsg=no
[2026-08-08T05:47:21.503Z] LiveUpdateForge: EndTurn fallback flush
[2026-08-08T05:47:21.503Z] onEndTurn: naturalStop=false toolCalls=226 nudgeMsg=no
[2026-08-08T05:47:21.506Z] LiveUpdateForge: AfterToolExec flush
[2026-08-08T05:47:21.544Z] InitialReadForge.onBeforeSend: SKIP (fr=true syn=false hasRead=true)
[2026-08-08T05:47:23.347Z] LiveUpdateForge: EndTurn fallback flush
[2026-08-08T05:47:23.348Z] onEndTurn: naturalStop=undefined toolCalls=227 nudgeMsg=no
[2026-08-08T05:47:23.348Z] LiveUpdateForge: EndTurn fallback flush
[2026-08-08T05:47:23.348Z] onEndTurn: naturalStop=false toolCalls=227 nudgeMsg=no
[2026-08-08T05:47:23.353Z] LiveUpdateForge: AfterToolExec flush
[2026-08-08T05:47:23.387Z] InitialReadForge.onBeforeSend: SKIP (fr=true syn=false hasRead=true)
[2026-08-08T05:47:50.200Z] LiveUpdateForge: EndTurn fallback flush
[2026-08-08T05:47:50.201Z] onEndTurn: naturalStop=undefined toolCalls=228 nudgeMsg=no
[2026-08-08T05:47:50.201Z] LiveUpdateForge: EndTurn fallback flush
[2026-08-08T05:47:50.201Z] onEndTurn: naturalStop=false toolCalls=228 nudgeMsg=no
[2026-08-08T05:47:50.274Z] LiveUpdateForge: AfterToolExec flush
[2026-08-08T05:47:50.309Z] InitialReadForge.onBeforeSend: SKIP (fr=true syn=false hasRead=true)
[2026-08-08T05:47:53.994Z] LiveUpdateForge: EndTurn fallback flush
[2026-08-08T05:47:53.994Z] onEndTurn: naturalStop=undefined toolCalls=229 nudgeMsg=no
[2026-08-08T05:47:53.995Z] LiveUpdateForge: EndTurn fallback flush
[2026-08-08T05:47:53.995Z] onEndTurn: naturalStop=false toolCalls=229 nudgeMsg=no
[2026-08-08T05:47:54.052Z] LiveUpdateForge: AfterToolExec flush
[2026-08-08T05:47:54.085Z] InitialReadForge.onBeforeSend: SKIP (fr=true syn=false hasRead=true)
[2026-08-08T05:47:56.979Z] LiveUpdateForge: EndTurn fallback flush
[2026-08-08T05:47:56.979Z] onEndTurn: naturalStop=undefined toolCalls=230 nudgeMsg=no
[2026-08-08T05:47:56.980Z] LiveUpdateForge: EndTurn fallback flush
[2026-08-08T05:47:56.980Z] onEndTurn: naturalStop=false toolCalls=230 nudgeMsg=no
[2026-08-08T05:47:57.101Z] LiveUpdateForge: AfterToolExec flush
[2026-08-08T05:47:57.135Z] InitialReadForge.onBeforeSend: SKIP (fr=true syn=false hasRead=true)
[2026-08-08T05:48:01.121Z] LiveUpdateForge: EndTurn fallback flush
[2026-08-08T05:48:01.121Z] onEndTurn: naturalStop=undefined toolCalls=231 nudgeMsg=no
[2026-08-08T05:48:01.122Z] LiveUpdateForge: EndTurn fallback flush
[2026-08-08T05:48:01.122Z] onEndTurn: naturalStop=false toolCalls=231 nudgeMsg=no
[2026-08-08T05:48:01.131Z] LiveUpdateForge: AfterToolExec flush
[2026-08-08T05:48:01.162Z] InitialReadForge.onBeforeSend: SKIP (fr=true syn=false hasRead=true)
[2026-08-08T05:48:10.435Z] LiveUpdateForge: EndTurn fallback flush
[2026-08-08T05:48:10.435Z] onEndTurn: naturalStop=undefined toolCalls=232 nudgeMsg=no
[2026-08-08T05:48:10.435Z] LiveUpdateForge: EndTurn fallback flush
[2026-08-08T05:48:10.435Z] onEndTurn: naturalStop=false toolCalls=232 nudgeMsg=no
[2026-08-08T05:48:10.526Z] LiveUpdateForge: AfterToolExec flush
[2026-08-08T05:48:10.563Z] InitialReadForge.onBeforeSend: SKIP (fr=true syn=false hasRead=true)
[2026-08-08T05:48:12.835Z] LiveUpdateForge: EndTurn fallback flush
[2026-08-08T05:48:12.836Z] onEndTurn: naturalStop=undefined toolCalls=233 nudgeMsg=no
[2026-08-08T05:48:12.836Z] LiveUpdateForge: EndTurn fallback flush
[2026-08-08T05:48:12.836Z] onEndTurn: naturalStop=false toolCalls=233 nudgeMsg=no
[2026-08-08T05:48:12.900Z] LiveUpdateForge: AfterToolExec flush
[2026-08-08T05:48:12.934Z] InitialReadForge.onBeforeSend: SKIP (fr=true syn=false hasRead=true)
[2026-08-08T05:48:15.086Z] LiveUpdateForge: EndTurn fallback flush
[2026-08-08T05:48:15.086Z] onEndTurn: naturalStop=undefined toolCalls=234 nudgeMsg=no
[2026-08-08T05:48:15.086Z] LiveUpdateForge: EndTurn fallback flush
[2026-08-08T05:48:15.086Z] onEndTurn: naturalStop=false toolCalls=234 nudgeMsg=no
[2026-08-08T05:48:15.205Z] LiveUpdateForge: AfterToolExec flush
[2026-08-08T05:48:15.235Z] InitialReadForge.onBeforeSend: SKIP (fr=true syn=false hasRead=true)
[2026-08-08T05:48:17.969Z] LiveUpdateForge: EndTurn fallback flush
[2026-08-08T05:48:17.969Z] onEndTurn: naturalStop=undefined toolCalls=235 nudgeMsg=no
[2026-08-08T05:48:17.969Z] LiveUpdateForge: EndTurn fallback flush
[2026-08-08T05:48:17.969Z] onEndTurn: naturalStop=false toolCalls=235 nudgeMsg=no
[2026-08-08T05:48:17.976Z] LiveUpdateForge: AfterToolExec flush
[2026-08-08T05:48:18.009Z] InitialReadForge.onBeforeSend: SKIP (fr=true syn=false hasRead=true)
[2026-08-08T05:48:24.802Z] LiveUpdateForge: EndTurn fallback flush
[2026-08-08T05:48:24.802Z] onEndTurn: naturalStop=undefined toolCalls=236 nudgeMsg=no
[2026-08-08T05:48:24.802Z] LiveUpdateForge: EndTurn fallback flush
[2026-08-08T05:48:24.802Z] onEndTurn: naturalStop=false toolCalls=236 nudgeMsg=no
[2026-08-08T05:48:24.852Z] LiveUpdateForge: AfterToolExec flush
[2026-08-08T05:48:24.894Z] InitialReadForge.onBeforeSend: SKIP (fr=true syn=false hasRead=true)
[2026-08-08T05:48:32.158Z] LiveUpdateForge: EndTurn fallback flush
[2026-08-08T05:48:32.158Z] onEndTurn: naturalStop=undefined toolCalls=237 nudgeMsg=no
[2026-08-08T05:48:32.159Z] LiveUpdateForge: EndTurn fallback flush
[2026-08-08T05:48:32.159Z] onEndTurn: naturalStop=false toolCalls=237 nudgeMsg=no
[2026-08-08T05:48:32.230Z] LiveUpdateForge: AfterToolExec flush
[2026-08-08T05:48:32.264Z] InitialReadForge.onBeforeSend: SKIP (fr=true syn=false hasRead=true)
[2026-08-08T05:48:35.678Z] LiveUpdateForge: EndTurn fallback flush
[2026-08-08T05:48:35.679Z] onEndTurn: naturalStop=undefined toolCalls=238 nudgeMsg=no
[2026-08-08T05:48:35.679Z] LiveUpdateForge: EndTurn fallback flush
[2026-08-08T05:48:35.679Z] onEndTurn: naturalStop=false toolCalls=238 nudgeMsg=no
[2026-08-08T05:48:40.740Z] LiveUpdateForge: AfterToolExec flush
[2026-08-08T05:48:40.782Z] InitialReadForge.onBeforeSend: SKIP (fr=true syn=false hasRead=true)
[2026-08-08T05:48:51.046Z] LiveUpdateForge: EndTurn fallback flush
[2026-08-08T05:48:51.046Z] onEndTurn: naturalStop=undefined toolCalls=239 nudgeMsg=no
[2026-08-08T05:48:51.047Z] LiveUpdateForge: EndTurn fallback flush
[2026-08-08T05:48:51.047Z] onEndTurn: naturalStop=false toolCalls=239 nudgeMsg=no
[2026-08-08T05:48:56.893Z] LiveUpdateForge: AfterToolExec flush
[2026-08-08T05:48:56.930Z] InitialReadForge.onBeforeSend: SKIP (fr=true syn=false hasRead=true)
[2026-08-08T05:48:59.635Z] LiveUpdateForge: EndTurn fallback flush
[2026-08-08T05:48:59.635Z] onEndTurn: naturalStop=undefined toolCalls=240 nudgeMsg=no
[2026-08-08T05:48:59.635Z] LiveUpdateForge: EndTurn fallback flush
[2026-08-08T05:48:59.635Z] onEndTurn: naturalStop=false toolCalls=240 nudgeMsg=no
[2026-08-08T05:49:12.101Z] LiveUpdateForge: AfterToolExec flush
[2026-08-08T05:49:12.137Z] InitialReadForge.onBeforeSend: SKIP (fr=true syn=false hasRead=true)
[2026-08-08T05:49:16.153Z] LiveUpdateForge: EndTurn fallback flush
[2026-08-08T05:49:16.153Z] onEndTurn: naturalStop=undefined toolCalls=241 nudgeMsg=no
[2026-08-08T05:49:16.154Z] LiveUpdateForge: EndTurn fallback flush
[2026-08-08T05:49:16.154Z] onEndTurn: naturalStop=false toolCalls=241 nudgeMsg=no
[2026-08-08T05:49:17.391Z] LiveUpdateForge: AfterToolExec flush
[2026-08-08T05:49:17.429Z] InitialReadForge.onBeforeSend: SKIP (fr=true syn=false hasRead=true)
[2026-08-08T05:49:22.163Z] LiveUpdateForge: EndTurn fallback flush
[2026-08-08T05:49:22.163Z] onEndTurn: naturalStop=undefined toolCalls=242 nudgeMsg=no
[2026-08-08T05:49:22.164Z] LiveUpdateForge: EndTurn fallback flush
[2026-08-08T05:49:22.164Z] onEndTurn: naturalStop=false toolCalls=242 nudgeMsg=no
[2026-08-08T05:49:22.215Z] LiveUpdateForge: AfterToolExec flush
[2026-08-08T05:49:22.249Z] InitialReadForge.onBeforeSend: SKIP (fr=true syn=false hasRead=true)
[2026-08-08T05:49:24.448Z] LiveUpdateForge: EndTurn fallback flush
[2026-08-08T05:49:24.449Z] onEndTurn: naturalStop=undefined toolCalls=243 nudgeMsg=no
[2026-08-08T05:49:24.449Z] LiveUpdateForge: EndTurn fallback flush
[2026-08-08T05:49:24.449Z] onEndTurn: naturalStop=false toolCalls=243 nudgeMsg=no
[2026-08-08T05:49:30.316Z] LiveUpdateForge: AfterToolExec flush
[2026-08-08T05:49:30.362Z] InitialReadForge.onBeforeSend: SKIP (fr=true syn=false hasRead=true)
[2026-08-08T05:49:32.351Z] LiveUpdateForge: EndTurn fallback flush
[2026-08-08T05:49:32.351Z] onEndTurn: naturalStop=undefined toolCalls=244 nudgeMsg=no
[2026-08-08T05:49:32.351Z] LiveUpdateForge: EndTurn fallback flush
[2026-08-08T05:49:32.352Z] onEndTurn: naturalStop=false toolCalls=244 nudgeMsg=no
[2026-08-08T05:49:32.355Z] LiveUpdateForge: AfterToolExec flush
[2026-08-08T05:49:32.391Z] InitialReadForge.onBeforeSend: SKIP (fr=true syn=false hasRead=true)
[2026-08-08T05:49:35.492Z] LiveUpdateForge: EndTurn fallback flush
[2026-08-08T05:49:35.492Z] onEndTurn: naturalStop=undefined toolCalls=245 nudgeMsg=no
[2026-08-08T05:49:35.492Z] LiveUpdateForge: EndTurn fallback flush
[2026-08-08T05:49:35.493Z] onEndTurn: naturalStop=false toolCalls=245 nudgeMsg=no
[2026-08-08T05:49:35.496Z] LiveUpdateForge: AfterToolExec flush
[2026-08-08T05:49:35.532Z] InitialReadForge.onBeforeSend: SKIP (fr=true syn=false hasRead=true)
[2026-08-08T05:49:38.753Z] LiveUpdateForge: EndTurn fallback flush
[2026-08-08T05:49:38.754Z] onEndTurn: naturalStop=undefined toolCalls=246 nudgeMsg=no
[2026-08-08T05:49:38.754Z] LiveUpdateForge: EndTurn fallback flush
[2026-08-08T05:49:38.754Z] onEndTurn: naturalStop=false toolCalls=246 nudgeMsg=no
[2026-08-08T05:49:38.761Z] LiveUpdateForge: AfterToolExec flush
[2026-08-08T05:49:38.795Z] InitialReadForge.onBeforeSend: SKIP (fr=true syn=false hasRead=true)
[2026-08-08T05:49:49.982Z] LiveUpdateForge: EndTurn fallback flush
[2026-08-08T05:49:49.983Z] onEndTurn: naturalStop=undefined toolCalls=247 nudgeMsg=no
[2026-08-08T05:49:49.983Z] LiveUpdateForge: EndTurn fallback flush
[2026-08-08T05:49:49.983Z] onEndTurn: naturalStop=false toolCalls=247 nudgeMsg=no
[2026-08-08T05:49:50.053Z] LiveUpdateForge: AfterToolExec flush
[2026-08-08T05:49:50.085Z] InitialReadForge.onBeforeSend: SKIP (fr=true syn=false hasRead=true)
[2026-08-08T05:49:52.788Z] LiveUpdateForge: EndTurn fallback flush
[2026-08-08T05:49:52.789Z] onEndTurn: naturalStop=undefined toolCalls=248 nudgeMsg=no
[2026-08-08T05:49:52.789Z] LiveUpdateForge: EndTurn fallback flush
[2026-08-08T05:49:52.789Z] onEndTurn: naturalStop=false toolCalls=248 nudgeMsg=no
[2026-08-08T05:49:52.796Z] LiveUpdateForge: AfterToolExec flush
[2026-08-08T05:49:52.829Z] InitialReadForge.onBeforeSend: SKIP (fr=true syn=false hasRead=true)
[2026-08-08T05:50:01.632Z] LiveUpdateForge: EndTurn fallback flush
[2026-08-08T05:50:01.632Z] onEndTurn: naturalStop=undefined toolCalls=249 nudgeMsg=no
[2026-08-08T05:50:01.632Z] LiveUpdateForge: EndTurn fallback flush
[2026-08-08T05:50:01.632Z] onEndTurn: naturalStop=false toolCalls=249 nudgeMsg=no
[2026-08-08T05:50:01.701Z] LiveUpdateForge: AfterToolExec flush
[2026-08-08T05:50:01.732Z] InitialReadForge.onBeforeSend: SKIP (fr=true syn=false hasRead=true)
[2026-08-08T05:50:04.778Z] LiveUpdateForge: EndTurn fallback flush
[2026-08-08T05:50:04.778Z] onEndTurn: naturalStop=undefined toolCalls=250 nudgeMsg=no
[2026-08-08T05:50:04.778Z] LiveUpdateForge: EndTurn fallback flush
[2026-08-08T05:50:04.778Z] onEndTurn: naturalStop=false toolCalls=250 nudgeMsg=no
[2026-08-08T05:50:04.826Z] LiveUpdateForge: AfterToolExec flush
[2026-08-08T05:50:04.858Z] InitialReadForge.onBeforeSend: SKIP (fr=true syn=false hasRead=true)
[2026-08-08T05:50:07.709Z] LiveUpdateForge: EndTurn fallback flush
[2026-08-08T05:50:07.709Z] onEndTurn: naturalStop=undefined toolCalls=251 nudgeMsg=no
[2026-08-08T05:50:07.709Z] LiveUpdateForge: EndTurn fallback flush
[2026-08-08T05:50:07.709Z] onEndTurn: naturalStop=false toolCalls=251 nudgeMsg=no
[2026-08-08T05:50:07.763Z] LiveUpdateForge: AfterToolExec flush
[2026-08-08T05:50:07.795Z] InitialReadForge.onBeforeSend: SKIP (fr=true syn=false hasRead=true)
[2026-08-08T05:50:09.727Z] LiveUpdateForge: EndTurn fallback flush
[2026-08-08T05:50:09.727Z] onEndTurn: naturalStop=undefined toolCalls=252 nudgeMsg=no
[2026-08-08T05:50:09.727Z] LiveUpdateForge: EndTurn fallback flush
[2026-08-08T05:50:09.728Z] onEndTurn: naturalStop=false toolCalls=252 nudgeMsg=no
[2026-08-08T05:50:09.734Z] LiveUpdateForge: AfterToolExec flush
[2026-08-08T05:50:09.767Z] InitialReadForge.onBeforeSend: SKIP (fr=true syn=false hasRead=true)
[2026-08-08T05:50:12.723Z] LiveUpdateForge: EndTurn fallback flush
[2026-08-08T05:50:12.723Z] onEndTurn: naturalStop=undefined toolCalls=253 nudgeMsg=no
[2026-08-08T05:50:12.724Z] LiveUpdateForge: EndTurn fallback flush
[2026-08-08T05:50:12.724Z] onEndTurn: naturalStop=false toolCalls=253 nudgeMsg=no
[2026-08-08T05:50:12.761Z] LiveUpdateForge: AfterToolExec flush
[2026-08-08T05:50:12.796Z] InitialReadForge.onBeforeSend: SKIP (fr=true syn=false hasRead=true)
[2026-08-08T05:50:15.304Z] LiveUpdateForge: EndTurn fallback flush
[2026-08-08T05:50:15.304Z] onEndTurn: naturalStop=undefined toolCalls=254 nudgeMsg=no
[2026-08-08T05:50:15.304Z] LiveUpdateForge: EndTurn fallback flush
[2026-08-08T05:50:15.305Z] onEndTurn: naturalStop=false toolCalls=254 nudgeMsg=no
[2026-08-08T05:50:15.371Z] LiveUpdateForge: AfterToolExec flush
[2026-08-08T05:50:15.405Z] InitialReadForge.onBeforeSend: SKIP (fr=true syn=false hasRead=true)
[2026-08-08T05:50:17.802Z] LiveUpdateForge: EndTurn fallback flush
[2026-08-08T05:50:17.802Z] onEndTurn: naturalStop=undefined toolCalls=255 nudgeMsg=no
[2026-08-08T05:50:17.802Z] LiveUpdateForge: EndTurn fallback flush
[2026-08-08T05:50:17.802Z] onEndTurn: naturalStop=false toolCalls=255 nudgeMsg=no
[2026-08-08T05:50:17.808Z] LiveUpdateForge: AfterToolExec flush
[2026-08-08T05:50:17.841Z] InitialReadForge.onBeforeSend: SKIP (fr=true syn=false hasRead=true)
[2026-08-08T05:50:30.075Z] LiveUpdateForge: EndTurn fallback flush
[2026-08-08T05:50:30.076Z] onEndTurn: naturalStop=undefined toolCalls=256 nudgeMsg=no
[2026-08-08T05:50:30.076Z] LiveUpdateForge: EndTurn fallback flush
[2026-08-08T05:50:30.076Z] onEndTurn: naturalStop=false toolCalls=256 nudgeMsg=no
[2026-08-08T05:50:30.136Z] LiveUpdateForge: AfterToolExec flush
[2026-08-08T05:50:30.170Z] InitialReadForge.onBeforeSend: SKIP (fr=true syn=false hasRead=true)
[2026-08-08T05:50:32.765Z] LiveUpdateForge: EndTurn fallback flush
[2026-08-08T05:50:32.765Z] onEndTurn: naturalStop=undefined toolCalls=257 nudgeMsg=no
[2026-08-08T05:50:32.766Z] LiveUpdateForge: EndTurn fallback flush
[2026-08-08T05:50:32.766Z] onEndTurn: naturalStop=false toolCalls=257 nudgeMsg=no
[2026-08-08T05:50:32.814Z] LiveUpdateForge: AfterToolExec flush
[2026-08-08T05:50:32.847Z] InitialReadForge.onBeforeSend: SKIP (fr=true syn=false hasRead=true)
[2026-08-08T05:50:34.863Z] LiveUpdateForge: EndTurn fallback flush
[2026-08-08T05:50:34.863Z] onEndTurn: naturalStop=undefined toolCalls=258 nudgeMsg=no
[2026-08-08T05:50:34.863Z] LiveUpdateForge: EndTurn fallback flush
[2026-08-08T05:50:34.863Z] onEndTurn: naturalStop=false toolCalls=258 nudgeMsg=no
[2026-08-08T05:50:34.869Z] LiveUpdateForge: AfterToolExec flush
[2026-08-08T05:50:34.909Z] InitialReadForge.onBeforeSend: SKIP (fr=true syn=false hasRead=true)
[2026-08-08T05:50:37.714Z] LiveUpdateForge: EndTurn fallback flush
[2026-08-08T05:50:37.714Z] onEndTurn: naturalStop=undefined toolCalls=259 nudgeMsg=no
[2026-08-08T05:50:37.715Z] LiveUpdateForge: EndTurn fallback flush
[2026-08-08T05:50:37.715Z] onEndTurn: naturalStop=false toolCalls=259 nudgeMsg=no
[2026-08-08T05:50:37.789Z] LiveUpdateForge: AfterToolExec flush
[2026-08-08T05:50:37.822Z] InitialReadForge.onBeforeSend: SKIP (fr=true syn=false hasRead=true)
[2026-08-08T05:50:46.910Z] LiveUpdateForge: EndTurn fallback flush
[2026-08-08T05:50:46.910Z] onEndTurn: naturalStop=undefined toolCalls=260 nudgeMsg=no
[2026-08-08T05:50:46.911Z] LiveUpdateForge: EndTurn fallback flush
[2026-08-08T05:50:46.911Z] onEndTurn: naturalStop=false toolCalls=260 nudgeMsg=no
[2026-08-08T05:50:46.918Z] LiveUpdateForge: AfterToolExec flush
[2026-08-08T05:50:46.964Z] InitialReadForge.onBeforeSend: SKIP (fr=true syn=false hasRead=true)
[2026-08-08T05:50:49.351Z] LiveUpdateForge: EndTurn fallback flush
[2026-08-08T05:50:49.351Z] onEndTurn: naturalStop=undefined toolCalls=261 nudgeMsg=no
[2026-08-08T05:50:49.352Z] LiveUpdateForge: EndTurn fallback flush
[2026-08-08T05:50:49.352Z] onEndTurn: naturalStop=false toolCalls=261 nudgeMsg=no
[2026-08-08T05:50:49.360Z] LiveUpdateForge: AfterToolExec flush
[2026-08-08T05:50:49.394Z] InitialReadForge.onBeforeSend: SKIP (fr=true syn=false hasRead=true)
[2026-08-08T05:50:57.217Z] LiveUpdateForge: EndTurn fallback flush
[2026-08-08T05:50:57.218Z] onEndTurn: naturalStop=undefined toolCalls=262 nudgeMsg=no
[2026-08-08T05:50:57.218Z] LiveUpdateForge: EndTurn fallback flush
[2026-08-08T05:50:57.218Z] onEndTurn: naturalStop=false toolCalls=262 nudgeMsg=no
[2026-08-08T05:50:57.319Z] LiveUpdateForge: AfterToolExec flush
[2026-08-08T05:50:57.353Z] InitialReadForge.onBeforeSend: SKIP (fr=true syn=false hasRead=true)
[2026-08-08T05:50:59.461Z] LiveUpdateForge: EndTurn fallback flush
[2026-08-08T05:50:59.461Z] onEndTurn: naturalStop=undefined toolCalls=263 nudgeMsg=no
[2026-08-08T05:50:59.461Z] LiveUpdateForge: EndTurn fallback flush
[2026-08-08T05:50:59.462Z] onEndTurn: naturalStop=false toolCalls=263 nudgeMsg=no
[2026-08-08T05:51:04.534Z] LiveUpdateForge: AfterToolExec flush
[2026-08-08T05:51:04.572Z] InitialReadForge.onBeforeSend: SKIP (fr=true syn=false hasRead=true)
[2026-08-08T05:51:08.937Z] LiveUpdateForge: EndTurn fallback flush
[2026-08-08T05:51:08.937Z] onEndTurn: naturalStop=undefined toolCalls=264 nudgeMsg=no
[2026-08-08T05:51:08.937Z] LiveUpdateForge: EndTurn fallback flush
[2026-08-08T05:51:08.937Z] onEndTurn: naturalStop=false toolCalls=264 nudgeMsg=no
[2026-08-08T05:51:22.391Z] LiveUpdateForge: AfterToolExec flush
[2026-08-08T05:51:22.434Z] InitialReadForge.onBeforeSend: SKIP (fr=true syn=false hasRead=true)
[2026-08-08T05:51:26.595Z] LiveUpdateForge: EndTurn fallback flush
[2026-08-08T05:51:26.595Z] onEndTurn: naturalStop=undefined toolCalls=265 nudgeMsg=no
[2026-08-08T05:51:26.596Z] LiveUpdateForge: EndTurn fallback flush
[2026-08-08T05:51:26.596Z] onEndTurn: naturalStop=false toolCalls=265 nudgeMsg=no
[2026-08-08T05:51:27.868Z] LiveUpdateForge: AfterToolExec flush
[2026-08-08T05:51:27.911Z] InitialReadForge.onBeforeSend: SKIP (fr=true syn=false hasRead=true)
[2026-08-08T05:51:32.111Z] LiveUpdateForge: EndTurn fallback flush
[2026-08-08T05:51:32.111Z] onEndTurn: naturalStop=undefined toolCalls=266 nudgeMsg=no
[2026-08-08T05:51:32.111Z] LiveUpdateForge: EndTurn fallback flush
[2026-08-08T05:51:32.111Z] onEndTurn: naturalStop=false toolCalls=266 nudgeMsg=no
[2026-08-08T05:51:32.157Z] LiveUpdateForge: AfterToolExec flush
[2026-08-08T05:51:32.192Z] InitialReadForge.onBeforeSend: SKIP (fr=true syn=false hasRead=true)
[2026-08-08T05:51:34.597Z] LiveUpdateForge: EndTurn fallback flush
[2026-08-08T05:51:34.597Z] onEndTurn: naturalStop=undefined toolCalls=267 nudgeMsg=no
[2026-08-08T05:51:34.597Z] LiveUpdateForge: EndTurn fallback flush
[2026-08-08T05:51:34.598Z] onEndTurn: naturalStop=false toolCalls=267 nudgeMsg=no
[2026-08-08T05:51:41.289Z] LiveUpdateForge: AfterToolExec flush
[2026-08-08T05:51:41.329Z] InitialReadForge.onBeforeSend: SKIP (fr=true syn=false hasRead=true)
[2026-08-08T05:51:43.335Z] LiveUpdateForge: EndTurn fallback flush
[2026-08-08T05:51:43.335Z] onEndTurn: naturalStop=undefined toolCalls=268 nudgeMsg=no
[2026-08-08T05:51:43.335Z] LiveUpdateForge: EndTurn fallback flush
[2026-08-08T05:51:43.336Z] onEndTurn: naturalStop=false toolCalls=268 nudgeMsg=no
[2026-08-08T05:51:43.339Z] LiveUpdateForge: AfterToolExec flush
[2026-08-08T05:51:43.376Z] InitialReadForge.onBeforeSend: SKIP (fr=true syn=false hasRead=true)
[2026-08-08T05:51:46.013Z] LiveUpdateForge: EndTurn fallback flush
[2026-08-08T05:51:46.013Z] onEndTurn: naturalStop=undefined toolCalls=269 nudgeMsg=no
[2026-08-08T05:51:46.013Z] LiveUpdateForge: EndTurn fallback flush
[2026-08-08T05:51:46.014Z] onEndTurn: naturalStop=false toolCalls=269 nudgeMsg=no
[2026-08-08T05:51:47.418Z] LiveUpdateForge: AfterToolExec flush
[2026-08-08T05:51:47.466Z] InitialReadForge.onBeforeSend: SKIP (fr=true syn=false hasRead=true)
[2026-08-08T05:51:49.552Z] LiveUpdateForge: EndTurn fallback flush
[2026-08-08T05:51:49.553Z] onEndTurn: naturalStop=undefined toolCalls=270 nudgeMsg=no
[2026-08-08T05:51:49.553Z] LiveUpdateForge: EndTurn fallback flush
[2026-08-08T05:51:49.553Z] onEndTurn: naturalStop=false toolCalls=270 nudgeMsg=no
[2026-08-08T05:52:14.871Z] LiveUpdateForge: AfterToolExec flush
[2026-08-08T05:52:14.921Z] InitialReadForge.onBeforeSend: SKIP (fr=true syn=false hasRead=true)
[2026-08-08T05:52:30.471Z] LiveUpdateForge: EndTurn fallback flush
[2026-08-08T05:52:30.471Z] onEndTurn: naturalStop=undefined toolCalls=271 nudgeMsg=no
[2026-08-08T05:52:30.471Z] LiveUpdateForge: EndTurn fallback flush
[2026-08-08T05:52:30.471Z] onEndTurn: naturalStop=false toolCalls=271 nudgeMsg=no
[2026-08-08T05:52:49.248Z] LiveUpdateForge: AfterToolExec flush
[2026-08-08T05:52:49.288Z] InitialReadForge.onBeforeSend: SKIP (fr=true syn=false hasRead=true)
[2026-08-08T05:52:57.187Z] LiveUpdateForge: EndTurn fallback flush
[2026-08-08T05:52:57.187Z] onEndTurn: naturalStop=undefined toolCalls=272 nudgeMsg=no
[2026-08-08T05:52:57.187Z] LiveUpdateForge: EndTurn fallback flush
[2026-08-08T05:52:57.188Z] onEndTurn: naturalStop=false toolCalls=272 nudgeMsg=no
[2026-08-08T05:53:16.368Z] LiveUpdateForge: AfterToolExec flush
[2026-08-08T05:53:16.420Z] InitialReadForge.onBeforeSend: SKIP (fr=true syn=false hasRead=true)
[2026-08-08T05:53:21.248Z] LiveUpdateForge: EndTurn fallback flush
[2026-08-08T05:53:21.249Z] onEndTurn: naturalStop=undefined toolCalls=273 nudgeMsg=no
[2026-08-08T05:53:21.249Z] LiveUpdateForge: EndTurn fallback flush
[2026-08-08T05:53:21.249Z] onEndTurn: naturalStop=false toolCalls=273 nudgeMsg=no
[2026-08-08T05:53:39.320Z] LiveUpdateForge: AfterToolExec flush
[2026-08-08T05:53:39.366Z] InitialReadForge.onBeforeSend: SKIP (fr=true syn=false hasRead=true)
[2026-08-08T05:53:46.545Z] LiveUpdateForge: EndTurn fallback flush
[2026-08-08T05:53:46.546Z] onEndTurn: naturalStop=undefined toolCalls=274 nudgeMsg=no
[2026-08-08T05:53:46.546Z] LiveUpdateForge: EndTurn fallback flush
[2026-08-08T05:53:46.546Z] onEndTurn: naturalStop=false toolCalls=274 nudgeMsg=no
[2026-08-08T05:53:48.417Z] LiveUpdateForge: AfterToolExec flush
[2026-08-08T05:53:48.460Z] InitialReadForge.onBeforeSend: SKIP (fr=true syn=false hasRead=true)
[2026-08-08T05:54:07.139Z] LiveUpdateForge: EndTurn fallback flush
[2026-08-08T05:54:07.139Z] onEndTurn: naturalStop=undefined toolCalls=275 nudgeMsg=no
[2026-08-08T05:54:07.139Z] LiveUpdateForge: EndTurn fallback flush
[2026-08-08T05:54:07.139Z] onEndTurn: naturalStop=false toolCalls=275 nudgeMsg=no
[2026-08-08T05:54:08.894Z] LiveUpdateForge: AfterToolExec flush
[2026-08-08T05:54:08.941Z] InitialReadForge.onBeforeSend: SKIP (fr=true syn=false hasRead=true)
[2026-08-08T05:54:11.350Z] LiveUpdateForge: EndTurn fallback flush
[2026-08-08T05:54:11.350Z] onEndTurn: naturalStop=undefined toolCalls=276 nudgeMsg=no
[2026-08-08T05:54:11.350Z] LiveUpdateForge: EndTurn fallback flush
[2026-08-08T05:54:11.350Z] onEndTurn: naturalStop=false toolCalls=276 nudgeMsg=no
[2026-08-08T05:54:11.411Z] LiveUpdateForge: AfterToolExec flush
[2026-08-08T05:54:11.446Z] InitialReadForge.onBeforeSend: SKIP (fr=true syn=false hasRead=true)
[2026-08-08T05:54:14.908Z] LiveUpdateForge: EndTurn fallback flush
[2026-08-08T05:54:14.909Z] onEndTurn: naturalStop=undefined toolCalls=277 nudgeMsg=no
[2026-08-08T05:54:14.909Z] LiveUpdateForge: EndTurn fallback flush
[2026-08-08T05:54:14.909Z] onEndTurn: naturalStop=false toolCalls=277 nudgeMsg=no
[2026-08-08T05:54:18.965Z] LiveUpdateForge: AfterToolExec flush
[2026-08-08T05:54:19.009Z] InitialReadForge.onBeforeSend: SKIP (fr=true syn=false hasRead=true)
[2026-08-08T05:54:21.632Z] LiveUpdateForge: EndTurn fallback flush
[2026-08-08T05:54:21.632Z] onEndTurn: naturalStop=undefined toolCalls=278 nudgeMsg=no
[2026-08-08T05:54:21.632Z] LiveUpdateForge: EndTurn fallback flush
[2026-08-08T05:54:21.633Z] onEndTurn: naturalStop=false toolCalls=278 nudgeMsg=no
[2026-08-08T05:54:22.738Z] LiveUpdateForge: AfterToolExec flush
[2026-08-08T05:54:22.776Z] InitialReadForge.onBeforeSend: SKIP (fr=true syn=false hasRead=true)
[2026-08-08T05:54:27.264Z] LiveUpdateForge: EndTurn fallback flush
[2026-08-08T05:54:27.264Z] onEndTurn: naturalStop=undefined toolCalls=279 nudgeMsg=no
[2026-08-08T05:54:27.264Z] LiveUpdateForge: EndTurn fallback flush
[2026-08-08T05:54:27.264Z] onEndTurn: naturalStop=false toolCalls=279 nudgeMsg=no
[2026-08-08T05:54:27.271Z] LiveUpdateForge: self-write on D:\xm\CacheHub\CODELY.md, baseline aligned
[2026-08-08T05:54:27.271Z] LiveUpdateForge: AfterToolExec flush
[2026-08-08T05:54:27.308Z] InitialReadForge.onBeforeSend: SKIP (fr=true syn=false hasRead=true)
[2026-08-08T05:54:31.677Z] LiveUpdateForge: EndTurn fallback flush
[2026-08-08T05:54:31.677Z] onEndTurn: naturalStop=undefined toolCalls=0 nudgeMsg=no
[2026-08-08T05:54:31.677Z] LiveUpdateForge: EndTurn fallback flush
[2026-08-08T05:54:31.678Z] onEndTurn: naturalStop=true toolCalls=0 nudgeMsg=no
[2026-08-08T05:54:34.942Z] ResumeDiffForge: running checkResumeConsistency
[2026-08-08T05:54:34.942Z] checkResumeConsistency: forgedTimestamps=[]
[2026-08-08T05:54:34.947Z] checkResumeConsistency: no changes detected
[2026-08-08T05:54:34.948Z] LiveUpdateForge: session reset, allowLiveUpdate = false
[2026-08-08T05:54:34.948Z] NudgeForge: ResumeComplete — restoring count from history
[2026-08-08T05:54:34.948Z] restoreNudgeCountFromHistory: found last write at idx=571 count=0
[2026-08-08T05:54:34.993Z] LiveUpdateForge: allowLiveUpdate = true (first real BeforeSend)
[2026-08-08T05:54:34.994Z] InitialReadForge.onBeforeSend: SKIP (fr=false syn=false hasRead=true)
[2026-08-08T05:54:44.306Z] LiveUpdateForge: EndTurn fallback flush
[2026-08-08T05:54:44.307Z] onEndTurn: naturalStop=undefined toolCalls=0 nudgeMsg=no
[2026-08-08T05:54:44.307Z] LiveUpdateForge: EndTurn fallback flush
[2026-08-08T05:54:44.307Z] onEndTurn: naturalStop=false toolCalls=0 nudgeMsg=no
[2026-08-08T05:54:45.396Z] LiveUpdateForge: AfterToolExec flush
[2026-08-08T05:54:45.428Z] InitialReadForge.onBeforeSend: SKIP (fr=true syn=false hasRead=true)
[2026-08-08T05:55:00.590Z] LiveUpdateForge: EndTurn fallback flush
[2026-08-08T05:55:00.590Z] onEndTurn: naturalStop=undefined toolCalls=1 nudgeMsg=no
[2026-08-08T05:55:00.591Z] LiveUpdateForge: EndTurn fallback flush
[2026-08-08T05:55:00.591Z] onEndTurn: naturalStop=false toolCalls=1 nudgeMsg=no
[2026-08-08T05:55:15.536Z] LiveUpdateForge: AfterToolExec flush
[2026-08-08T05:55:15.579Z] InitialReadForge.onBeforeSend: SKIP (fr=true syn=false hasRead=true)
[2026-08-08T05:55:27.673Z] LiveUpdateForge: EndTurn fallback flush
[2026-08-08T05:55:27.673Z] onEndTurn: naturalStop=undefined toolCalls=2 nudgeMsg=no
[2026-08-08T05:55:27.673Z] LiveUpdateForge: EndTurn fallback flush
[2026-08-08T05:55:27.673Z] onEndTurn: naturalStop=false toolCalls=2 nudgeMsg=no
[2026-08-08T05:56:44.727Z] LiveUpdateForge: AfterToolExec flush
[2026-08-08T05:56:44.760Z] InitialReadForge.onBeforeSend: SKIP (fr=true syn=false hasRead=true)
[2026-08-08T05:56:53.967Z] LiveUpdateForge: EndTurn fallback flush
[2026-08-08T05:56:53.967Z] onEndTurn: naturalStop=undefined toolCalls=3 nudgeMsg=no
[2026-08-08T05:56:53.967Z] LiveUpdateForge: EndTurn fallback flush
[2026-08-08T05:56:53.968Z] onEndTurn: naturalStop=false toolCalls=3 nudgeMsg=no
[2026-08-08T05:56:53.972Z] LiveUpdateForge: AfterToolExec flush
[2026-08-08T05:56:54.008Z] InitialReadForge.onBeforeSend: SKIP (fr=true syn=false hasRead=true)
[2026-08-08T05:57:08.501Z] LiveUpdateForge: EndTurn fallback flush
[2026-08-08T05:57:08.501Z] onEndTurn: naturalStop=undefined toolCalls=4 nudgeMsg=no
[2026-08-08T05:57:08.502Z] LiveUpdateForge: EndTurn fallback flush
[2026-08-08T05:57:08.502Z] onEndTurn: naturalStop=false toolCalls=4 nudgeMsg=no
[2026-08-08T05:57:08.507Z] LiveUpdateForge: AfterToolExec flush
[2026-08-08T05:57:08.537Z] InitialReadForge.onBeforeSend: SKIP (fr=true syn=false hasRead=true)
[2026-08-08T05:57:14.106Z] LiveUpdateForge: EndTurn fallback flush
[2026-08-08T05:57:14.106Z] onEndTurn: naturalStop=undefined toolCalls=5 nudgeMsg=no
[2026-08-08T05:57:14.107Z] LiveUpdateForge: EndTurn fallback flush
[2026-08-08T05:57:14.107Z] onEndTurn: naturalStop=false toolCalls=5 nudgeMsg=no
[2026-08-08T05:57:14.109Z] LiveUpdateForge: AfterToolExec flush
[2026-08-08T05:57:14.141Z] InitialReadForge.onBeforeSend: SKIP (fr=true syn=false hasRead=true)
[2026-08-08T05:57:19.648Z] LiveUpdateForge: EndTurn fallback flush
[2026-08-08T05:57:19.648Z] onEndTurn: naturalStop=undefined toolCalls=6 nudgeMsg=no
[2026-08-08T05:57:19.648Z] LiveUpdateForge: EndTurn fallback flush
[2026-08-08T05:57:19.649Z] onEndTurn: naturalStop=false toolCalls=6 nudgeMsg=no
[2026-08-08T05:57:19.653Z] LiveUpdateForge: AfterToolExec flush
[2026-08-08T05:57:19.683Z] InitialReadForge.onBeforeSend: SKIP (fr=true syn=false hasRead=true)
[2026-08-08T05:57:27.518Z] LiveUpdateForge: EndTurn fallback flush
[2026-08-08T05:57:27.518Z] onEndTurn: naturalStop=undefined toolCalls=7 nudgeMsg=no
[2026-08-08T05:57:27.518Z] LiveUpdateForge: EndTurn fallback flush
[2026-08-08T05:57:27.518Z] onEndTurn: naturalStop=false toolCalls=7 nudgeMsg=no
[2026-08-08T05:57:27.522Z] LiveUpdateForge: AfterToolExec flush
[2026-08-08T05:57:27.554Z] InitialReadForge.onBeforeSend: SKIP (fr=true syn=false hasRead=true)
[2026-08-08T05:57:31.411Z] LiveUpdateForge: EndTurn fallback flush
[2026-08-08T05:57:31.411Z] onEndTurn: naturalStop=undefined toolCalls=8 nudgeMsg=no
[2026-08-08T05:57:31.411Z] LiveUpdateForge: EndTurn fallback flush
[2026-08-08T05:57:31.411Z] onEndTurn: naturalStop=false toolCalls=8 nudgeMsg=no
[2026-08-08T05:57:31.417Z] LiveUpdateForge: AfterToolExec flush
[2026-08-08T05:57:31.445Z] InitialReadForge.onBeforeSend: SKIP (fr=true syn=false hasRead=true)
[2026-08-08T05:57:33.654Z] LiveUpdateForge: EndTurn fallback flush
[2026-08-08T05:57:33.654Z] onEndTurn: naturalStop=undefined toolCalls=9 nudgeMsg=no
[2026-08-08T05:57:33.654Z] LiveUpdateForge: EndTurn fallback flush
[2026-08-08T05:57:33.654Z] onEndTurn: naturalStop=false toolCalls=9 nudgeMsg=no
[2026-08-08T05:57:33.661Z] LiveUpdateForge: AfterToolExec flush
[2026-08-08T05:57:33.692Z] InitialReadForge.onBeforeSend: SKIP (fr=true syn=false hasRead=true)
[2026-08-08T05:57:39.552Z] LiveUpdateForge: EndTurn fallback flush
[2026-08-08T05:57:39.553Z] onEndTurn: naturalStop=undefined toolCalls=10 nudgeMsg=no
[2026-08-08T05:57:39.553Z] LiveUpdateForge: EndTurn fallback flush
[2026-08-08T05:57:39.554Z] onEndTurn: naturalStop=false toolCalls=10 nudgeMsg=no
[2026-08-08T05:57:39.633Z] LiveUpdateForge: AfterToolExec flush
[2026-08-08T05:57:39.661Z] InitialReadForge.onBeforeSend: SKIP (fr=true syn=false hasRead=true)
[2026-08-08T05:57:44.627Z] LiveUpdateForge: EndTurn fallback flush
[2026-08-08T05:57:44.628Z] onEndTurn: naturalStop=undefined toolCalls=11 nudgeMsg=no
[2026-08-08T05:57:44.628Z] LiveUpdateForge: EndTurn fallback flush
[2026-08-08T05:57:44.628Z] onEndTurn: naturalStop=false toolCalls=11 nudgeMsg=no
[2026-08-08T05:57:44.677Z] LiveUpdateForge: AfterToolExec flush
[2026-08-08T05:57:44.706Z] InitialReadForge.onBeforeSend: SKIP (fr=true syn=false hasRead=true)
[2026-08-08T05:57:48.625Z] LiveUpdateForge: EndTurn fallback flush
[2026-08-08T05:57:48.625Z] onEndTurn: naturalStop=undefined toolCalls=12 nudgeMsg=no
[2026-08-08T05:57:48.626Z] LiveUpdateForge: EndTurn fallback flush
[2026-08-08T05:57:48.626Z] onEndTurn: naturalStop=false toolCalls=12 nudgeMsg=no
[2026-08-08T05:57:48.631Z] LiveUpdateForge: AfterToolExec flush
[2026-08-08T05:57:48.660Z] InitialReadForge.onBeforeSend: SKIP (fr=true syn=false hasRead=true)
[2026-08-08T05:57:51.862Z] LiveUpdateForge: EndTurn fallback flush
[2026-08-08T05:57:51.862Z] onEndTurn: naturalStop=undefined toolCalls=13 nudgeMsg=no
[2026-08-08T05:57:51.862Z] LiveUpdateForge: EndTurn fallback flush
[2026-08-08T05:57:51.862Z] onEndTurn: naturalStop=false toolCalls=13 nudgeMsg=no
[2026-08-08T05:57:51.985Z] LiveUpdateForge: AfterToolExec flush
[2026-08-08T05:57:52.017Z] InitialReadForge.onBeforeSend: SKIP (fr=true syn=false hasRead=true)
[2026-08-08T05:57:54.446Z] LiveUpdateForge: EndTurn fallback flush
[2026-08-08T05:57:54.446Z] onEndTurn: naturalStop=undefined toolCalls=14 nudgeMsg=no
[2026-08-08T05:57:54.447Z] LiveUpdateForge: EndTurn fallback flush
[2026-08-08T05:57:54.447Z] onEndTurn: naturalStop=false toolCalls=14 nudgeMsg=no
[2026-08-08T05:57:54.454Z] LiveUpdateForge: AfterToolExec flush
[2026-08-08T05:57:54.481Z] InitialReadForge.onBeforeSend: SKIP (fr=true syn=false hasRead=true)
[2026-08-08T05:58:10.551Z] LiveUpdateForge: EndTurn fallback flush
[2026-08-08T05:58:10.551Z] onEndTurn: naturalStop=undefined toolCalls=15 nudgeMsg=no
[2026-08-08T05:58:10.552Z] LiveUpdateForge: EndTurn fallback flush
[2026-08-08T05:58:10.552Z] onEndTurn: naturalStop=false toolCalls=15 nudgeMsg=no
[2026-08-08T05:58:10.600Z] LiveUpdateForge: AfterToolExec flush
[2026-08-08T05:58:10.631Z] InitialReadForge.onBeforeSend: SKIP (fr=true syn=false hasRead=true)
[2026-08-08T05:58:18.064Z] LiveUpdateForge: EndTurn fallback flush
[2026-08-08T05:58:18.064Z] onEndTurn: naturalStop=undefined toolCalls=16 nudgeMsg=no
[2026-08-08T05:58:18.064Z] LiveUpdateForge: EndTurn fallback flush
[2026-08-08T05:58:18.064Z] onEndTurn: naturalStop=false toolCalls=16 nudgeMsg=no
[2026-08-08T05:58:18.119Z] LiveUpdateForge: AfterToolExec flush
[2026-08-08T05:58:18.148Z] InitialReadForge.onBeforeSend: SKIP (fr=true syn=false hasRead=true)
[2026-08-08T05:58:20.208Z] LiveUpdateForge: EndTurn fallback flush
[2026-08-08T05:58:20.208Z] onEndTurn: naturalStop=undefined toolCalls=17 nudgeMsg=no
[2026-08-08T05:58:20.209Z] LiveUpdateForge: EndTurn fallback flush
[2026-08-08T05:58:20.209Z] onEndTurn: naturalStop=false toolCalls=17 nudgeMsg=no
[2026-08-08T05:58:20.214Z] LiveUpdateForge: AfterToolExec flush
[2026-08-08T05:58:20.243Z] InitialReadForge.onBeforeSend: SKIP (fr=true syn=false hasRead=true)
[2026-08-08T05:58:24.941Z] LiveUpdateForge: EndTurn fallback flush
[2026-08-08T05:58:24.941Z] onEndTurn: naturalStop=undefined toolCalls=18 nudgeMsg=no
[2026-08-08T05:58:24.941Z] LiveUpdateForge: EndTurn fallback flush
[2026-08-08T05:58:24.942Z] onEndTurn: naturalStop=false toolCalls=18 nudgeMsg=no
[2026-08-08T05:58:24.947Z] LiveUpdateForge: AfterToolExec flush
[2026-08-08T05:58:24.978Z] InitialReadForge.onBeforeSend: SKIP (fr=true syn=false hasRead=true)
[2026-08-08T05:58:30.285Z] LiveUpdateForge: EndTurn fallback flush
[2026-08-08T05:58:30.285Z] onEndTurn: naturalStop=undefined toolCalls=19 nudgeMsg=no
[2026-08-08T05:58:30.285Z] LiveUpdateForge: EndTurn fallback flush
[2026-08-08T05:58:30.285Z] onEndTurn: naturalStop=false toolCalls=19 nudgeMsg=no
[2026-08-08T05:58:30.333Z] LiveUpdateForge: AfterToolExec flush
[2026-08-08T05:58:30.361Z] InitialReadForge.onBeforeSend: SKIP (fr=true syn=false hasRead=true)
[2026-08-08T05:58:34.798Z] LiveUpdateForge: EndTurn fallback flush
[2026-08-08T05:58:34.798Z] onEndTurn: naturalStop=undefined toolCalls=20 nudgeMsg=no
[2026-08-08T05:58:34.798Z] LiveUpdateForge: EndTurn fallback flush
[2026-08-08T05:58:34.798Z] onEndTurn: naturalStop=false toolCalls=20 nudgeMsg=no
[2026-08-08T05:58:34.845Z] LiveUpdateForge: AfterToolExec flush
[2026-08-08T05:58:34.877Z] InitialReadForge.onBeforeSend: SKIP (fr=true syn=false hasRead=true)
[2026-08-08T05:58:39.104Z] LiveUpdateForge: EndTurn fallback flush
[2026-08-08T05:58:39.104Z] onEndTurn: naturalStop=undefined toolCalls=21 nudgeMsg=no
[2026-08-08T05:58:39.104Z] LiveUpdateForge: EndTurn fallback flush
[2026-08-08T05:58:39.104Z] onEndTurn: naturalStop=false toolCalls=21 nudgeMsg=no
[2026-08-08T05:58:39.110Z] LiveUpdateForge: AfterToolExec flush
[2026-08-08T05:58:39.141Z] InitialReadForge.onBeforeSend: SKIP (fr=true syn=false hasRead=true)
[2026-08-08T05:58:42.144Z] LiveUpdateForge: EndTurn fallback flush
[2026-08-08T05:58:42.144Z] onEndTurn: naturalStop=undefined toolCalls=22 nudgeMsg=no
[2026-08-08T05:58:42.144Z] LiveUpdateForge: EndTurn fallback flush
[2026-08-08T05:58:42.144Z] onEndTurn: naturalStop=false toolCalls=22 nudgeMsg=no
[2026-08-08T05:58:42.210Z] LiveUpdateForge: AfterToolExec flush
[2026-08-08T05:58:42.240Z] InitialReadForge.onBeforeSend: SKIP (fr=true syn=false hasRead=true)
[2026-08-08T05:58:45.841Z] LiveUpdateForge: EndTurn fallback flush
[2026-08-08T05:58:45.841Z] onEndTurn: naturalStop=undefined toolCalls=23 nudgeMsg=no
[2026-08-08T05:58:45.842Z] LiveUpdateForge: EndTurn fallback flush
[2026-08-08T05:58:45.842Z] onEndTurn: naturalStop=false toolCalls=23 nudgeMsg=no
[2026-08-08T05:58:45.847Z] LiveUpdateForge: AfterToolExec flush
[2026-08-08T05:58:45.880Z] InitialReadForge.onBeforeSend: SKIP (fr=true syn=false hasRead=true)
[2026-08-08T05:58:48.193Z] LiveUpdateForge: EndTurn fallback flush
[2026-08-08T05:58:48.194Z] onEndTurn: naturalStop=undefined toolCalls=24 nudgeMsg=no
[2026-08-08T05:58:48.194Z] LiveUpdateForge: EndTurn fallback flush
[2026-08-08T05:58:48.194Z] onEndTurn: naturalStop=false toolCalls=24 nudgeMsg=no
[2026-08-08T05:58:48.199Z] LiveUpdateForge: AfterToolExec flush
[2026-08-08T05:58:48.230Z] InitialReadForge.onBeforeSend: SKIP (fr=true syn=false hasRead=true)
[2026-08-08T05:58:51.149Z] LiveUpdateForge: EndTurn fallback flush
[2026-08-08T05:58:51.150Z] onEndTurn: naturalStop=undefined toolCalls=25 nudgeMsg=no
[2026-08-08T05:58:51.150Z] LiveUpdateForge: EndTurn fallback flush
[2026-08-08T05:58:51.150Z] onEndTurn: naturalStop=false toolCalls=25 nudgeMsg=no
[2026-08-08T05:58:51.190Z] LiveUpdateForge: AfterToolExec flush
[2026-08-08T05:58:51.223Z] InitialReadForge.onBeforeSend: SKIP (fr=true syn=false hasRead=true)
[2026-08-08T05:58:53.479Z] LiveUpdateForge: EndTurn fallback flush
[2026-08-08T05:58:53.479Z] onEndTurn: naturalStop=undefined toolCalls=26 nudgeMsg=no
[2026-08-08T05:58:53.479Z] LiveUpdateForge: EndTurn fallback flush
[2026-08-08T05:58:53.480Z] onEndTurn: naturalStop=false toolCalls=26 nudgeMsg=no
[2026-08-08T05:58:57.404Z] LiveUpdateForge: AfterToolExec flush
[2026-08-08T05:58:57.436Z] InitialReadForge.onBeforeSend: SKIP (fr=true syn=false hasRead=true)
[2026-08-08T05:59:00.223Z] LiveUpdateForge: EndTurn fallback flush
[2026-08-08T05:59:00.223Z] onEndTurn: naturalStop=undefined toolCalls=27 nudgeMsg=no
[2026-08-08T05:59:00.223Z] LiveUpdateForge: EndTurn fallback flush
[2026-08-08T05:59:00.223Z] onEndTurn: naturalStop=false toolCalls=27 nudgeMsg=no
[2026-08-08T05:59:13.281Z] LiveUpdateForge: AfterToolExec flush
[2026-08-08T05:59:13.317Z] InitialReadForge.onBeforeSend: SKIP (fr=true syn=false hasRead=true)
[2026-08-08T05:59:16.675Z] LiveUpdateForge: EndTurn fallback flush
[2026-08-08T05:59:16.675Z] onEndTurn: naturalStop=undefined toolCalls=28 nudgeMsg=no
[2026-08-08T05:59:16.675Z] LiveUpdateForge: EndTurn fallback flush
[2026-08-08T05:59:16.676Z] onEndTurn: naturalStop=false toolCalls=28 nudgeMsg=no
[2026-08-08T05:59:17.902Z] LiveUpdateForge: AfterToolExec flush
[2026-08-08T05:59:17.935Z] InitialReadForge.onBeforeSend: SKIP (fr=true syn=false hasRead=true)
[2026-08-08T05:59:26.258Z] LiveUpdateForge: EndTurn fallback flush
[2026-08-08T05:59:26.258Z] onEndTurn: naturalStop=undefined toolCalls=29 nudgeMsg=no
[2026-08-08T05:59:26.258Z] LiveUpdateForge: EndTurn fallback flush
[2026-08-08T05:59:26.259Z] onEndTurn: naturalStop=false toolCalls=29 nudgeMsg=no
[2026-08-08T05:59:26.328Z] LiveUpdateForge: AfterToolExec flush
[2026-08-08T05:59:26.359Z] InitialReadForge.onBeforeSend: SKIP (fr=true syn=false hasRead=true)
[2026-08-08T05:59:31.156Z] LiveUpdateForge: EndTurn fallback flush
[2026-08-08T05:59:31.156Z] onEndTurn: naturalStop=undefined toolCalls=30 nudgeMsg=no
[2026-08-08T05:59:31.157Z] LiveUpdateForge: EndTurn fallback flush
[2026-08-08T05:59:31.157Z] onEndTurn: naturalStop=false toolCalls=30 nudgeMsg=no
[2026-08-08T05:59:37.068Z] LiveUpdateForge: AfterToolExec flush
[2026-08-08T05:59:37.104Z] InitialReadForge.onBeforeSend: SKIP (fr=true syn=false hasRead=true)
[2026-08-08T05:59:39.234Z] LiveUpdateForge: EndTurn fallback flush
[2026-08-08T05:59:39.235Z] onEndTurn: naturalStop=undefined toolCalls=31 nudgeMsg=no
[2026-08-08T05:59:39.235Z] LiveUpdateForge: EndTurn fallback flush
[2026-08-08T05:59:39.235Z] onEndTurn: naturalStop=false toolCalls=31 nudgeMsg=no
[2026-08-08T05:59:39.239Z] LiveUpdateForge: AfterToolExec flush
[2026-08-08T05:59:39.270Z] InitialReadForge.onBeforeSend: SKIP (fr=true syn=false hasRead=true)
[2026-08-08T05:59:41.469Z] LiveUpdateForge: EndTurn fallback flush
[2026-08-08T05:59:41.469Z] onEndTurn: naturalStop=undefined toolCalls=32 nudgeMsg=no
[2026-08-08T05:59:41.469Z] LiveUpdateForge: EndTurn fallback flush
[2026-08-08T05:59:41.470Z] onEndTurn: naturalStop=false toolCalls=32 nudgeMsg=no
[2026-08-08T05:59:41.472Z] LiveUpdateForge: AfterToolExec flush
[2026-08-08T05:59:41.509Z] InitialReadForge.onBeforeSend: SKIP (fr=true syn=false hasRead=true)
[2026-08-08T05:59:46.071Z] LiveUpdateForge: EndTurn fallback flush
[2026-08-08T05:59:46.071Z] onEndTurn: naturalStop=undefined toolCalls=33 nudgeMsg=no
[2026-08-08T05:59:46.071Z] LiveUpdateForge: EndTurn fallback flush
[2026-08-08T05:59:46.071Z] onEndTurn: naturalStop=false toolCalls=33 nudgeMsg=no
[2026-08-08T05:59:46.124Z] LiveUpdateForge: AfterToolExec flush
[2026-08-08T05:59:46.162Z] InitialReadForge.onBeforeSend: SKIP (fr=true syn=false hasRead=true)
[2026-08-08T06:00:02.421Z] LiveUpdateForge: EndTurn fallback flush
[2026-08-08T06:00:02.422Z] onEndTurn: naturalStop=undefined toolCalls=34 nudgeMsg=no
[2026-08-08T06:00:02.422Z] LiveUpdateForge: EndTurn fallback flush
[2026-08-08T06:00:02.422Z] onEndTurn: naturalStop=false toolCalls=34 nudgeMsg=no
[2026-08-08T06:00:02.428Z] LiveUpdateForge: AfterToolExec flush
[2026-08-08T06:00:02.456Z] InitialReadForge.onBeforeSend: SKIP (fr=true syn=false hasRead=true)
[2026-08-08T06:00:04.915Z] LiveUpdateForge: EndTurn fallback flush
[2026-08-08T06:00:04.915Z] onEndTurn: naturalStop=undefined toolCalls=35 nudgeMsg=no
[2026-08-08T06:00:04.915Z] LiveUpdateForge: EndTurn fallback flush
[2026-08-08T06:00:04.916Z] onEndTurn: naturalStop=false toolCalls=35 nudgeMsg=no
[2026-08-08T06:00:04.924Z] LiveUpdateForge: AfterToolExec flush
[2026-08-08T06:00:04.954Z] InitialReadForge.onBeforeSend: SKIP (fr=true syn=false hasRead=true)
[2026-08-08T06:00:09.698Z] LiveUpdateForge: EndTurn fallback flush
[2026-08-08T06:00:09.698Z] onEndTurn: naturalStop=undefined toolCalls=36 nudgeMsg=no
[2026-08-08T06:00:09.698Z] LiveUpdateForge: EndTurn fallback flush
[2026-08-08T06:00:09.698Z] onEndTurn: naturalStop=false toolCalls=36 nudgeMsg=no
[2026-08-08T06:00:09.773Z] LiveUpdateForge: AfterToolExec flush
[2026-08-08T06:00:09.802Z] InitialReadForge.onBeforeSend: SKIP (fr=true syn=false hasRead=true)
[2026-08-08T06:00:13.122Z] LiveUpdateForge: EndTurn fallback flush
[2026-08-08T06:00:13.123Z] onEndTurn: naturalStop=undefined toolCalls=37 nudgeMsg=no
[2026-08-08T06:00:13.123Z] LiveUpdateForge: EndTurn fallback flush
[2026-08-08T06:00:13.123Z] onEndTurn: naturalStop=false toolCalls=37 nudgeMsg=no
[2026-08-08T06:00:18.212Z] LiveUpdateForge: AfterToolExec flush
[2026-08-08T06:00:18.246Z] InitialReadForge.onBeforeSend: SKIP (fr=true syn=false hasRead=true)
[2026-08-08T06:00:20.406Z] LiveUpdateForge: EndTurn fallback flush
[2026-08-08T06:00:20.407Z] onEndTurn: naturalStop=undefined toolCalls=38 nudgeMsg=no
[2026-08-08T06:00:20.407Z] LiveUpdateForge: EndTurn fallback flush
[2026-08-08T06:00:20.407Z] onEndTurn: naturalStop=false toolCalls=38 nudgeMsg=no
[2026-08-08T06:00:33.870Z] LiveUpdateForge: AfterToolExec flush
[2026-08-08T06:00:33.922Z] InitialReadForge.onBeforeSend: SKIP (fr=true syn=false hasRead=true)
[2026-08-08T06:00:38.959Z] LiveUpdateForge: EndTurn fallback flush
[2026-08-08T06:00:38.959Z] onEndTurn: naturalStop=undefined toolCalls=39 nudgeMsg=no
[2026-08-08T06:00:38.959Z] LiveUpdateForge: EndTurn fallback flush
[2026-08-08T06:00:38.959Z] onEndTurn: naturalStop=false toolCalls=39 nudgeMsg=no
[2026-08-08T06:00:40.201Z] LiveUpdateForge: AfterToolExec flush
[2026-08-08T06:00:40.238Z] InitialReadForge.onBeforeSend: SKIP (fr=true syn=false hasRead=true)
[2026-08-08T06:00:46.972Z] LiveUpdateForge: EndTurn fallback flush
[2026-08-08T06:00:46.972Z] onEndTurn: naturalStop=undefined toolCalls=40 nudgeMsg=no
[2026-08-08T06:00:46.972Z] LiveUpdateForge: EndTurn fallback flush
[2026-08-08T06:00:46.973Z] onEndTurn: naturalStop=false toolCalls=40 nudgeMsg=no
[2026-08-08T06:00:47.009Z] LiveUpdateForge: AfterToolExec flush
[2026-08-08T06:00:47.037Z] InitialReadForge.onBeforeSend: SKIP (fr=true syn=false hasRead=true)
[2026-08-08T06:00:52.257Z] LiveUpdateForge: EndTurn fallback flush
[2026-08-08T06:00:52.257Z] onEndTurn: naturalStop=undefined toolCalls=41 nudgeMsg=no
[2026-08-08T06:00:52.257Z] LiveUpdateForge: EndTurn fallback flush
[2026-08-08T06:00:52.257Z] onEndTurn: naturalStop=false toolCalls=41 nudgeMsg=no
[2026-08-08T06:00:58.014Z] LiveUpdateForge: AfterToolExec flush
[2026-08-08T06:00:58.053Z] InitialReadForge.onBeforeSend: SKIP (fr=true syn=false hasRead=true)
[2026-08-08T06:01:00.544Z] LiveUpdateForge: EndTurn fallback flush
[2026-08-08T06:01:00.544Z] onEndTurn: naturalStop=undefined toolCalls=42 nudgeMsg=no
[2026-08-08T06:01:00.544Z] LiveUpdateForge: EndTurn fallback flush
[2026-08-08T06:01:00.544Z] onEndTurn: naturalStop=false toolCalls=42 nudgeMsg=no
[2026-08-08T06:01:00.548Z] LiveUpdateForge: AfterToolExec flush
[2026-08-08T06:01:00.578Z] InitialReadForge.onBeforeSend: SKIP (fr=true syn=false hasRead=true)
[2026-08-08T06:01:04.074Z] LiveUpdateForge: EndTurn fallback flush
[2026-08-08T06:01:04.074Z] onEndTurn: naturalStop=undefined toolCalls=43 nudgeMsg=no
[2026-08-08T06:01:04.074Z] LiveUpdateForge: EndTurn fallback flush
[2026-08-08T06:01:04.075Z] onEndTurn: naturalStop=false toolCalls=43 nudgeMsg=no
[2026-08-08T06:01:04.078Z] LiveUpdateForge: AfterToolExec flush
[2026-08-08T06:01:04.110Z] InitialReadForge.onBeforeSend: SKIP (fr=true syn=false hasRead=true)
[2026-08-08T06:01:08.078Z] LiveUpdateForge: EndTurn fallback flush
[2026-08-08T06:01:08.078Z] onEndTurn: naturalStop=undefined toolCalls=44 nudgeMsg=no
[2026-08-08T06:01:08.079Z] LiveUpdateForge: EndTurn fallback flush
[2026-08-08T06:01:08.079Z] onEndTurn: naturalStop=false toolCalls=44 nudgeMsg=no
[2026-08-08T06:01:08.085Z] LiveUpdateForge: AfterToolExec flush
[2026-08-08T06:01:08.115Z] InitialReadForge.onBeforeSend: SKIP (fr=true syn=false hasRead=true)
[2026-08-08T06:01:18.125Z] LiveUpdateForge: EndTurn fallback flush
[2026-08-08T06:01:18.126Z] onEndTurn: naturalStop=undefined toolCalls=45 nudgeMsg=no
[2026-08-08T06:01:18.126Z] LiveUpdateForge: EndTurn fallback flush
[2026-08-08T06:01:18.126Z] onEndTurn: naturalStop=false toolCalls=45 nudgeMsg=no
[2026-08-08T06:01:18.202Z] LiveUpdateForge: AfterToolExec flush
[2026-08-08T06:01:18.230Z] InitialReadForge.onBeforeSend: SKIP (fr=true syn=false hasRead=true)
[2026-08-08T06:01:20.485Z] LiveUpdateForge: EndTurn fallback flush
[2026-08-08T06:01:20.485Z] onEndTurn: naturalStop=undefined toolCalls=46 nudgeMsg=no
[2026-08-08T06:01:20.485Z] LiveUpdateForge: EndTurn fallback flush
[2026-08-08T06:01:20.485Z] onEndTurn: naturalStop=false toolCalls=46 nudgeMsg=no
[2026-08-08T06:01:20.537Z] LiveUpdateForge: AfterToolExec flush
[2026-08-08T06:01:20.568Z] InitialReadForge.onBeforeSend: SKIP (fr=true syn=false hasRead=true)
[2026-08-08T06:01:23.077Z] LiveUpdateForge: EndTurn fallback flush
[2026-08-08T06:01:23.078Z] onEndTurn: naturalStop=undefined toolCalls=47 nudgeMsg=no
[2026-08-08T06:01:23.078Z] LiveUpdateForge: EndTurn fallback flush
[2026-08-08T06:01:23.078Z] onEndTurn: naturalStop=false toolCalls=47 nudgeMsg=no
[2026-08-08T06:01:23.083Z] LiveUpdateForge: AfterToolExec flush
[2026-08-08T06:01:23.116Z] InitialReadForge.onBeforeSend: SKIP (fr=true syn=false hasRead=true)
[2026-08-08T06:01:26.461Z] LiveUpdateForge: EndTurn fallback flush
[2026-08-08T06:01:26.461Z] onEndTurn: naturalStop=undefined toolCalls=48 nudgeMsg=no
[2026-08-08T06:01:26.461Z] LiveUpdateForge: EndTurn fallback flush
[2026-08-08T06:01:26.461Z] onEndTurn: naturalStop=false toolCalls=48 nudgeMsg=no
[2026-08-08T06:01:26.512Z] LiveUpdateForge: AfterToolExec flush
[2026-08-08T06:01:26.540Z] InitialReadForge.onBeforeSend: SKIP (fr=true syn=false hasRead=true)
[2026-08-08T06:01:35.053Z] LiveUpdateForge: EndTurn fallback flush
[2026-08-08T06:01:35.053Z] onEndTurn: naturalStop=undefined toolCalls=49 nudgeMsg=no
[2026-08-08T06:01:35.053Z] LiveUpdateForge: EndTurn fallback flush
[2026-08-08T06:01:35.053Z] onEndTurn: naturalStop=false toolCalls=49 nudgeMsg=no
[2026-08-08T06:01:35.132Z] LiveUpdateForge: AfterToolExec flush
[2026-08-08T06:01:35.163Z] InitialReadForge.onBeforeSend: SKIP (fr=true syn=false hasRead=true)
[2026-08-08T06:01:39.346Z] LiveUpdateForge: EndTurn fallback flush
[2026-08-08T06:01:39.346Z] onEndTurn: naturalStop=undefined toolCalls=50 nudgeMsg=no
[2026-08-08T06:01:39.347Z] LiveUpdateForge: EndTurn fallback flush
[2026-08-08T06:01:39.347Z] onEndTurn: naturalStop=false toolCalls=50 nudgeMsg=no
[2026-08-08T06:01:44.339Z] LiveUpdateForge: AfterToolExec flush
[2026-08-08T06:01:44.375Z] InitialReadForge.onBeforeSend: SKIP (fr=true syn=false hasRead=true)
[2026-08-08T06:01:49.437Z] LiveUpdateForge: EndTurn fallback flush
[2026-08-08T06:01:49.437Z] onEndTurn: naturalStop=undefined toolCalls=51 nudgeMsg=no
[2026-08-08T06:01:49.437Z] LiveUpdateForge: EndTurn fallback flush
[2026-08-08T06:01:49.438Z] onEndTurn: naturalStop=false toolCalls=51 nudgeMsg=no
[2026-08-08T06:01:55.855Z] LiveUpdateForge: AfterToolExec flush
[2026-08-08T06:01:55.889Z] InitialReadForge.onBeforeSend: SKIP (fr=true syn=false hasRead=true)
[2026-08-08T06:02:00.467Z] LiveUpdateForge: EndTurn fallback flush
[2026-08-08T06:02:00.467Z] onEndTurn: naturalStop=undefined toolCalls=52 nudgeMsg=no
[2026-08-08T06:02:00.467Z] LiveUpdateForge: EndTurn fallback flush
[2026-08-08T06:02:00.468Z] onEndTurn: naturalStop=false toolCalls=52 nudgeMsg=no
[2026-08-08T06:02:13.599Z] LiveUpdateForge: AfterToolExec flush
[2026-08-08T06:02:13.640Z] InitialReadForge.onBeforeSend: SKIP (fr=true syn=false hasRead=true)
[2026-08-08T06:02:15.903Z] LiveUpdateForge: EndTurn fallback flush
[2026-08-08T06:02:15.903Z] onEndTurn: naturalStop=undefined toolCalls=53 nudgeMsg=no
[2026-08-08T06:02:15.903Z] LiveUpdateForge: EndTurn fallback flush
[2026-08-08T06:02:15.903Z] onEndTurn: naturalStop=false toolCalls=53 nudgeMsg=no
[2026-08-08T06:02:17.063Z] LiveUpdateForge: AfterToolExec flush
[2026-08-08T06:02:17.099Z] InitialReadForge.onBeforeSend: SKIP (fr=true syn=false hasRead=true)
[2026-08-08T06:02:20.159Z] LiveUpdateForge: EndTurn fallback flush
[2026-08-08T06:02:20.159Z] onEndTurn: naturalStop=undefined toolCalls=54 nudgeMsg=no
[2026-08-08T06:02:20.160Z] LiveUpdateForge: EndTurn fallback flush
[2026-08-08T06:02:20.160Z] onEndTurn: naturalStop=false toolCalls=54 nudgeMsg=no
[2026-08-08T06:02:20.194Z] LiveUpdateForge: AfterToolExec flush
[2026-08-08T06:02:20.226Z] InitialReadForge.onBeforeSend: SKIP (fr=true syn=false hasRead=true)
[2026-08-08T06:02:22.758Z] LiveUpdateForge: EndTurn fallback flush
[2026-08-08T06:02:22.758Z] onEndTurn: naturalStop=undefined toolCalls=55 nudgeMsg=no
[2026-08-08T06:02:22.759Z] LiveUpdateForge: EndTurn fallback flush
[2026-08-08T06:02:22.759Z] onEndTurn: naturalStop=false toolCalls=55 nudgeMsg=no
[2026-08-08T06:02:28.486Z] LiveUpdateForge: AfterToolExec flush
[2026-08-08T06:02:28.528Z] InitialReadForge.onBeforeSend: SKIP (fr=true syn=false hasRead=true)
[2026-08-08T06:02:31.169Z] LiveUpdateForge: EndTurn fallback flush
[2026-08-08T06:02:31.169Z] onEndTurn: naturalStop=undefined toolCalls=56 nudgeMsg=no
[2026-08-08T06:02:31.169Z] LiveUpdateForge: EndTurn fallback flush
[2026-08-08T06:02:31.170Z] onEndTurn: naturalStop=false toolCalls=56 nudgeMsg=no
[2026-08-08T06:02:31.173Z] LiveUpdateForge: AfterToolExec flush
[2026-08-08T06:02:31.205Z] InitialReadForge.onBeforeSend: SKIP (fr=true syn=false hasRead=true)
[2026-08-08T06:02:35.201Z] LiveUpdateForge: EndTurn fallback flush
[2026-08-08T06:02:35.202Z] onEndTurn: naturalStop=undefined toolCalls=57 nudgeMsg=no
[2026-08-08T06:02:35.202Z] LiveUpdateForge: EndTurn fallback flush
[2026-08-08T06:02:35.202Z] onEndTurn: naturalStop=false toolCalls=57 nudgeMsg=no
[2026-08-08T06:02:35.205Z] LiveUpdateForge: AfterToolExec flush
[2026-08-08T06:02:35.237Z] InitialReadForge.onBeforeSend: SKIP (fr=true syn=false hasRead=true)
[2026-08-08T06:02:37.734Z] LiveUpdateForge: EndTurn fallback flush
[2026-08-08T06:02:37.734Z] onEndTurn: naturalStop=undefined toolCalls=58 nudgeMsg=no
[2026-08-08T06:02:37.734Z] LiveUpdateForge: EndTurn fallback flush
[2026-08-08T06:02:37.735Z] onEndTurn: naturalStop=false toolCalls=58 nudgeMsg=no
[2026-08-08T06:02:37.741Z] LiveUpdateForge: AfterToolExec flush
[2026-08-08T06:02:37.774Z] InitialReadForge.onBeforeSend: SKIP (fr=true syn=false hasRead=true)
[2026-08-08T06:02:41.217Z] LiveUpdateForge: EndTurn fallback flush
[2026-08-08T06:02:41.217Z] onEndTurn: naturalStop=undefined toolCalls=59 nudgeMsg=no
[2026-08-08T06:02:41.217Z] LiveUpdateForge: EndTurn fallback flush
[2026-08-08T06:02:41.218Z] onEndTurn: naturalStop=false toolCalls=59 nudgeMsg=no
[2026-08-08T06:02:41.269Z] LiveUpdateForge: AfterToolExec flush
[2026-08-08T06:02:41.296Z] InitialReadForge.onBeforeSend: SKIP (fr=true syn=false hasRead=true)
[2026-08-08T06:02:43.524Z] LiveUpdateForge: EndTurn fallback flush
[2026-08-08T06:02:43.525Z] onEndTurn: naturalStop=undefined toolCalls=60 nudgeMsg=no
[2026-08-08T06:02:43.525Z] LiveUpdateForge: EndTurn fallback flush
[2026-08-08T06:02:43.525Z] onEndTurn: naturalStop=false toolCalls=60 nudgeMsg=no
[2026-08-08T06:02:43.531Z] LiveUpdateForge: AfterToolExec flush
[2026-08-08T06:02:43.561Z] InitialReadForge.onBeforeSend: SKIP (fr=true syn=false hasRead=true)
[2026-08-08T06:03:14.455Z] LiveUpdateForge: EndTurn fallback flush
[2026-08-08T06:03:14.456Z] onEndTurn: naturalStop=undefined toolCalls=61 nudgeMsg=no
[2026-08-08T06:03:14.456Z] LiveUpdateForge: EndTurn fallback flush
[2026-08-08T06:03:14.457Z] onEndTurn: naturalStop=false toolCalls=61 nudgeMsg=no
[2026-08-08T06:03:14.463Z] LiveUpdateForge: AfterToolExec flush
[2026-08-08T06:03:14.494Z] InitialReadForge.onBeforeSend: SKIP (fr=true syn=false hasRead=true)
[2026-08-08T06:03:19.743Z] LiveUpdateForge: EndTurn fallback flush
[2026-08-08T06:03:19.743Z] onEndTurn: naturalStop=undefined toolCalls=62 nudgeMsg=no
[2026-08-08T06:03:19.743Z] LiveUpdateForge: EndTurn fallback flush
[2026-08-08T06:03:19.743Z] onEndTurn: naturalStop=false toolCalls=62 nudgeMsg=no
[2026-08-08T06:03:19.806Z] LiveUpdateForge: AfterToolExec flush
[2026-08-08T06:03:19.838Z] InitialReadForge.onBeforeSend: SKIP (fr=true syn=false hasRead=true)
[2026-08-08T06:03:24.881Z] LiveUpdateForge: EndTurn fallback flush
[2026-08-08T06:03:24.882Z] onEndTurn: naturalStop=undefined toolCalls=63 nudgeMsg=no
[2026-08-08T06:03:24.882Z] LiveUpdateForge: EndTurn fallback flush
[2026-08-08T06:03:24.882Z] onEndTurn: naturalStop=false toolCalls=63 nudgeMsg=no
[2026-08-08T06:03:24.935Z] LiveUpdateForge: AfterToolExec flush
[2026-08-08T06:03:24.964Z] InitialReadForge.onBeforeSend: SKIP (fr=true syn=false hasRead=true)
[2026-08-08T06:03:27.760Z] LiveUpdateForge: EndTurn fallback flush
[2026-08-08T06:03:27.760Z] onEndTurn: naturalStop=undefined toolCalls=64 nudgeMsg=no
[2026-08-08T06:03:27.760Z] LiveUpdateForge: EndTurn fallback flush
[2026-08-08T06:03:27.760Z] onEndTurn: naturalStop=false toolCalls=64 nudgeMsg=no
[2026-08-08T06:03:27.815Z] LiveUpdateForge: AfterToolExec flush
[2026-08-08T06:03:27.844Z] InitialReadForge.onBeforeSend: SKIP (fr=true syn=false hasRead=true)
[2026-08-08T06:03:33.586Z] LiveUpdateForge: EndTurn fallback flush
[2026-08-08T06:03:33.586Z] onEndTurn: naturalStop=undefined toolCalls=65 nudgeMsg=no
[2026-08-08T06:03:33.586Z] LiveUpdateForge: EndTurn fallback flush
[2026-08-08T06:03:33.586Z] onEndTurn: naturalStop=false toolCalls=65 nudgeMsg=no
[2026-08-08T06:03:33.625Z] LiveUpdateForge: AfterToolExec flush
[2026-08-08T06:03:33.653Z] InitialReadForge.onBeforeSend: SKIP (fr=true syn=false hasRead=true)
[2026-08-08T06:03:39.642Z] LiveUpdateForge: EndTurn fallback flush
[2026-08-08T06:03:39.642Z] onEndTurn: naturalStop=undefined toolCalls=66 nudgeMsg=no
[2026-08-08T06:03:39.642Z] LiveUpdateForge: EndTurn fallback flush
[2026-08-08T06:03:39.643Z] onEndTurn: naturalStop=false toolCalls=66 nudgeMsg=no
[2026-08-08T06:03:39.686Z] LiveUpdateForge: AfterToolExec flush
[2026-08-08T06:03:39.718Z] InitialReadForge.onBeforeSend: SKIP (fr=true syn=false hasRead=true)
[2026-08-08T06:03:46.934Z] LiveUpdateForge: EndTurn fallback flush
[2026-08-08T06:03:46.934Z] onEndTurn: naturalStop=undefined toolCalls=67 nudgeMsg=no
[2026-08-08T06:03:46.935Z] LiveUpdateForge: EndTurn fallback flush
[2026-08-08T06:03:46.935Z] onEndTurn: naturalStop=false toolCalls=67 nudgeMsg=no
[2026-08-08T06:03:47.016Z] LiveUpdateForge: AfterToolExec flush
[2026-08-08T06:03:47.046Z] InitialReadForge.onBeforeSend: SKIP (fr=true syn=false hasRead=true)
[2026-08-08T06:03:49.501Z] LiveUpdateForge: EndTurn fallback flush
[2026-08-08T06:03:49.502Z] onEndTurn: naturalStop=undefined toolCalls=68 nudgeMsg=no
[2026-08-08T06:03:49.502Z] LiveUpdateForge: EndTurn fallback flush
[2026-08-08T06:03:49.502Z] onEndTurn: naturalStop=false toolCalls=68 nudgeMsg=no
[2026-08-08T06:03:49.554Z] LiveUpdateForge: AfterToolExec flush
[2026-08-08T06:03:49.582Z] InitialReadForge.onBeforeSend: SKIP (fr=true syn=false hasRead=true)
[2026-08-08T06:03:52.917Z] LiveUpdateForge: EndTurn fallback flush
[2026-08-08T06:03:52.917Z] onEndTurn: naturalStop=undefined toolCalls=69 nudgeMsg=no
[2026-08-08T06:03:52.918Z] LiveUpdateForge: EndTurn fallback flush
[2026-08-08T06:03:52.918Z] onEndTurn: naturalStop=false toolCalls=69 nudgeMsg=no
[2026-08-08T06:03:52.960Z] LiveUpdateForge: AfterToolExec flush
[2026-08-08T06:03:52.992Z] InitialReadForge.onBeforeSend: SKIP (fr=true syn=false hasRead=true)
[2026-08-08T06:03:55.367Z] LiveUpdateForge: EndTurn fallback flush
[2026-08-08T06:03:55.367Z] onEndTurn: naturalStop=undefined toolCalls=70 nudgeMsg=no
[2026-08-08T06:03:55.367Z] LiveUpdateForge: EndTurn fallback flush
[2026-08-08T06:03:55.367Z] onEndTurn: naturalStop=false toolCalls=70 nudgeMsg=no
[2026-08-08T06:03:55.416Z] LiveUpdateForge: AfterToolExec flush
[2026-08-08T06:03:55.445Z] InitialReadForge.onBeforeSend: SKIP (fr=true syn=false hasRead=true)
[2026-08-08T06:04:00.294Z] LiveUpdateForge: EndTurn fallback flush
[2026-08-08T06:04:00.294Z] onEndTurn: naturalStop=undefined toolCalls=71 nudgeMsg=no
[2026-08-08T06:04:00.295Z] LiveUpdateForge: EndTurn fallback flush
[2026-08-08T06:04:00.295Z] onEndTurn: naturalStop=false toolCalls=71 nudgeMsg=no
[2026-08-08T06:04:00.302Z] LiveUpdateForge: AfterToolExec flush
[2026-08-08T06:04:00.332Z] InitialReadForge.onBeforeSend: SKIP (fr=true syn=false hasRead=true)
[2026-08-08T06:04:06.726Z] LiveUpdateForge: EndTurn fallback flush
[2026-08-08T06:04:06.726Z] onEndTurn: naturalStop=undefined toolCalls=72 nudgeMsg=no
[2026-08-08T06:04:06.726Z] LiveUpdateForge: EndTurn fallback flush
[2026-08-08T06:04:06.727Z] onEndTurn: naturalStop=false toolCalls=72 nudgeMsg=no
[2026-08-08T06:04:06.797Z] LiveUpdateForge: AfterToolExec flush
[2026-08-08T06:04:06.826Z] InitialReadForge.onBeforeSend: SKIP (fr=true syn=false hasRead=true)
[2026-08-08T06:04:12.385Z] LiveUpdateForge: EndTurn fallback flush
[2026-08-08T06:04:12.385Z] onEndTurn: naturalStop=undefined toolCalls=73 nudgeMsg=no
[2026-08-08T06:04:12.385Z] LiveUpdateForge: EndTurn fallback flush
[2026-08-08T06:04:12.386Z] onEndTurn: naturalStop=false toolCalls=73 nudgeMsg=no
[2026-08-08T06:04:17.777Z] LiveUpdateForge: AfterToolExec flush
[2026-08-08T06:04:17.816Z] InitialReadForge.onBeforeSend: SKIP (fr=true syn=false hasRead=true)
[2026-08-08T06:04:24.348Z] LiveUpdateForge: EndTurn fallback flush
[2026-08-08T06:04:24.349Z] onEndTurn: naturalStop=undefined toolCalls=74 nudgeMsg=no
[2026-08-08T06:04:24.349Z] LiveUpdateForge: EndTurn fallback flush
[2026-08-08T06:04:24.349Z] onEndTurn: naturalStop=false toolCalls=74 nudgeMsg=no
[2026-08-08T06:04:37.996Z] LiveUpdateForge: AfterToolExec flush
[2026-08-08T06:04:38.030Z] InitialReadForge.onBeforeSend: SKIP (fr=true syn=false hasRead=true)
[2026-08-08T06:04:43.076Z] LiveUpdateForge: EndTurn fallback flush
[2026-08-08T06:04:43.076Z] onEndTurn: naturalStop=undefined toolCalls=75 nudgeMsg=no
[2026-08-08T06:04:43.076Z] LiveUpdateForge: EndTurn fallback flush
[2026-08-08T06:04:43.076Z] onEndTurn: naturalStop=false toolCalls=75 nudgeMsg=no
[2026-08-08T06:04:44.291Z] LiveUpdateForge: AfterToolExec flush
[2026-08-08T06:04:44.324Z] InitialReadForge.onBeforeSend: SKIP (fr=true syn=false hasRead=true)
[2026-08-08T06:04:48.388Z] LiveUpdateForge: EndTurn fallback flush
[2026-08-08T06:04:48.389Z] onEndTurn: naturalStop=undefined toolCalls=76 nudgeMsg=no
[2026-08-08T06:04:48.389Z] LiveUpdateForge: EndTurn fallback flush
[2026-08-08T06:04:48.390Z] onEndTurn: naturalStop=false toolCalls=76 nudgeMsg=no
[2026-08-08T06:04:48.441Z] LiveUpdateForge: AfterToolExec flush
[2026-08-08T06:04:48.470Z] InitialReadForge.onBeforeSend: SKIP (fr=true syn=false hasRead=true)
[2026-08-08T06:05:01.001Z] LiveUpdateForge: EndTurn fallback flush
[2026-08-08T06:05:01.001Z] onEndTurn: naturalStop=undefined toolCalls=77 nudgeMsg=no
[2026-08-08T06:05:01.001Z] LiveUpdateForge: EndTurn fallback flush
[2026-08-08T06:05:01.001Z] onEndTurn: naturalStop=false toolCalls=77 nudgeMsg=no
[2026-08-08T06:05:06.955Z] LiveUpdateForge: AfterToolExec flush
[2026-08-08T06:05:06.992Z] InitialReadForge.onBeforeSend: SKIP (fr=true syn=false hasRead=true)
[2026-08-08T06:05:21.771Z] LiveUpdateForge: EndTurn fallback flush
[2026-08-08T06:05:21.771Z] onEndTurn: naturalStop=undefined toolCalls=78 nudgeMsg=no
[2026-08-08T06:05:21.772Z] LiveUpdateForge: EndTurn fallback flush
[2026-08-08T06:05:21.772Z] onEndTurn: naturalStop=false toolCalls=78 nudgeMsg=no
[2026-08-08T06:05:21.775Z] LiveUpdateForge: AfterToolExec flush
[2026-08-08T06:05:21.810Z] InitialReadForge.onBeforeSend: SKIP (fr=true syn=false hasRead=true)
[2026-08-08T06:05:38.799Z] LiveUpdateForge: EndTurn fallback flush
[2026-08-08T06:05:38.799Z] onEndTurn: naturalStop=undefined toolCalls=79 nudgeMsg=no
[2026-08-08T06:05:38.800Z] LiveUpdateForge: EndTurn fallback flush
[2026-08-08T06:05:38.800Z] onEndTurn: naturalStop=false toolCalls=79 nudgeMsg=no
[2026-08-08T06:05:39.896Z] LiveUpdateForge: AfterToolExec flush
[2026-08-08T06:05:39.937Z] InitialReadForge.onBeforeSend: SKIP (fr=true syn=false hasRead=true)
[2026-08-08T06:06:18.449Z] LiveUpdateForge: EndTurn fallback flush
[2026-08-08T06:06:18.450Z] onEndTurn: naturalStop=undefined toolCalls=80 nudgeMsg=no
[2026-08-08T06:06:18.450Z] LiveUpdateForge: EndTurn fallback flush
[2026-08-08T06:06:18.450Z] onEndTurn: naturalStop=false toolCalls=80 nudgeMsg=no
[2026-08-08T06:06:18.454Z] LiveUpdateForge: AfterToolExec flush
[2026-08-08T06:06:18.489Z] InitialReadForge.onBeforeSend: SKIP (fr=true syn=false hasRead=true)
[2026-08-08T06:06:20.609Z] LiveUpdateForge: EndTurn fallback flush
[2026-08-08T06:06:20.609Z] onEndTurn: naturalStop=undefined toolCalls=81 nudgeMsg=no
[2026-08-08T06:06:20.609Z] LiveUpdateForge: EndTurn fallback flush
[2026-08-08T06:06:20.609Z] onEndTurn: naturalStop=false toolCalls=81 nudgeMsg=no
[2026-08-08T06:06:20.612Z] LiveUpdateForge: AfterToolExec flush
[2026-08-08T06:06:20.647Z] InitialReadForge.onBeforeSend: SKIP (fr=true syn=false hasRead=true)
[2026-08-08T06:06:25.826Z] LiveUpdateForge: EndTurn fallback flush
[2026-08-08T06:06:25.826Z] onEndTurn: naturalStop=undefined toolCalls=82 nudgeMsg=no
[2026-08-08T06:06:25.826Z] LiveUpdateForge: EndTurn fallback flush
[2026-08-08T06:06:25.826Z] onEndTurn: naturalStop=false toolCalls=82 nudgeMsg=no
[2026-08-08T06:06:25.833Z] LiveUpdateForge: AfterToolExec flush
[2026-08-08T06:06:25.866Z] InitialReadForge.onBeforeSend: SKIP (fr=true syn=false hasRead=true)
[2026-08-08T06:06:29.678Z] LiveUpdateForge: EndTurn fallback flush
[2026-08-08T06:06:29.679Z] onEndTurn: naturalStop=undefined toolCalls=83 nudgeMsg=no
[2026-08-08T06:06:29.679Z] LiveUpdateForge: EndTurn fallback flush
[2026-08-08T06:06:29.679Z] onEndTurn: naturalStop=false toolCalls=83 nudgeMsg=no
[2026-08-08T06:06:29.685Z] LiveUpdateForge: AfterToolExec flush
[2026-08-08T06:06:29.729Z] InitialReadForge.onBeforeSend: SKIP (fr=true syn=false hasRead=true)
[2026-08-08T06:06:34.612Z] LiveUpdateForge: EndTurn fallback flush
[2026-08-08T06:06:34.613Z] onEndTurn: naturalStop=undefined toolCalls=84 nudgeMsg=no
[2026-08-08T06:06:34.613Z] LiveUpdateForge: EndTurn fallback flush
[2026-08-08T06:06:34.613Z] onEndTurn: naturalStop=false toolCalls=84 nudgeMsg=no
[2026-08-08T06:06:34.618Z] LiveUpdateForge: AfterToolExec flush
[2026-08-08T06:06:34.650Z] InitialReadForge.onBeforeSend: SKIP (fr=true syn=false hasRead=true)
[2026-08-08T06:06:39.094Z] LiveUpdateForge: EndTurn fallback flush
[2026-08-08T06:06:39.094Z] onEndTurn: naturalStop=undefined toolCalls=85 nudgeMsg=no
[2026-08-08T06:06:39.094Z] LiveUpdateForge: EndTurn fallback flush
[2026-08-08T06:06:39.094Z] onEndTurn: naturalStop=false toolCalls=85 nudgeMsg=no
[2026-08-08T06:06:39.099Z] LiveUpdateForge: AfterToolExec flush
[2026-08-08T06:06:39.134Z] InitialReadForge.onBeforeSend: SKIP (fr=true syn=false hasRead=true)
[2026-08-08T06:06:54.948Z] LiveUpdateForge: EndTurn fallback flush
[2026-08-08T06:06:54.948Z] onEndTurn: naturalStop=undefined toolCalls=86 nudgeMsg=no
[2026-08-08T06:06:54.948Z] LiveUpdateForge: EndTurn fallback flush
[2026-08-08T06:06:54.949Z] onEndTurn: naturalStop=false toolCalls=86 nudgeMsg=no
[2026-08-08T06:06:55.016Z] LiveUpdateForge: AfterToolExec flush
[2026-08-08T06:06:55.051Z] InitialReadForge.onBeforeSend: SKIP (fr=true syn=false hasRead=true)
[2026-08-08T06:06:58.599Z] LiveUpdateForge: EndTurn fallback flush
[2026-08-08T06:06:58.599Z] onEndTurn: naturalStop=undefined toolCalls=87 nudgeMsg=no
[2026-08-08T06:06:58.599Z] LiveUpdateForge: EndTurn fallback flush
[2026-08-08T06:06:58.599Z] onEndTurn: naturalStop=false toolCalls=87 nudgeMsg=no
[2026-08-08T06:06:58.605Z] LiveUpdateForge: AfterToolExec flush
[2026-08-08T06:06:58.639Z] InitialReadForge.onBeforeSend: SKIP (fr=true syn=false hasRead=true)
[2026-08-08T06:07:01.367Z] LiveUpdateForge: EndTurn fallback flush
[2026-08-08T06:07:01.368Z] onEndTurn: naturalStop=undefined toolCalls=88 nudgeMsg=no
[2026-08-08T06:07:01.368Z] LiveUpdateForge: EndTurn fallback flush
[2026-08-08T06:07:01.368Z] onEndTurn: naturalStop=false toolCalls=88 nudgeMsg=no
[2026-08-08T06:07:01.408Z] LiveUpdateForge: AfterToolExec flush
[2026-08-08T06:07:01.442Z] InitialReadForge.onBeforeSend: SKIP (fr=true syn=false hasRead=true)
[2026-08-08T06:07:04.122Z] LiveUpdateForge: EndTurn fallback flush
[2026-08-08T06:07:04.122Z] onEndTurn: naturalStop=undefined toolCalls=89 nudgeMsg=no
[2026-08-08T06:07:04.122Z] LiveUpdateForge: EndTurn fallback flush
[2026-08-08T06:07:04.122Z] onEndTurn: naturalStop=false toolCalls=89 nudgeMsg=no
[2026-08-08T06:07:09.119Z] LiveUpdateForge: AfterToolExec flush
[2026-08-08T06:07:09.161Z] InitialReadForge.onBeforeSend: SKIP (fr=true syn=false hasRead=true)
[2026-08-08T06:07:13.822Z] LiveUpdateForge: EndTurn fallback flush
[2026-08-08T06:07:13.823Z] onEndTurn: naturalStop=undefined toolCalls=90 nudgeMsg=no
[2026-08-08T06:07:13.823Z] LiveUpdateForge: EndTurn fallback flush
[2026-08-08T06:07:13.823Z] onEndTurn: naturalStop=false toolCalls=90 nudgeMsg=no
[2026-08-08T06:07:27.556Z] LiveUpdateForge: AfterToolExec flush
[2026-08-08T06:07:27.598Z] InitialReadForge.onBeforeSend: SKIP (fr=true syn=false hasRead=true)
[2026-08-08T06:07:43.817Z] LiveUpdateForge: EndTurn fallback flush
[2026-08-08T06:07:43.817Z] onEndTurn: naturalStop=undefined toolCalls=91 nudgeMsg=no
[2026-08-08T06:07:43.818Z] LiveUpdateForge: EndTurn fallback flush
[2026-08-08T06:07:43.818Z] onEndTurn: naturalStop=false toolCalls=91 nudgeMsg=no
[2026-08-08T06:07:43.900Z] LiveUpdateForge: AfterToolExec flush
[2026-08-08T06:07:43.939Z] InitialReadForge.onBeforeSend: SKIP (fr=true syn=false hasRead=true)
[2026-08-08T06:07:49.334Z] LiveUpdateForge: EndTurn fallback flush
[2026-08-08T06:07:49.334Z] onEndTurn: naturalStop=undefined toolCalls=92 nudgeMsg=no
[2026-08-08T06:07:49.334Z] LiveUpdateForge: EndTurn fallback flush
[2026-08-08T06:07:49.335Z] onEndTurn: naturalStop=false toolCalls=92 nudgeMsg=no
[2026-08-08T06:07:54.296Z] LiveUpdateForge: AfterToolExec flush
[2026-08-08T06:07:54.339Z] InitialReadForge.onBeforeSend: SKIP (fr=true syn=false hasRead=true)
[2026-08-08T06:07:58.875Z] LiveUpdateForge: EndTurn fallback flush
[2026-08-08T06:07:58.875Z] onEndTurn: naturalStop=undefined toolCalls=93 nudgeMsg=no
[2026-08-08T06:07:58.876Z] LiveUpdateForge: EndTurn fallback flush
[2026-08-08T06:07:58.876Z] onEndTurn: naturalStop=false toolCalls=93 nudgeMsg=no
[2026-08-08T06:07:58.882Z] LiveUpdateForge: AfterToolExec flush
[2026-08-08T06:07:58.919Z] InitialReadForge.onBeforeSend: SKIP (fr=true syn=false hasRead=true)
[2026-08-08T06:08:01.632Z] LiveUpdateForge: EndTurn fallback flush
[2026-08-08T06:08:01.633Z] onEndTurn: naturalStop=undefined toolCalls=94 nudgeMsg=no
[2026-08-08T06:08:01.633Z] LiveUpdateForge: EndTurn fallback flush
[2026-08-08T06:08:01.633Z] onEndTurn: naturalStop=false toolCalls=94 nudgeMsg=no
[2026-08-08T06:08:01.677Z] LiveUpdateForge: AfterToolExec flush
[2026-08-08T06:08:01.713Z] InitialReadForge.onBeforeSend: SKIP (fr=true syn=false hasRead=true)
[2026-08-08T06:08:15.240Z] LiveUpdateForge: EndTurn fallback flush
[2026-08-08T06:08:15.240Z] onEndTurn: naturalStop=undefined toolCalls=95 nudgeMsg=no
[2026-08-08T06:08:15.241Z] LiveUpdateForge: EndTurn fallback flush
[2026-08-08T06:08:15.241Z] onEndTurn: naturalStop=false toolCalls=95 nudgeMsg=no
[2026-08-08T06:08:15.281Z] LiveUpdateForge: AfterToolExec flush
[2026-08-08T06:08:15.314Z] InitialReadForge.onBeforeSend: SKIP (fr=true syn=false hasRead=true)
[2026-08-08T06:08:19.926Z] LiveUpdateForge: EndTurn fallback flush
[2026-08-08T06:08:19.926Z] onEndTurn: naturalStop=undefined toolCalls=96 nudgeMsg=no
[2026-08-08T06:08:19.926Z] LiveUpdateForge: EndTurn fallback flush
[2026-08-08T06:08:19.926Z] onEndTurn: naturalStop=false toolCalls=96 nudgeMsg=no
[2026-08-08T06:08:23.069Z] LiveUpdateForge: AfterToolExec flush
[2026-08-08T06:08:23.114Z] InitialReadForge.onBeforeSend: SKIP (fr=true syn=false hasRead=true)
[2026-08-08T06:08:27.797Z] LiveUpdateForge: EndTurn fallback flush
[2026-08-08T06:08:27.797Z] onEndTurn: naturalStop=undefined toolCalls=97 nudgeMsg=no
[2026-08-08T06:08:27.797Z] LiveUpdateForge: EndTurn fallback flush
[2026-08-08T06:08:27.797Z] onEndTurn: naturalStop=false toolCalls=97 nudgeMsg=no
[2026-08-08T06:08:33.453Z] LiveUpdateForge: AfterToolExec flush
[2026-08-08T06:08:33.498Z] InitialReadForge.onBeforeSend: SKIP (fr=true syn=false hasRead=true)
[2026-08-08T06:08:36.811Z] LiveUpdateForge: EndTurn fallback flush
[2026-08-08T06:08:36.811Z] onEndTurn: naturalStop=undefined toolCalls=98 nudgeMsg=no
[2026-08-08T06:08:36.811Z] LiveUpdateForge: EndTurn fallback flush
[2026-08-08T06:08:36.812Z] onEndTurn: naturalStop=false toolCalls=98 nudgeMsg=no
[2026-08-08T06:08:49.641Z] LiveUpdateForge: AfterToolExec flush
[2026-08-08T06:08:49.694Z] InitialReadForge.onBeforeSend: SKIP (fr=true syn=false hasRead=true)
[2026-08-08T06:08:56.752Z] LiveUpdateForge: EndTurn fallback flush
[2026-08-08T06:08:56.752Z] onEndTurn: naturalStop=undefined toolCalls=99 nudgeMsg=no
[2026-08-08T06:08:56.752Z] LiveUpdateForge: EndTurn fallback flush
[2026-08-08T06:08:56.752Z] onEndTurn: naturalStop=false toolCalls=99 nudgeMsg=no
[2026-08-08T06:08:57.966Z] LiveUpdateForge: AfterToolExec flush
[2026-08-08T06:08:58.012Z] InitialReadForge.onBeforeSend: SKIP (fr=true syn=false hasRead=true)
[2026-08-08T06:09:05.707Z] LiveUpdateForge: EndTurn fallback flush
[2026-08-08T06:09:05.707Z] onEndTurn: naturalStop=undefined toolCalls=100 nudgeMsg=no
[2026-08-08T06:09:05.707Z] LiveUpdateForge: EndTurn fallback flush
[2026-08-08T06:09:05.708Z] onEndTurn: naturalStop=false toolCalls=100 nudgeMsg=no
[2026-08-08T06:09:05.749Z] LiveUpdateForge: AfterToolExec flush
[2026-08-08T06:09:05.785Z] InitialReadForge.onBeforeSend: SKIP (fr=true syn=false hasRead=true)
[2026-08-08T06:09:13.740Z] LiveUpdateForge: EndTurn fallback flush
[2026-08-08T06:09:13.740Z] onEndTurn: naturalStop=undefined toolCalls=101 nudgeMsg=no
[2026-08-08T06:09:13.740Z] LiveUpdateForge: EndTurn fallback flush
[2026-08-08T06:09:13.740Z] onEndTurn: naturalStop=false toolCalls=101 nudgeMsg=no
[2026-08-08T06:09:19.798Z] LiveUpdateForge: AfterToolExec flush
[2026-08-08T06:09:19.840Z] InitialReadForge.onBeforeSend: SKIP (fr=true syn=false hasRead=true)
[2026-08-08T06:09:40.408Z] LiveUpdateForge: EndTurn fallback flush
[2026-08-08T06:09:40.409Z] onEndTurn: naturalStop=undefined toolCalls=102 nudgeMsg=no
[2026-08-08T06:09:40.409Z] LiveUpdateForge: EndTurn fallback flush
[2026-08-08T06:09:40.409Z] onEndTurn: naturalStop=false toolCalls=102 nudgeMsg=no
[2026-08-08T06:09:40.413Z] LiveUpdateForge: AfterToolExec flush
[2026-08-08T06:09:40.454Z] InitialReadForge.onBeforeSend: SKIP (fr=true syn=false hasRead=true)
[2026-08-08T06:09:49.275Z] LiveUpdateForge: EndTurn fallback flush
[2026-08-08T06:09:49.275Z] onEndTurn: naturalStop=undefined toolCalls=103 nudgeMsg=no
[2026-08-08T06:09:49.275Z] LiveUpdateForge: EndTurn fallback flush
[2026-08-08T06:09:49.276Z] onEndTurn: naturalStop=false toolCalls=103 nudgeMsg=no
[2026-08-08T06:09:49.282Z] LiveUpdateForge: self-write on D:\xm\CacheHub\CODELY.md, baseline aligned
[2026-08-08T06:09:49.282Z] LiveUpdateForge: AfterToolExec flush
[2026-08-08T06:09:49.316Z] InitialReadForge.onBeforeSend: SKIP (fr=true syn=false hasRead=true)
[2026-08-08T06:10:21.327Z] LiveUpdateForge: EndTurn fallback flush
[2026-08-08T06:10:21.327Z] onEndTurn: naturalStop=undefined toolCalls=0 nudgeMsg=no
[2026-08-08T06:10:21.328Z] LiveUpdateForge: EndTurn fallback flush
[2026-08-08T06:10:21.328Z] onEndTurn: naturalStop=true toolCalls=0 nudgeMsg=no
[2026-08-08T06:10:24.224Z] ResumeDiffForge: running checkResumeConsistency
[2026-08-08T06:10:24.225Z] checkResumeConsistency: forgedTimestamps=[]
[2026-08-08T06:10:24.232Z] checkResumeConsistency: no changes detected
[2026-08-08T06:10:24.232Z] LiveUpdateForge: session reset, allowLiveUpdate = false
[2026-08-08T06:10:24.232Z] NudgeForge: ResumeComplete — restoring count from history
[2026-08-08T06:10:24.233Z] restoreNudgeCountFromHistory: found last write at idx=781 count=0
[2026-08-08T06:10:24.294Z] LiveUpdateForge: allowLiveUpdate = true (first real BeforeSend)
[2026-08-08T06:10:24.294Z] InitialReadForge.onBeforeSend: SKIP (fr=false syn=false hasRead=true)
[2026-08-08T06:10:39.640Z] LiveUpdateForge: EndTurn fallback flush
[2026-08-08T06:10:39.640Z] onEndTurn: naturalStop=undefined toolCalls=0 nudgeMsg=no
[2026-08-08T06:10:39.641Z] LiveUpdateForge: EndTurn fallback flush
[2026-08-08T06:10:39.641Z] onEndTurn: naturalStop=false toolCalls=0 nudgeMsg=no
[2026-08-08T06:10:40.797Z] LiveUpdateForge: AfterToolExec flush
[2026-08-08T06:10:40.830Z] InitialReadForge.onBeforeSend: SKIP (fr=true syn=false hasRead=true)
[2026-08-08T06:10:56.319Z] LiveUpdateForge: EndTurn fallback flush
[2026-08-08T06:10:56.319Z] onEndTurn: naturalStop=undefined toolCalls=1 nudgeMsg=no
[2026-08-08T06:10:56.320Z] LiveUpdateForge: EndTurn fallback flush
[2026-08-08T06:10:56.320Z] onEndTurn: naturalStop=false toolCalls=1 nudgeMsg=no
[2026-08-08T06:11:32.932Z] LiveUpdateForge: AfterToolExec flush
[2026-08-08T06:11:32.974Z] InitialReadForge.onBeforeSend: SKIP (fr=true syn=false hasRead=true)
[2026-08-08T06:11:48.695Z] LiveUpdateForge: EndTurn fallback flush
[2026-08-08T06:11:48.696Z] onEndTurn: naturalStop=undefined toolCalls=2 nudgeMsg=no
[2026-08-08T06:11:48.696Z] LiveUpdateForge: EndTurn fallback flush
[2026-08-08T06:11:48.696Z] onEndTurn: naturalStop=true toolCalls=2 nudgeMsg=no
[2026-08-08T06:11:50.916Z] ResumeDiffForge: running checkResumeConsistency
[2026-08-08T06:11:50.916Z] checkResumeConsistency: forgedTimestamps=[]
[2026-08-08T06:11:50.922Z] checkResumeConsistency: no changes detected
[2026-08-08T06:11:50.922Z] LiveUpdateForge: session reset, allowLiveUpdate = false
[2026-08-08T06:11:50.922Z] NudgeForge: ResumeComplete — restoring count from history
[2026-08-08T06:11:50.923Z] restoreNudgeCountFromHistory: found last write at idx=781 count=2
[2026-08-08T06:11:50.983Z] LiveUpdateForge: allowLiveUpdate = true (first real BeforeSend)
[2026-08-08T06:11:50.984Z] InitialReadForge.onBeforeSend: SKIP (fr=false syn=false hasRead=true)
[2026-08-08T06:11:59.982Z] LiveUpdateForge: EndTurn fallback flush
[2026-08-08T06:11:59.982Z] onEndTurn: naturalStop=undefined toolCalls=2 nudgeMsg=no
[2026-08-08T06:11:59.982Z] LiveUpdateForge: EndTurn fallback flush
[2026-08-08T06:11:59.983Z] onEndTurn: naturalStop=false toolCalls=2 nudgeMsg=no
[2026-08-08T06:12:01.171Z] LiveUpdateForge: AfterToolExec flush
[2026-08-08T06:12:01.218Z] InitialReadForge.onBeforeSend: SKIP (fr=true syn=false hasRead=true)
[2026-08-08T06:12:06.845Z] LiveUpdateForge: EndTurn fallback flush
[2026-08-08T06:12:06.845Z] onEndTurn: naturalStop=undefined toolCalls=3 nudgeMsg=no
[2026-08-08T06:12:06.845Z] LiveUpdateForge: EndTurn fallback flush
[2026-08-08T06:12:06.845Z] onEndTurn: naturalStop=false toolCalls=3 nudgeMsg=no
[2026-08-08T06:12:40.491Z] LiveUpdateForge: AfterToolExec flush
[2026-08-08T06:12:40.527Z] InitialReadForge.onBeforeSend: SKIP (fr=true syn=false hasRead=true)
[2026-08-08T06:13:00.493Z] LiveUpdateForge: EndTurn fallback flush
[2026-08-08T06:13:00.494Z] onEndTurn: naturalStop=undefined toolCalls=4 nudgeMsg=no
[2026-08-08T06:13:00.494Z] LiveUpdateForge: EndTurn fallback flush
[2026-08-08T06:13:00.494Z] onEndTurn: naturalStop=true toolCalls=4 nudgeMsg=no
[2026-08-08T06:13:03.206Z] ResumeDiffForge: running checkResumeConsistency
[2026-08-08T06:13:03.206Z] checkResumeConsistency: forgedTimestamps=[]
[2026-08-08T06:13:03.211Z] checkResumeConsistency: no changes detected
[2026-08-08T06:13:03.211Z] LiveUpdateForge: session reset, allowLiveUpdate = false
[2026-08-08T06:13:03.211Z] NudgeForge: ResumeComplete — restoring count from history
[2026-08-08T06:13:03.212Z] restoreNudgeCountFromHistory: found last write at idx=781 count=4
[2026-08-08T06:13:03.274Z] LiveUpdateForge: allowLiveUpdate = true (first real BeforeSend)
[2026-08-08T06:13:03.275Z] InitialReadForge.onBeforeSend: SKIP (fr=false syn=false hasRead=true)
[2026-08-08T06:13:26.297Z] LiveUpdateForge: EndTurn fallback flush
[2026-08-08T06:13:26.297Z] onEndTurn: naturalStop=undefined toolCalls=4 nudgeMsg=no
[2026-08-08T06:13:26.298Z] LiveUpdateForge: EndTurn fallback flush
[2026-08-08T06:13:26.298Z] onEndTurn: naturalStop=false toolCalls=4 nudgeMsg=no
[2026-08-08T06:13:57.291Z] LiveUpdateForge: AfterToolExec flush
[2026-08-08T06:13:57.331Z] InitialReadForge.onBeforeSend: SKIP (fr=true syn=false hasRead=true)
[2026-08-08T06:14:04.916Z] LiveUpdateForge: EndTurn fallback flush
[2026-08-08T06:14:04.917Z] onEndTurn: naturalStop=undefined toolCalls=5 nudgeMsg=no
[2026-08-08T06:14:04.917Z] LiveUpdateForge: EndTurn fallback flush
[2026-08-08T06:14:04.917Z] onEndTurn: naturalStop=false toolCalls=5 nudgeMsg=no
[2026-08-08T06:14:04.922Z] LiveUpdateForge: AfterToolExec flush
[2026-08-08T06:14:04.965Z] InitialReadForge.onBeforeSend: SKIP (fr=true syn=false hasRead=true)
[2026-08-08T06:14:17.419Z] LiveUpdateForge: EndTurn fallback flush
[2026-08-08T06:14:17.419Z] onEndTurn: naturalStop=undefined toolCalls=6 nudgeMsg=no
[2026-08-08T06:14:17.420Z] LiveUpdateForge: EndTurn fallback flush
[2026-08-08T06:14:17.420Z] onEndTurn: naturalStop=false toolCalls=6 nudgeMsg=no
[2026-08-08T06:14:17.424Z] LiveUpdateForge: AfterToolExec flush
[2026-08-08T06:14:17.460Z] InitialReadForge.onBeforeSend: SKIP (fr=true syn=false hasRead=true)
[2026-08-08T06:14:27.467Z] LiveUpdateForge: EndTurn fallback flush
[2026-08-08T06:14:27.467Z] onEndTurn: naturalStop=undefined toolCalls=7 nudgeMsg=no
[2026-08-08T06:14:27.467Z] LiveUpdateForge: EndTurn fallback flush
[2026-08-08T06:14:27.467Z] onEndTurn: naturalStop=false toolCalls=7 nudgeMsg=no
[2026-08-08T06:14:27.471Z] LiveUpdateForge: AfterToolExec flush
[2026-08-08T06:14:27.509Z] InitialReadForge.onBeforeSend: SKIP (fr=true syn=false hasRead=true)
[2026-08-08T06:14:33.737Z] LiveUpdateForge: EndTurn fallback flush
[2026-08-08T06:14:33.737Z] onEndTurn: naturalStop=undefined toolCalls=8 nudgeMsg=no
[2026-08-08T06:14:33.737Z] LiveUpdateForge: EndTurn fallback flush
[2026-08-08T06:14:33.737Z] onEndTurn: naturalStop=false toolCalls=8 nudgeMsg=no
[2026-08-08T06:14:33.821Z] LiveUpdateForge: AfterToolExec flush
[2026-08-08T06:14:33.864Z] InitialReadForge.onBeforeSend: SKIP (fr=true syn=false hasRead=true)
[2026-08-08T06:14:39.244Z] LiveUpdateForge: EndTurn fallback flush
[2026-08-08T06:14:39.244Z] onEndTurn: naturalStop=undefined toolCalls=9 nudgeMsg=no
[2026-08-08T06:14:39.244Z] LiveUpdateForge: EndTurn fallback flush
[2026-08-08T06:14:39.244Z] onEndTurn: naturalStop=false toolCalls=9 nudgeMsg=no
[2026-08-08T06:14:39.292Z] LiveUpdateForge: AfterToolExec flush
[2026-08-08T06:14:39.328Z] InitialReadForge.onBeforeSend: SKIP (fr=true syn=false hasRead=true)
[2026-08-08T06:14:44.687Z] LiveUpdateForge: EndTurn fallback flush
[2026-08-08T06:14:44.688Z] onEndTurn: naturalStop=undefined toolCalls=10 nudgeMsg=no
[2026-08-08T06:14:44.688Z] LiveUpdateForge: EndTurn fallback flush
[2026-08-08T06:14:44.688Z] onEndTurn: naturalStop=false toolCalls=10 nudgeMsg=no
[2026-08-08T06:14:44.819Z] LiveUpdateForge: AfterToolExec flush
[2026-08-08T06:14:44.850Z] InitialReadForge.onBeforeSend: SKIP (fr=true syn=false hasRead=true)
[2026-08-08T06:14:50.119Z] LiveUpdateForge: EndTurn fallback flush
[2026-08-08T06:14:50.120Z] onEndTurn: naturalStop=undefined toolCalls=11 nudgeMsg=no
[2026-08-08T06:14:50.120Z] LiveUpdateForge: EndTurn fallback flush
[2026-08-08T06:14:50.120Z] onEndTurn: naturalStop=false toolCalls=11 nudgeMsg=no
[2026-08-08T06:14:50.250Z] LiveUpdateForge: AfterToolExec flush
[2026-08-08T06:14:50.285Z] InitialReadForge.onBeforeSend: SKIP (fr=true syn=false hasRead=true)
[2026-08-08T06:15:06.552Z] LiveUpdateForge: EndTurn fallback flush
[2026-08-08T06:15:06.552Z] onEndTurn: naturalStop=undefined toolCalls=12 nudgeMsg=no
[2026-08-08T06:15:06.553Z] LiveUpdateForge: EndTurn fallback flush
[2026-08-08T06:15:06.553Z] onEndTurn: naturalStop=false toolCalls=12 nudgeMsg=no
[2026-08-08T06:15:06.682Z] LiveUpdateForge: AfterToolExec flush
[2026-08-08T06:15:06.717Z] InitialReadForge.onBeforeSend: SKIP (fr=true syn=false hasRead=true)
[2026-08-08T06:15:13.372Z] LiveUpdateForge: EndTurn fallback flush
[2026-08-08T06:15:13.373Z] onEndTurn: naturalStop=undefined toolCalls=13 nudgeMsg=no
[2026-08-08T06:15:13.373Z] LiveUpdateForge: EndTurn fallback flush
[2026-08-08T06:15:13.373Z] onEndTurn: naturalStop=false toolCalls=13 nudgeMsg=no
[2026-08-08T06:15:13.424Z] LiveUpdateForge: AfterToolExec flush
[2026-08-08T06:15:13.455Z] InitialReadForge.onBeforeSend: SKIP (fr=true syn=false hasRead=true)
[2026-08-08T06:15:18.883Z] LiveUpdateForge: EndTurn fallback flush
[2026-08-08T06:15:18.884Z] onEndTurn: naturalStop=undefined toolCalls=14 nudgeMsg=no
[2026-08-08T06:15:18.884Z] LiveUpdateForge: EndTurn fallback flush
[2026-08-08T06:15:18.884Z] onEndTurn: naturalStop=false toolCalls=14 nudgeMsg=no
[2026-08-08T06:15:18.939Z] LiveUpdateForge: AfterToolExec flush
[2026-08-08T06:15:18.974Z] InitialReadForge.onBeforeSend: SKIP (fr=true syn=false hasRead=true)
[2026-08-08T06:15:48.551Z] LiveUpdateForge: EndTurn fallback flush
[2026-08-08T06:15:48.552Z] onEndTurn: naturalStop=undefined toolCalls=15 nudgeMsg=no
[2026-08-08T06:15:48.552Z] LiveUpdateForge: EndTurn fallback flush
[2026-08-08T06:15:48.552Z] onEndTurn: naturalStop=false toolCalls=15 nudgeMsg=no
[2026-08-08T06:15:48.561Z] LiveUpdateForge: AfterToolExec flush
[2026-08-08T06:15:48.595Z] InitialReadForge.onBeforeSend: SKIP (fr=true syn=false hasRead=true)
[2026-08-08T06:15:54.385Z] LiveUpdateForge: EndTurn fallback flush
[2026-08-08T06:15:54.385Z] onEndTurn: naturalStop=undefined toolCalls=16 nudgeMsg=no
[2026-08-08T06:15:54.385Z] LiveUpdateForge: EndTurn fallback flush
[2026-08-08T06:15:54.385Z] onEndTurn: naturalStop=false toolCalls=16 nudgeMsg=no
[2026-08-08T06:15:54.473Z] LiveUpdateForge: AfterToolExec flush
[2026-08-08T06:15:54.506Z] InitialReadForge.onBeforeSend: SKIP (fr=true syn=false hasRead=true)
[2026-08-08T06:16:02.413Z] LiveUpdateForge: EndTurn fallback flush
[2026-08-08T06:16:02.413Z] onEndTurn: naturalStop=undefined toolCalls=17 nudgeMsg=no
[2026-08-08T06:16:02.413Z] LiveUpdateForge: EndTurn fallback flush
[2026-08-08T06:16:02.413Z] onEndTurn: naturalStop=false toolCalls=17 nudgeMsg=no
[2026-08-08T06:16:02.463Z] LiveUpdateForge: AfterToolExec flush
[2026-08-08T06:16:02.499Z] InitialReadForge.onBeforeSend: SKIP (fr=true syn=false hasRead=true)
[2026-08-08T06:16:10.031Z] LiveUpdateForge: EndTurn fallback flush
[2026-08-08T06:16:10.031Z] onEndTurn: naturalStop=undefined toolCalls=18 nudgeMsg=no
[2026-08-08T06:16:10.032Z] LiveUpdateForge: EndTurn fallback flush
[2026-08-08T06:16:10.032Z] onEndTurn: naturalStop=false toolCalls=18 nudgeMsg=no
[2026-08-08T06:16:10.091Z] LiveUpdateForge: AfterToolExec flush
[2026-08-08T06:16:10.131Z] InitialReadForge.onBeforeSend: SKIP (fr=true syn=false hasRead=true)
[2026-08-08T06:16:22.115Z] LiveUpdateForge: EndTurn fallback flush
[2026-08-08T06:16:22.115Z] onEndTurn: naturalStop=undefined toolCalls=19 nudgeMsg=no
[2026-08-08T06:16:22.115Z] LiveUpdateForge: EndTurn fallback flush
[2026-08-08T06:16:22.116Z] onEndTurn: naturalStop=false toolCalls=19 nudgeMsg=no
[2026-08-08T06:16:22.166Z] LiveUpdateForge: AfterToolExec flush
[2026-08-08T06:16:22.199Z] InitialReadForge.onBeforeSend: SKIP (fr=true syn=false hasRead=true)
[2026-08-08T06:16:36.834Z] LiveUpdateForge: EndTurn fallback flush
[2026-08-08T06:16:36.835Z] onEndTurn: naturalStop=undefined toolCalls=20 nudgeMsg=no
[2026-08-08T06:16:36.835Z] LiveUpdateForge: EndTurn fallback flush
[2026-08-08T06:16:36.835Z] onEndTurn: naturalStop=false toolCalls=20 nudgeMsg=no
[2026-08-08T06:16:36.840Z] LiveUpdateForge: AfterToolExec flush
[2026-08-08T06:16:36.873Z] InitialReadForge.onBeforeSend: SKIP (fr=true syn=false hasRead=true)
[2026-08-08T06:16:52.024Z] LiveUpdateForge: EndTurn fallback flush
[2026-08-08T06:16:52.024Z] onEndTurn: naturalStop=undefined toolCalls=21 nudgeMsg=no
[2026-08-08T06:16:52.024Z] LiveUpdateForge: EndTurn fallback flush
[2026-08-08T06:16:52.025Z] onEndTurn: naturalStop=false toolCalls=21 nudgeMsg=no
[2026-08-08T06:16:52.132Z] LiveUpdateForge: AfterToolExec flush
[2026-08-08T06:16:52.165Z] InitialReadForge.onBeforeSend: SKIP (fr=true syn=false hasRead=true)
[2026-08-08T06:16:56.451Z] LiveUpdateForge: EndTurn fallback flush
[2026-08-08T06:16:56.452Z] onEndTurn: naturalStop=undefined toolCalls=22 nudgeMsg=no
[2026-08-08T06:16:56.452Z] LiveUpdateForge: EndTurn fallback flush
[2026-08-08T06:16:56.452Z] onEndTurn: naturalStop=false toolCalls=22 nudgeMsg=no
[2026-08-08T06:16:59.468Z] LiveUpdateForge: AfterToolExec flush
[2026-08-08T06:16:59.505Z] InitialReadForge.onBeforeSend: SKIP (fr=true syn=false hasRead=true)
[2026-08-08T06:17:03.535Z] LiveUpdateForge: EndTurn fallback flush
[2026-08-08T06:17:03.535Z] onEndTurn: naturalStop=undefined toolCalls=23 nudgeMsg=no
[2026-08-08T06:17:03.535Z] LiveUpdateForge: EndTurn fallback flush
[2026-08-08T06:17:03.535Z] onEndTurn: naturalStop=false toolCalls=23 nudgeMsg=no
[2026-08-08T06:17:03.541Z] LiveUpdateForge: AfterToolExec flush
[2026-08-08T06:17:03.573Z] InitialReadForge.onBeforeSend: SKIP (fr=true syn=false hasRead=true)
[2026-08-08T06:17:09.170Z] LiveUpdateForge: EndTurn fallback flush
[2026-08-08T06:17:09.170Z] onEndTurn: naturalStop=undefined toolCalls=24 nudgeMsg=no
[2026-08-08T06:17:09.170Z] LiveUpdateForge: EndTurn fallback flush
[2026-08-08T06:17:09.170Z] onEndTurn: naturalStop=false toolCalls=24 nudgeMsg=no
[2026-08-08T06:17:09.257Z] LiveUpdateForge: AfterToolExec flush
[2026-08-08T06:17:09.292Z] InitialReadForge.onBeforeSend: SKIP (fr=true syn=false hasRead=true)
[2026-08-08T06:17:15.090Z] LiveUpdateForge: EndTurn fallback flush
[2026-08-08T06:17:15.090Z] onEndTurn: naturalStop=undefined toolCalls=25 nudgeMsg=no
[2026-08-08T06:17:15.091Z] LiveUpdateForge: EndTurn fallback flush
[2026-08-08T06:17:15.091Z] onEndTurn: naturalStop=false toolCalls=25 nudgeMsg=no
[2026-08-08T06:17:21.530Z] LiveUpdateForge: AfterToolExec flush
[2026-08-08T06:17:21.568Z] InitialReadForge.onBeforeSend: SKIP (fr=true syn=false hasRead=true)
[2026-08-08T06:17:27.461Z] LiveUpdateForge: EndTurn fallback flush
[2026-08-08T06:17:27.461Z] onEndTurn: naturalStop=undefined toolCalls=26 nudgeMsg=no
[2026-08-08T06:17:27.462Z] LiveUpdateForge: EndTurn fallback flush
[2026-08-08T06:17:27.462Z] onEndTurn: naturalStop=false toolCalls=26 nudgeMsg=no
[2026-08-08T06:17:41.081Z] LiveUpdateForge: AfterToolExec flush
[2026-08-08T06:17:41.123Z] InitialReadForge.onBeforeSend: SKIP (fr=true syn=false hasRead=true)
[2026-08-08T06:17:58.703Z] LiveUpdateForge: EndTurn fallback flush
[2026-08-08T06:17:58.704Z] onEndTurn: naturalStop=undefined toolCalls=27 nudgeMsg=no
[2026-08-08T06:17:58.704Z] LiveUpdateForge: EndTurn fallback flush
[2026-08-08T06:17:58.704Z] onEndTurn: naturalStop=false toolCalls=27 nudgeMsg=no
[2026-08-08T06:18:00.033Z] LiveUpdateForge: AfterToolExec flush
[2026-08-08T06:18:00.077Z] InitialReadForge.onBeforeSend: SKIP (fr=true syn=false hasRead=true)
[2026-08-08T06:18:08.276Z] LiveUpdateForge: EndTurn fallback flush
[2026-08-08T06:18:08.276Z] onEndTurn: naturalStop=undefined toolCalls=28 nudgeMsg=no
[2026-08-08T06:18:08.276Z] LiveUpdateForge: EndTurn fallback flush
[2026-08-08T06:18:08.276Z] onEndTurn: naturalStop=false toolCalls=28 nudgeMsg=no
[2026-08-08T06:18:08.360Z] LiveUpdateForge: AfterToolExec flush
[2026-08-08T06:18:08.396Z] InitialReadForge.onBeforeSend: SKIP (fr=true syn=false hasRead=true)
[2026-08-08T06:18:13.752Z] LiveUpdateForge: EndTurn fallback flush
[2026-08-08T06:18:13.752Z] onEndTurn: naturalStop=undefined toolCalls=29 nudgeMsg=no
[2026-08-08T06:18:13.752Z] LiveUpdateForge: EndTurn fallback flush
[2026-08-08T06:18:13.752Z] onEndTurn: naturalStop=false toolCalls=29 nudgeMsg=no
[2026-08-08T06:18:19.687Z] LiveUpdateForge: AfterToolExec flush
[2026-08-08T06:18:19.736Z] InitialReadForge.onBeforeSend: SKIP (fr=true syn=false hasRead=true)
[2026-08-08T06:18:26.237Z] LiveUpdateForge: EndTurn fallback flush
[2026-08-08T06:18:26.238Z] onEndTurn: naturalStop=undefined toolCalls=30 nudgeMsg=no
[2026-08-08T06:18:26.238Z] LiveUpdateForge: EndTurn fallback flush
[2026-08-08T06:18:26.238Z] onEndTurn: naturalStop=false toolCalls=30 nudgeMsg=no
[2026-08-08T06:18:26.241Z] LiveUpdateForge: AfterToolExec flush
[2026-08-08T06:18:26.279Z] InitialReadForge.onBeforeSend: SKIP (fr=true syn=false hasRead=true)
[2026-08-08T06:18:31.334Z] LiveUpdateForge: EndTurn fallback flush
[2026-08-08T06:18:31.334Z] onEndTurn: naturalStop=undefined toolCalls=31 nudgeMsg=no
[2026-08-08T06:18:31.334Z] LiveUpdateForge: EndTurn fallback flush
[2026-08-08T06:18:31.334Z] onEndTurn: naturalStop=false toolCalls=31 nudgeMsg=no
[2026-08-08T06:18:31.337Z] LiveUpdateForge: AfterToolExec flush
[2026-08-08T06:18:31.376Z] InitialReadForge.onBeforeSend: SKIP (fr=true syn=false hasRead=true)
[2026-08-08T06:18:36.758Z] LiveUpdateForge: EndTurn fallback flush
[2026-08-08T06:18:36.758Z] onEndTurn: naturalStop=undefined toolCalls=32 nudgeMsg=no
[2026-08-08T06:18:36.759Z] LiveUpdateForge: EndTurn fallback flush
[2026-08-08T06:18:36.759Z] onEndTurn: naturalStop=false toolCalls=32 nudgeMsg=no
[2026-08-08T06:18:36.768Z] LiveUpdateForge: AfterToolExec flush
[2026-08-08T06:18:36.805Z] InitialReadForge.onBeforeSend: SKIP (fr=true syn=false hasRead=true)
[2026-08-08T06:18:52.781Z] LiveUpdateForge: EndTurn fallback flush
[2026-08-08T06:18:52.781Z] onEndTurn: naturalStop=undefined toolCalls=33 nudgeMsg=no
[2026-08-08T06:18:52.781Z] LiveUpdateForge: EndTurn fallback flush
[2026-08-08T06:18:52.782Z] onEndTurn: naturalStop=false toolCalls=33 nudgeMsg=no
[2026-08-08T06:18:52.882Z] LiveUpdateForge: AfterToolExec flush
[2026-08-08T06:18:52.918Z] InitialReadForge.onBeforeSend: SKIP (fr=true syn=false hasRead=true)
[2026-08-08T06:18:57.851Z] LiveUpdateForge: EndTurn fallback flush
[2026-08-08T06:18:57.852Z] onEndTurn: naturalStop=undefined toolCalls=34 nudgeMsg=no
[2026-08-08T06:18:57.852Z] LiveUpdateForge: EndTurn fallback flush
[2026-08-08T06:18:57.852Z] onEndTurn: naturalStop=false toolCalls=34 nudgeMsg=no
[2026-08-08T06:18:58.996Z] LiveUpdateForge: AfterToolExec flush
[2026-08-08T06:18:59.032Z] InitialReadForge.onBeforeSend: SKIP (fr=true syn=false hasRead=true)
[2026-08-08T06:19:09.084Z] LiveUpdateForge: EndTurn fallback flush
[2026-08-08T06:19:09.085Z] onEndTurn: naturalStop=undefined toolCalls=35 nudgeMsg=no
[2026-08-08T06:19:09.085Z] LiveUpdateForge: EndTurn fallback flush
[2026-08-08T06:19:09.085Z] onEndTurn: naturalStop=false toolCalls=35 nudgeMsg=no
[2026-08-08T06:19:09.143Z] LiveUpdateForge: AfterToolExec flush
[2026-08-08T06:19:09.176Z] InitialReadForge.onBeforeSend: SKIP (fr=true syn=false hasRead=true)
[2026-08-08T06:19:15.322Z] LiveUpdateForge: EndTurn fallback flush
[2026-08-08T06:19:15.323Z] onEndTurn: naturalStop=undefined toolCalls=36 nudgeMsg=no
[2026-08-08T06:19:15.323Z] LiveUpdateForge: EndTurn fallback flush
[2026-08-08T06:19:15.323Z] onEndTurn: naturalStop=false toolCalls=36 nudgeMsg=no
[2026-08-08T06:19:21.099Z] LiveUpdateForge: AfterToolExec flush
[2026-08-08T06:19:21.148Z] InitialReadForge.onBeforeSend: SKIP (fr=true syn=false hasRead=true)
[2026-08-08T06:19:34.256Z] LiveUpdateForge: EndTurn fallback flush
[2026-08-08T06:19:34.256Z] onEndTurn: naturalStop=undefined toolCalls=37 nudgeMsg=no
[2026-08-08T06:19:34.256Z] LiveUpdateForge: EndTurn fallback flush
[2026-08-08T06:19:34.256Z] onEndTurn: naturalStop=false toolCalls=37 nudgeMsg=no
[2026-08-08T06:19:34.260Z] LiveUpdateForge: AfterToolExec flush
[2026-08-08T06:19:34.300Z] InitialReadForge.onBeforeSend: SKIP (fr=true syn=false hasRead=true)
[2026-08-08T06:20:20.119Z] LiveUpdateForge: EndTurn fallback flush
[2026-08-08T06:20:20.119Z] onEndTurn: naturalStop=undefined toolCalls=38 nudgeMsg=no
[2026-08-08T06:20:20.120Z] LiveUpdateForge: EndTurn fallback flush
[2026-08-08T06:20:20.120Z] onEndTurn: naturalStop=false toolCalls=38 nudgeMsg=no
[2026-08-08T06:20:20.126Z] LiveUpdateForge: self-write on D:\xm\CacheHub\CODELY.md, baseline aligned
[2026-08-08T06:20:20.126Z] LiveUpdateForge: AfterToolExec flush
[2026-08-08T06:20:20.160Z] InitialReadForge.onBeforeSend: SKIP (fr=true syn=false hasRead=true)
[2026-08-08T06:20:44.879Z] LiveUpdateForge: EndTurn fallback flush
[2026-08-08T06:20:44.880Z] onEndTurn: naturalStop=undefined toolCalls=0 nudgeMsg=no
[2026-08-08T06:20:44.880Z] LiveUpdateForge: EndTurn fallback flush
[2026-08-08T06:20:44.880Z] onEndTurn: naturalStop=true toolCalls=0 nudgeMsg=no
[2026-08-08T06:20:47.535Z] ResumeDiffForge: running checkResumeConsistency
[2026-08-08T06:20:47.535Z] checkResumeConsistency: forgedTimestamps=[]
[2026-08-08T06:20:47.540Z] checkResumeConsistency: no changes detected
[2026-08-08T06:20:47.540Z] LiveUpdateForge: session reset, allowLiveUpdate = false
[2026-08-08T06:20:47.541Z] NudgeForge: ResumeComplete — restoring count from history
[2026-08-08T06:20:47.541Z] restoreNudgeCountFromHistory: found last write at idx=865 count=0
[2026-08-08T06:20:47.607Z] LiveUpdateForge: allowLiveUpdate = true (first real BeforeSend)
[2026-08-08T06:20:47.608Z] InitialReadForge.onBeforeSend: SKIP (fr=false syn=false hasRead=true)
[2026-08-08T06:20:57.951Z] LiveUpdateForge: EndTurn fallback flush
[2026-08-08T06:20:57.951Z] onEndTurn: naturalStop=undefined toolCalls=0 nudgeMsg=no
[2026-08-08T06:20:57.951Z] LiveUpdateForge: EndTurn fallback flush
[2026-08-08T06:20:57.951Z] onEndTurn: naturalStop=false toolCalls=0 nudgeMsg=no
[2026-08-08T06:21:17.500Z] LiveUpdateForge: AfterToolExec flush
[2026-08-08T06:21:17.544Z] InitialReadForge.onBeforeSend: SKIP (fr=true syn=false hasRead=true)
[2026-08-08T06:21:32.385Z] LiveUpdateForge: EndTurn fallback flush
[2026-08-08T06:21:32.385Z] onEndTurn: naturalStop=undefined toolCalls=1 nudgeMsg=no
[2026-08-08T06:21:32.386Z] LiveUpdateForge: EndTurn fallback flush
[2026-08-08T06:21:32.386Z] onEndTurn: naturalStop=true toolCalls=1 nudgeMsg=no
[2026-08-08T06:21:34.724Z] ResumeDiffForge: running checkResumeConsistency
[2026-08-08T06:21:34.725Z] checkResumeConsistency: forgedTimestamps=[]
[2026-08-08T06:21:34.730Z] checkResumeConsistency: no changes detected
[2026-08-08T06:21:34.730Z] LiveUpdateForge: session reset, allowLiveUpdate = false
[2026-08-08T06:21:34.730Z] NudgeForge: ResumeComplete — restoring count from history
[2026-08-08T06:21:34.731Z] restoreNudgeCountFromHistory: found last write at idx=865 count=1
[2026-08-08T06:21:34.799Z] LiveUpdateForge: allowLiveUpdate = true (first real BeforeSend)
[2026-08-08T06:21:34.800Z] InitialReadForge.onBeforeSend: SKIP (fr=false syn=false hasRead=true)
[2026-08-08T06:21:52.822Z] LiveUpdateForge: EndTurn fallback flush
[2026-08-08T06:21:52.822Z] onEndTurn: naturalStop=undefined toolCalls=1 nudgeMsg=no
[2026-08-08T06:21:52.822Z] LiveUpdateForge: EndTurn fallback flush
[2026-08-08T06:21:52.822Z] onEndTurn: naturalStop=false toolCalls=1 nudgeMsg=no
[2026-08-08T06:22:27.287Z] LiveUpdateForge: AfterToolExec flush
[2026-08-08T06:22:27.328Z] InitialReadForge.onBeforeSend: SKIP (fr=true syn=false hasRead=true)
[2026-08-08T06:22:47.686Z] LiveUpdateForge: EndTurn fallback flush
[2026-08-08T06:22:47.686Z] onEndTurn: naturalStop=undefined toolCalls=2 nudgeMsg=no
[2026-08-08T06:22:47.687Z] LiveUpdateForge: EndTurn fallback flush
[2026-08-08T06:22:47.687Z] onEndTurn: naturalStop=true toolCalls=2 nudgeMsg=no
[2026-08-08T06:22:50.455Z] ResumeDiffForge: running checkResumeConsistency
[2026-08-08T06:22:50.456Z] checkResumeConsistency: forgedTimestamps=[]
[2026-08-08T06:22:50.460Z] checkResumeConsistency: no changes detected
[2026-08-08T06:22:50.461Z] LiveUpdateForge: session reset, allowLiveUpdate = false
[2026-08-08T06:22:50.461Z] NudgeForge: ResumeComplete — restoring count from history
[2026-08-08T06:22:50.461Z] restoreNudgeCountFromHistory: found last write at idx=865 count=2
[2026-08-08T06:22:50.531Z] LiveUpdateForge: allowLiveUpdate = true (first real BeforeSend)
[2026-08-08T06:22:50.532Z] InitialReadForge.onBeforeSend: SKIP (fr=false syn=false hasRead=true)
[2026-08-08T06:23:00.037Z] LiveUpdateForge: EndTurn fallback flush
[2026-08-08T06:23:00.037Z] onEndTurn: naturalStop=undefined toolCalls=2 nudgeMsg=no
[2026-08-08T06:23:00.038Z] LiveUpdateForge: EndTurn fallback flush
[2026-08-08T06:23:00.038Z] onEndTurn: naturalStop=false toolCalls=2 nudgeMsg=no
[2026-08-08T06:23:16.569Z] LiveUpdateForge: AfterToolExec flush
[2026-08-08T06:23:16.613Z] InitialReadForge.onBeforeSend: SKIP (fr=true syn=false hasRead=true)
[2026-08-08T06:23:34.207Z] LiveUpdateForge: EndTurn fallback flush
[2026-08-08T06:23:34.207Z] onEndTurn: naturalStop=undefined toolCalls=3 nudgeMsg=no
[2026-08-08T06:23:34.207Z] LiveUpdateForge: EndTurn fallback flush
[2026-08-08T06:23:34.208Z] onEndTurn: naturalStop=true toolCalls=3 nudgeMsg=no
[2026-08-08T06:23:36.856Z] ResumeDiffForge: running checkResumeConsistency
[2026-08-08T06:23:36.856Z] checkResumeConsistency: forgedTimestamps=[]
[2026-08-08T06:23:36.862Z] checkResumeConsistency: no changes detected
[2026-08-08T06:23:36.862Z] LiveUpdateForge: session reset, allowLiveUpdate = false
[2026-08-08T06:23:36.862Z] NudgeForge: ResumeComplete — restoring count from history
[2026-08-08T06:23:36.863Z] restoreNudgeCountFromHistory: found last write at idx=865 count=3
[2026-08-08T06:23:36.935Z] LiveUpdateForge: allowLiveUpdate = true (first real BeforeSend)
[2026-08-08T06:23:36.936Z] InitialReadForge.onBeforeSend: SKIP (fr=false syn=false hasRead=true)
[2026-08-08T06:23:48.185Z] LiveUpdateForge: EndTurn fallback flush
[2026-08-08T06:23:48.185Z] onEndTurn: naturalStop=undefined toolCalls=3 nudgeMsg=no
[2026-08-08T06:23:48.185Z] LiveUpdateForge: EndTurn fallback flush
[2026-08-08T06:23:48.185Z] onEndTurn: naturalStop=false toolCalls=3 nudgeMsg=no
[2026-08-08T06:24:03.785Z] LiveUpdateForge: AfterToolExec flush
[2026-08-08T06:24:03.828Z] InitialReadForge.onBeforeSend: SKIP (fr=true syn=false hasRead=true)
[2026-08-08T06:24:13.712Z] LiveUpdateForge: EndTurn fallback flush
[2026-08-08T06:24:13.712Z] onEndTurn: naturalStop=undefined toolCalls=4 nudgeMsg=no
[2026-08-08T06:24:13.713Z] LiveUpdateForge: EndTurn fallback flush
[2026-08-08T06:24:13.713Z] onEndTurn: naturalStop=false toolCalls=4 nudgeMsg=no
[2026-08-08T06:24:13.727Z] LiveUpdateForge: AfterToolExec flush
[2026-08-08T06:24:13.765Z] InitialReadForge.onBeforeSend: SKIP (fr=true syn=false hasRead=true)
[2026-08-08T06:24:19.079Z] LiveUpdateForge: EndTurn fallback flush
[2026-08-08T06:24:19.079Z] onEndTurn: naturalStop=undefined toolCalls=5 nudgeMsg=no
[2026-08-08T06:24:19.079Z] LiveUpdateForge: EndTurn fallback flush
[2026-08-08T06:24:19.080Z] onEndTurn: naturalStop=false toolCalls=5 nudgeMsg=no
[2026-08-08T06:24:19.092Z] LiveUpdateForge: AfterToolExec flush
[2026-08-08T06:24:19.131Z] InitialReadForge.onBeforeSend: SKIP (fr=true syn=false hasRead=true)
[2026-08-08T06:24:35.498Z] LiveUpdateForge: EndTurn fallback flush
[2026-08-08T06:24:35.498Z] onEndTurn: naturalStop=undefined toolCalls=6 nudgeMsg=no
[2026-08-08T06:24:35.499Z] LiveUpdateForge: EndTurn fallback flush
[2026-08-08T06:24:35.499Z] onEndTurn: naturalStop=false toolCalls=6 nudgeMsg=no
[2026-08-08T06:25:27.305Z] LiveUpdateForge: AfterToolExec flush
[2026-08-08T06:25:27.348Z] InitialReadForge.onBeforeSend: SKIP (fr=true syn=false hasRead=true)
[2026-08-08T06:25:33.787Z] LiveUpdateForge: EndTurn fallback flush
[2026-08-08T06:25:33.788Z] onEndTurn: naturalStop=undefined toolCalls=7 nudgeMsg=no
[2026-08-08T06:25:33.788Z] LiveUpdateForge: EndTurn fallback flush
[2026-08-08T06:25:33.788Z] onEndTurn: naturalStop=false toolCalls=7 nudgeMsg=no
[2026-08-08T06:25:33.795Z] LiveUpdateForge: AfterToolExec flush
[2026-08-08T06:25:33.832Z] InitialReadForge.onBeforeSend: SKIP (fr=true syn=false hasRead=true)
[2026-08-08T06:25:40.380Z] LiveUpdateForge: EndTurn fallback flush
[2026-08-08T06:25:40.380Z] onEndTurn: naturalStop=undefined toolCalls=8 nudgeMsg=no
[2026-08-08T06:25:40.380Z] LiveUpdateForge: EndTurn fallback flush
[2026-08-08T06:25:40.380Z] onEndTurn: naturalStop=false toolCalls=8 nudgeMsg=no
[2026-08-08T06:25:40.387Z] LiveUpdateForge: AfterToolExec flush
[2026-08-08T06:25:40.425Z] InitialReadForge.onBeforeSend: SKIP (fr=true syn=false hasRead=true)
[2026-08-08T06:26:12.473Z] LiveUpdateForge: EndTurn fallback flush
[2026-08-08T06:26:12.473Z] onEndTurn: naturalStop=undefined toolCalls=9 nudgeMsg=no
[2026-08-08T06:26:12.473Z] LiveUpdateForge: EndTurn fallback flush
[2026-08-08T06:26:12.473Z] onEndTurn: naturalStop=false toolCalls=9 nudgeMsg=no
[2026-08-08T06:26:12.481Z] LiveUpdateForge: AfterToolExec flush
[2026-08-08T06:26:12.521Z] InitialReadForge.onBeforeSend: SKIP (fr=true syn=false hasRead=true)
[2026-08-08T06:26:20.225Z] LiveUpdateForge: EndTurn fallback flush
[2026-08-08T06:26:20.226Z] onEndTurn: naturalStop=undefined toolCalls=10 nudgeMsg=no
[2026-08-08T06:26:20.226Z] LiveUpdateForge: EndTurn fallback flush
[2026-08-08T06:26:20.226Z] onEndTurn: naturalStop=false toolCalls=10 nudgeMsg=no
[2026-08-08T06:26:20.241Z] LiveUpdateForge: AfterToolExec flush
[2026-08-08T06:26:20.287Z] InitialReadForge.onBeforeSend: SKIP (fr=true syn=false hasRead=true)
[2026-08-08T06:26:33.640Z] LiveUpdateForge: EndTurn fallback flush
[2026-08-08T06:26:33.641Z] onEndTurn: naturalStop=undefined toolCalls=11 nudgeMsg=no
[2026-08-08T06:26:33.641Z] LiveUpdateForge: EndTurn fallback flush
[2026-08-08T06:26:33.641Z] onEndTurn: naturalStop=false toolCalls=11 nudgeMsg=no
[2026-08-08T06:26:33.646Z] LiveUpdateForge: AfterToolExec flush
[2026-08-08T06:26:33.689Z] InitialReadForge.onBeforeSend: SKIP (fr=true syn=false hasRead=true)
[2026-08-08T06:26:39.823Z] LiveUpdateForge: EndTurn fallback flush
[2026-08-08T06:26:39.823Z] onEndTurn: naturalStop=undefined toolCalls=12 nudgeMsg=no
[2026-08-08T06:26:39.823Z] LiveUpdateForge: EndTurn fallback flush
[2026-08-08T06:26:39.823Z] onEndTurn: naturalStop=false toolCalls=12 nudgeMsg=no
[2026-08-08T06:26:39.827Z] LiveUpdateForge: AfterToolExec flush
[2026-08-08T06:26:39.875Z] InitialReadForge.onBeforeSend: SKIP (fr=true syn=false hasRead=true)
[2026-08-08T06:26:54.980Z] LiveUpdateForge: EndTurn fallback flush
[2026-08-08T06:26:54.980Z] onEndTurn: naturalStop=undefined toolCalls=13 nudgeMsg=no
[2026-08-08T06:26:54.980Z] LiveUpdateForge: EndTurn fallback flush
[2026-08-08T06:26:54.981Z] onEndTurn: naturalStop=false toolCalls=13 nudgeMsg=no
[2026-08-08T06:26:54.984Z] LiveUpdateForge: AfterToolExec flush
[2026-08-08T06:26:55.028Z] InitialReadForge.onBeforeSend: SKIP (fr=true syn=false hasRead=true)
[2026-08-08T06:27:06.322Z] LiveUpdateForge: EndTurn fallback flush
[2026-08-08T06:27:06.323Z] onEndTurn: naturalStop=undefined toolCalls=14 nudgeMsg=no
[2026-08-08T06:27:06.323Z] LiveUpdateForge: EndTurn fallback flush
[2026-08-08T06:27:06.323Z] onEndTurn: naturalStop=false toolCalls=14 nudgeMsg=no
[2026-08-08T06:27:06.432Z] LiveUpdateForge: AfterToolExec flush
[2026-08-08T06:27:06.471Z] InitialReadForge.onBeforeSend: SKIP (fr=true syn=false hasRead=true)
[2026-08-08T06:27:14.848Z] LiveUpdateForge: EndTurn fallback flush
[2026-08-08T06:27:14.848Z] onEndTurn: naturalStop=undefined toolCalls=15 nudgeMsg=no
[2026-08-08T06:27:14.849Z] LiveUpdateForge: EndTurn fallback flush
[2026-08-08T06:27:14.849Z] onEndTurn: naturalStop=false toolCalls=15 nudgeMsg=no
[2026-08-08T06:27:14.919Z] LiveUpdateForge: AfterToolExec flush
[2026-08-08T06:27:14.965Z] InitialReadForge.onBeforeSend: SKIP (fr=true syn=false hasRead=true)
[2026-08-08T06:27:22.187Z] LiveUpdateForge: EndTurn fallback flush
[2026-08-08T06:27:22.187Z] onEndTurn: naturalStop=undefined toolCalls=16 nudgeMsg=no
[2026-08-08T06:27:22.188Z] LiveUpdateForge: EndTurn fallback flush
[2026-08-08T06:27:22.188Z] onEndTurn: naturalStop=false toolCalls=16 nudgeMsg=no
[2026-08-08T06:27:22.300Z] LiveUpdateForge: AfterToolExec flush
[2026-08-08T06:27:22.339Z] InitialReadForge.onBeforeSend: SKIP (fr=true syn=false hasRead=true)
[2026-08-08T06:27:30.152Z] LiveUpdateForge: EndTurn fallback flush
[2026-08-08T06:27:30.152Z] onEndTurn: naturalStop=undefined toolCalls=17 nudgeMsg=no
[2026-08-08T06:27:30.152Z] LiveUpdateForge: EndTurn fallback flush
[2026-08-08T06:27:30.153Z] onEndTurn: naturalStop=false toolCalls=17 nudgeMsg=no
[2026-08-08T06:27:30.231Z] LiveUpdateForge: AfterToolExec flush
[2026-08-08T06:27:30.271Z] InitialReadForge.onBeforeSend: SKIP (fr=true syn=false hasRead=true)
[2026-08-08T06:27:36.385Z] LiveUpdateForge: EndTurn fallback flush
[2026-08-08T06:27:36.385Z] onEndTurn: naturalStop=undefined toolCalls=18 nudgeMsg=no
[2026-08-08T06:27:36.385Z] LiveUpdateForge: EndTurn fallback flush
[2026-08-08T06:27:36.386Z] onEndTurn: naturalStop=false toolCalls=18 nudgeMsg=no
[2026-08-08T06:27:36.500Z] LiveUpdateForge: AfterToolExec flush
[2026-08-08T06:27:36.537Z] InitialReadForge.onBeforeSend: SKIP (fr=true syn=false hasRead=true)
[2026-08-08T06:28:39.458Z] LiveUpdateForge: EndTurn fallback flush
[2026-08-08T06:28:39.458Z] onEndTurn: naturalStop=undefined toolCalls=19 nudgeMsg=no
[2026-08-08T06:28:39.458Z] LiveUpdateForge: EndTurn fallback flush
[2026-08-08T06:28:39.458Z] onEndTurn: naturalStop=false toolCalls=19 nudgeMsg=no
[2026-08-08T06:28:39.549Z] LiveUpdateForge: AfterToolExec flush
[2026-08-08T06:28:39.587Z] InitialReadForge.onBeforeSend: SKIP (fr=true syn=false hasRead=true)
[2026-08-08T06:28:46.894Z] LiveUpdateForge: EndTurn fallback flush
[2026-08-08T06:28:46.894Z] onEndTurn: naturalStop=undefined toolCalls=20 nudgeMsg=no
[2026-08-08T06:28:46.894Z] LiveUpdateForge: EndTurn fallback flush
[2026-08-08T06:28:46.894Z] onEndTurn: naturalStop=false toolCalls=20 nudgeMsg=no
[2026-08-08T06:28:46.989Z] LiveUpdateForge: AfterToolExec flush
[2026-08-08T06:28:47.027Z] InitialReadForge.onBeforeSend: SKIP (fr=true syn=false hasRead=true)
[2026-08-08T06:28:54.080Z] LiveUpdateForge: EndTurn fallback flush
[2026-08-08T06:28:54.080Z] onEndTurn: naturalStop=undefined toolCalls=21 nudgeMsg=no
[2026-08-08T06:28:54.080Z] LiveUpdateForge: EndTurn fallback flush
[2026-08-08T06:28:54.081Z] onEndTurn: naturalStop=false toolCalls=21 nudgeMsg=no
[2026-08-08T06:28:54.196Z] LiveUpdateForge: AfterToolExec flush
[2026-08-08T06:28:54.235Z] InitialReadForge.onBeforeSend: SKIP (fr=true syn=false hasRead=true)
[2026-08-08T06:29:04.790Z] LiveUpdateForge: EndTurn fallback flush
[2026-08-08T06:29:04.790Z] onEndTurn: naturalStop=undefined toolCalls=22 nudgeMsg=no
[2026-08-08T06:29:04.790Z] LiveUpdateForge: EndTurn fallback flush
[2026-08-08T06:29:04.791Z] onEndTurn: naturalStop=false toolCalls=22 nudgeMsg=no
[2026-08-08T06:29:04.876Z] LiveUpdateForge: AfterToolExec flush
[2026-08-08T06:29:04.913Z] InitialReadForge.onBeforeSend: SKIP (fr=true syn=false hasRead=true)
[2026-08-08T06:29:14.656Z] LiveUpdateForge: EndTurn fallback flush
[2026-08-08T06:29:14.656Z] onEndTurn: naturalStop=undefined toolCalls=23 nudgeMsg=no
[2026-08-08T06:29:14.657Z] LiveUpdateForge: EndTurn fallback flush
[2026-08-08T06:29:14.657Z] onEndTurn: naturalStop=false toolCalls=23 nudgeMsg=no
[2026-08-08T06:29:14.755Z] LiveUpdateForge: AfterToolExec flush
[2026-08-08T06:29:14.796Z] InitialReadForge.onBeforeSend: SKIP (fr=true syn=false hasRead=true)
[2026-08-08T06:29:27.446Z] LiveUpdateForge: EndTurn fallback flush
[2026-08-08T06:29:27.446Z] onEndTurn: naturalStop=undefined toolCalls=24 nudgeMsg=no
[2026-08-08T06:29:27.446Z] LiveUpdateForge: EndTurn fallback flush
[2026-08-08T06:29:27.446Z] onEndTurn: naturalStop=false toolCalls=24 nudgeMsg=no
[2026-08-08T06:29:27.545Z] LiveUpdateForge: AfterToolExec flush
[2026-08-08T06:29:27.585Z] InitialReadForge.onBeforeSend: SKIP (fr=true syn=false hasRead=true)
[2026-08-08T06:29:34.929Z] LiveUpdateForge: EndTurn fallback flush
[2026-08-08T06:29:34.929Z] onEndTurn: naturalStop=undefined toolCalls=25 nudgeMsg=no
[2026-08-08T06:29:34.929Z] LiveUpdateForge: EndTurn fallback flush
[2026-08-08T06:29:34.929Z] onEndTurn: naturalStop=false toolCalls=25 nudgeMsg=no
[2026-08-08T06:29:35.079Z] LiveUpdateForge: AfterToolExec flush
[2026-08-08T06:29:35.115Z] InitialReadForge.onBeforeSend: SKIP (fr=true syn=false hasRead=true)
[2026-08-08T06:29:45.249Z] LiveUpdateForge: EndTurn fallback flush
[2026-08-08T06:29:45.249Z] onEndTurn: naturalStop=undefined toolCalls=26 nudgeMsg=no
[2026-08-08T06:29:45.250Z] LiveUpdateForge: EndTurn fallback flush
[2026-08-08T06:29:45.250Z] onEndTurn: naturalStop=false toolCalls=26 nudgeMsg=no
[2026-08-08T06:29:45.348Z] LiveUpdateForge: AfterToolExec flush
[2026-08-08T06:29:45.386Z] InitialReadForge.onBeforeSend: SKIP (fr=true syn=false hasRead=true)
[2026-08-08T06:29:52.219Z] LiveUpdateForge: EndTurn fallback flush
[2026-08-08T06:29:52.219Z] onEndTurn: naturalStop=undefined toolCalls=27 nudgeMsg=no
[2026-08-08T06:29:52.220Z] LiveUpdateForge: EndTurn fallback flush
[2026-08-08T06:29:52.221Z] onEndTurn: naturalStop=false toolCalls=27 nudgeMsg=no
[2026-08-08T06:29:52.311Z] LiveUpdateForge: AfterToolExec flush
[2026-08-08T06:29:52.351Z] InitialReadForge.onBeforeSend: SKIP (fr=true syn=false hasRead=true)
[2026-08-08T06:30:02.677Z] LiveUpdateForge: EndTurn fallback flush
[2026-08-08T06:30:02.677Z] onEndTurn: naturalStop=undefined toolCalls=28 nudgeMsg=no
[2026-08-08T06:30:02.677Z] LiveUpdateForge: EndTurn fallback flush
[2026-08-08T06:30:02.678Z] onEndTurn: naturalStop=false toolCalls=28 nudgeMsg=no
[2026-08-08T06:30:02.747Z] LiveUpdateForge: AfterToolExec flush
[2026-08-08T06:30:02.784Z] InitialReadForge.onBeforeSend: SKIP (fr=true syn=false hasRead=true)
[2026-08-08T06:30:11.283Z] LiveUpdateForge: EndTurn fallback flush
[2026-08-08T06:30:11.283Z] onEndTurn: naturalStop=undefined toolCalls=29 nudgeMsg=no
[2026-08-08T06:30:11.284Z] LiveUpdateForge: EndTurn fallback flush
[2026-08-08T06:30:11.284Z] onEndTurn: naturalStop=false toolCalls=29 nudgeMsg=no
[2026-08-08T06:30:11.358Z] LiveUpdateForge: AfterToolExec flush
[2026-08-08T06:30:11.396Z] InitialReadForge.onBeforeSend: SKIP (fr=true syn=false hasRead=true)
[2026-08-08T06:30:21.720Z] LiveUpdateForge: EndTurn fallback flush
[2026-08-08T06:30:21.720Z] onEndTurn: naturalStop=undefined toolCalls=30 nudgeMsg=no
[2026-08-08T06:30:21.721Z] LiveUpdateForge: EndTurn fallback flush
[2026-08-08T06:30:21.722Z] onEndTurn: naturalStop=false toolCalls=30 nudgeMsg=no
[2026-08-08T06:30:21.807Z] LiveUpdateForge: AfterToolExec flush
[2026-08-08T06:30:21.849Z] InitialReadForge.onBeforeSend: SKIP (fr=true syn=false hasRead=true)
[2026-08-08T06:30:28.163Z] LiveUpdateForge: EndTurn fallback flush
[2026-08-08T06:30:28.163Z] onEndTurn: naturalStop=undefined toolCalls=31 nudgeMsg=no
[2026-08-08T06:30:28.164Z] LiveUpdateForge: EndTurn fallback flush
[2026-08-08T06:30:28.164Z] onEndTurn: naturalStop=false toolCalls=31 nudgeMsg=no
[2026-08-08T06:30:28.243Z] LiveUpdateForge: AfterToolExec flush
[2026-08-08T06:30:28.280Z] InitialReadForge.onBeforeSend: SKIP (fr=true syn=false hasRead=true)
[2026-08-08T06:30:36.212Z] LiveUpdateForge: EndTurn fallback flush
[2026-08-08T06:30:36.212Z] onEndTurn: naturalStop=undefined toolCalls=32 nudgeMsg=no
[2026-08-08T06:30:36.212Z] LiveUpdateForge: EndTurn fallback flush
[2026-08-08T06:30:36.212Z] onEndTurn: naturalStop=false toolCalls=32 nudgeMsg=no
[2026-08-08T06:30:36.301Z] LiveUpdateForge: AfterToolExec flush
[2026-08-08T06:30:36.342Z] InitialReadForge.onBeforeSend: SKIP (fr=true syn=false hasRead=true)
[2026-08-08T06:30:42.596Z] LiveUpdateForge: EndTurn fallback flush
[2026-08-08T06:30:42.596Z] onEndTurn: naturalStop=undefined toolCalls=33 nudgeMsg=no
[2026-08-08T06:30:42.596Z] LiveUpdateForge: EndTurn fallback flush
[2026-08-08T06:30:42.596Z] onEndTurn: naturalStop=false toolCalls=33 nudgeMsg=no
[2026-08-08T06:30:42.692Z] LiveUpdateForge: AfterToolExec flush
[2026-08-08T06:30:42.729Z] InitialReadForge.onBeforeSend: SKIP (fr=true syn=false hasRead=true)
[2026-08-08T06:30:55.887Z] LiveUpdateForge: EndTurn fallback flush
[2026-08-08T06:30:55.888Z] onEndTurn: naturalStop=undefined toolCalls=34 nudgeMsg=no
[2026-08-08T06:30:55.888Z] LiveUpdateForge: EndTurn fallback flush
[2026-08-08T06:30:55.888Z] onEndTurn: naturalStop=false toolCalls=34 nudgeMsg=no
[2026-08-08T06:30:55.955Z] LiveUpdateForge: AfterToolExec flush
[2026-08-08T06:30:55.994Z] InitialReadForge.onBeforeSend: SKIP (fr=true syn=false hasRead=true)
[2026-08-08T06:31:03.080Z] LiveUpdateForge: EndTurn fallback flush
[2026-08-08T06:31:03.080Z] onEndTurn: naturalStop=undefined toolCalls=35 nudgeMsg=no
[2026-08-08T06:31:03.081Z] LiveUpdateForge: EndTurn fallback flush
[2026-08-08T06:31:03.081Z] onEndTurn: naturalStop=false toolCalls=35 nudgeMsg=no
[2026-08-08T06:31:03.176Z] LiveUpdateForge: AfterToolExec flush
[2026-08-08T06:31:03.213Z] InitialReadForge.onBeforeSend: SKIP (fr=true syn=false hasRead=true)
[2026-08-08T06:31:14.048Z] LiveUpdateForge: EndTurn fallback flush
[2026-08-08T06:31:14.049Z] onEndTurn: naturalStop=undefined toolCalls=36 nudgeMsg=no
[2026-08-08T06:31:14.049Z] LiveUpdateForge: EndTurn fallback flush
[2026-08-08T06:31:14.049Z] onEndTurn: naturalStop=false toolCalls=36 nudgeMsg=no
[2026-08-08T06:31:14.121Z] LiveUpdateForge: AfterToolExec flush
[2026-08-08T06:31:14.158Z] InitialReadForge.onBeforeSend: SKIP (fr=true syn=false hasRead=true)
[2026-08-08T06:31:25.025Z] LiveUpdateForge: EndTurn fallback flush
[2026-08-08T06:31:25.026Z] onEndTurn: naturalStop=undefined toolCalls=37 nudgeMsg=no
[2026-08-08T06:31:25.026Z] LiveUpdateForge: EndTurn fallback flush
[2026-08-08T06:31:25.027Z] onEndTurn: naturalStop=false toolCalls=37 nudgeMsg=no
[2026-08-08T06:31:25.105Z] LiveUpdateForge: AfterToolExec flush
[2026-08-08T06:31:25.145Z] InitialReadForge.onBeforeSend: SKIP (fr=true syn=false hasRead=true)
[2026-08-08T06:31:33.082Z] LiveUpdateForge: EndTurn fallback flush
[2026-08-08T06:31:33.082Z] onEndTurn: naturalStop=undefined toolCalls=38 nudgeMsg=no
[2026-08-08T06:31:33.083Z] LiveUpdateForge: EndTurn fallback flush
[2026-08-08T06:31:33.083Z] onEndTurn: naturalStop=false toolCalls=38 nudgeMsg=no
[2026-08-08T06:31:33.191Z] LiveUpdateForge: AfterToolExec flush
[2026-08-08T06:31:33.228Z] InitialReadForge.onBeforeSend: SKIP (fr=true syn=false hasRead=true)
[2026-08-08T06:31:39.449Z] LiveUpdateForge: EndTurn fallback flush
[2026-08-08T06:31:39.450Z] onEndTurn: naturalStop=undefined toolCalls=39 nudgeMsg=no
[2026-08-08T06:31:39.450Z] LiveUpdateForge: EndTurn fallback flush
[2026-08-08T06:31:39.450Z] onEndTurn: naturalStop=false toolCalls=39 nudgeMsg=no
[2026-08-08T06:31:39.531Z] LiveUpdateForge: AfterToolExec flush
[2026-08-08T06:31:39.572Z] InitialReadForge.onBeforeSend: SKIP (fr=true syn=false hasRead=true)
[2026-08-08T06:31:45.773Z] LiveUpdateForge: EndTurn fallback flush
[2026-08-08T06:31:45.773Z] onEndTurn: naturalStop=undefined toolCalls=40 nudgeMsg=no
[2026-08-08T06:31:45.774Z] LiveUpdateForge: EndTurn fallback flush
[2026-08-08T06:31:45.774Z] onEndTurn: naturalStop=false toolCalls=40 nudgeMsg=no
[2026-08-08T06:31:45.892Z] LiveUpdateForge: AfterToolExec flush
[2026-08-08T06:31:45.932Z] InitialReadForge.onBeforeSend: SKIP (fr=true syn=false hasRead=true)
[2026-08-08T06:31:57.136Z] LiveUpdateForge: EndTurn fallback flush
[2026-08-08T06:31:57.137Z] onEndTurn: naturalStop=undefined toolCalls=41 nudgeMsg=no
[2026-08-08T06:31:57.137Z] LiveUpdateForge: EndTurn fallback flush
[2026-08-08T06:31:57.137Z] onEndTurn: naturalStop=false toolCalls=41 nudgeMsg=no
[2026-08-08T06:31:57.234Z] LiveUpdateForge: AfterToolExec flush
[2026-08-08T06:31:57.272Z] InitialReadForge.onBeforeSend: SKIP (fr=true syn=false hasRead=true)
[2026-08-08T06:32:08.721Z] LiveUpdateForge: EndTurn fallback flush
[2026-08-08T06:32:08.721Z] onEndTurn: naturalStop=undefined toolCalls=42 nudgeMsg=no
[2026-08-08T06:32:08.722Z] LiveUpdateForge: EndTurn fallback flush
[2026-08-08T06:32:08.722Z] onEndTurn: naturalStop=false toolCalls=42 nudgeMsg=no
[2026-08-08T06:32:08.820Z] LiveUpdateForge: AfterToolExec flush
[2026-08-08T06:32:08.860Z] InitialReadForge.onBeforeSend: SKIP (fr=true syn=false hasRead=true)
[2026-08-08T06:32:16.631Z] LiveUpdateForge: EndTurn fallback flush
[2026-08-08T06:32:16.631Z] onEndTurn: naturalStop=undefined toolCalls=43 nudgeMsg=no
[2026-08-08T06:32:16.631Z] LiveUpdateForge: EndTurn fallback flush
[2026-08-08T06:32:16.632Z] onEndTurn: naturalStop=false toolCalls=43 nudgeMsg=no
[2026-08-08T06:32:16.719Z] LiveUpdateForge: AfterToolExec flush
[2026-08-08T06:32:16.758Z] InitialReadForge.onBeforeSend: SKIP (fr=true syn=false hasRead=true)
[2026-08-08T06:32:26.872Z] LiveUpdateForge: EndTurn fallback flush
[2026-08-08T06:32:26.872Z] onEndTurn: naturalStop=undefined toolCalls=44 nudgeMsg=no
[2026-08-08T06:32:26.872Z] LiveUpdateForge: EndTurn fallback flush
[2026-08-08T06:32:26.873Z] onEndTurn: naturalStop=false toolCalls=44 nudgeMsg=no
[2026-08-08T06:32:26.954Z] LiveUpdateForge: AfterToolExec flush
[2026-08-08T06:32:26.993Z] InitialReadForge.onBeforeSend: SKIP (fr=true syn=false hasRead=true)
[2026-08-08T06:32:35.062Z] LiveUpdateForge: EndTurn fallback flush
[2026-08-08T06:32:35.062Z] onEndTurn: naturalStop=undefined toolCalls=45 nudgeMsg=no
[2026-08-08T06:32:35.062Z] LiveUpdateForge: EndTurn fallback flush
[2026-08-08T06:32:35.062Z] onEndTurn: naturalStop=false toolCalls=45 nudgeMsg=no
[2026-08-08T06:32:35.157Z] LiveUpdateForge: AfterToolExec flush
[2026-08-08T06:32:35.195Z] InitialReadForge.onBeforeSend: SKIP (fr=true syn=false hasRead=true)
[2026-08-08T06:32:41.863Z] LiveUpdateForge: EndTurn fallback flush
[2026-08-08T06:32:41.864Z] onEndTurn: naturalStop=undefined toolCalls=46 nudgeMsg=no
[2026-08-08T06:32:41.864Z] LiveUpdateForge: EndTurn fallback flush
[2026-08-08T06:32:41.864Z] onEndTurn: naturalStop=false toolCalls=46 nudgeMsg=no
[2026-08-08T06:32:41.949Z] LiveUpdateForge: AfterToolExec flush
[2026-08-08T06:32:41.990Z] InitialReadForge.onBeforeSend: SKIP (fr=true syn=false hasRead=true)
[2026-08-08T06:32:49.118Z] LiveUpdateForge: EndTurn fallback flush
[2026-08-08T06:32:49.118Z] onEndTurn: naturalStop=undefined toolCalls=47 nudgeMsg=no
[2026-08-08T06:32:49.118Z] LiveUpdateForge: EndTurn fallback flush
[2026-08-08T06:32:49.118Z] onEndTurn: naturalStop=false toolCalls=47 nudgeMsg=no
[2026-08-08T06:32:49.215Z] LiveUpdateForge: AfterToolExec flush
[2026-08-08T06:32:49.253Z] InitialReadForge.onBeforeSend: SKIP (fr=true syn=false hasRead=true)
[2026-08-08T06:32:58.980Z] LiveUpdateForge: EndTurn fallback flush
[2026-08-08T06:32:58.980Z] onEndTurn: naturalStop=undefined toolCalls=48 nudgeMsg=no
[2026-08-08T06:32:58.981Z] LiveUpdateForge: EndTurn fallback flush
[2026-08-08T06:32:58.981Z] onEndTurn: naturalStop=false toolCalls=48 nudgeMsg=no
[2026-08-08T06:32:59.060Z] LiveUpdateForge: AfterToolExec flush
[2026-08-08T06:32:59.100Z] InitialReadForge.onBeforeSend: SKIP (fr=true syn=false hasRead=true)
[2026-08-08T06:33:09.297Z] LiveUpdateForge: EndTurn fallback flush
[2026-08-08T06:33:09.297Z] onEndTurn: naturalStop=undefined toolCalls=49 nudgeMsg=no
[2026-08-08T06:33:09.297Z] LiveUpdateForge: EndTurn fallback flush
[2026-08-08T06:33:09.298Z] onEndTurn: naturalStop=false toolCalls=49 nudgeMsg=no
[2026-08-08T06:33:09.394Z] LiveUpdateForge: AfterToolExec flush
[2026-08-08T06:33:09.434Z] InitialReadForge.onBeforeSend: SKIP (fr=true syn=false hasRead=true)
[2026-08-08T06:33:16.243Z] LiveUpdateForge: EndTurn fallback flush
[2026-08-08T06:33:16.243Z] onEndTurn: naturalStop=undefined toolCalls=50 nudgeMsg=no
[2026-08-08T06:33:16.243Z] LiveUpdateForge: EndTurn fallback flush
[2026-08-08T06:33:16.244Z] onEndTurn: naturalStop=false toolCalls=50 nudgeMsg=no
[2026-08-08T06:33:16.356Z] LiveUpdateForge: AfterToolExec flush
[2026-08-08T06:33:16.395Z] InitialReadForge.onBeforeSend: SKIP (fr=true syn=false hasRead=true)
[2026-08-08T06:33:23.278Z] LiveUpdateForge: EndTurn fallback flush
[2026-08-08T06:33:23.279Z] onEndTurn: naturalStop=undefined toolCalls=51 nudgeMsg=no
[2026-08-08T06:33:23.279Z] LiveUpdateForge: EndTurn fallback flush
[2026-08-08T06:33:23.279Z] onEndTurn: naturalStop=false toolCalls=51 nudgeMsg=no
[2026-08-08T06:33:23.381Z] LiveUpdateForge: AfterToolExec flush
[2026-08-08T06:33:23.421Z] InitialReadForge.onBeforeSend: SKIP (fr=true syn=false hasRead=true)
[2026-08-08T06:33:31.295Z] LiveUpdateForge: EndTurn fallback flush
[2026-08-08T06:33:31.295Z] onEndTurn: naturalStop=undefined toolCalls=52 nudgeMsg=no
[2026-08-08T06:33:31.295Z] LiveUpdateForge: EndTurn fallback flush
[2026-08-08T06:33:31.295Z] onEndTurn: naturalStop=false toolCalls=52 nudgeMsg=no
[2026-08-08T06:33:31.389Z] LiveUpdateForge: AfterToolExec flush
[2026-08-08T06:33:31.425Z] InitialReadForge.onBeforeSend: SKIP (fr=true syn=false hasRead=true)
[2026-08-08T06:33:38.794Z] LiveUpdateForge: EndTurn fallback flush
[2026-08-08T06:33:38.795Z] onEndTurn: naturalStop=undefined toolCalls=53 nudgeMsg=no
[2026-08-08T06:33:38.795Z] LiveUpdateForge: EndTurn fallback flush
[2026-08-08T06:33:38.795Z] onEndTurn: naturalStop=false toolCalls=53 nudgeMsg=no
[2026-08-08T06:33:38.874Z] LiveUpdateForge: AfterToolExec flush
[2026-08-08T06:33:38.910Z] InitialReadForge.onBeforeSend: SKIP (fr=true syn=false hasRead=true)
[2026-08-08T06:33:48.101Z] LiveUpdateForge: EndTurn fallback flush
[2026-08-08T06:33:48.101Z] onEndTurn: naturalStop=undefined toolCalls=54 nudgeMsg=no
[2026-08-08T06:33:48.101Z] LiveUpdateForge: EndTurn fallback flush
[2026-08-08T06:33:48.102Z] onEndTurn: naturalStop=false toolCalls=54 nudgeMsg=no
[2026-08-08T06:33:48.184Z] LiveUpdateForge: AfterToolExec flush
[2026-08-08T06:33:48.228Z] InitialReadForge.onBeforeSend: SKIP (fr=true syn=false hasRead=true)
[2026-08-08T06:33:54.776Z] LiveUpdateForge: EndTurn fallback flush
[2026-08-08T06:33:54.776Z] onEndTurn: naturalStop=undefined toolCalls=55 nudgeMsg=no
[2026-08-08T06:33:54.776Z] LiveUpdateForge: EndTurn fallback flush
[2026-08-08T06:33:54.777Z] onEndTurn: naturalStop=false toolCalls=55 nudgeMsg=no
[2026-08-08T06:33:54.863Z] LiveUpdateForge: AfterToolExec flush
[2026-08-08T06:33:54.906Z] InitialReadForge.onBeforeSend: SKIP (fr=true syn=false hasRead=true)
[2026-08-08T06:34:05.081Z] LiveUpdateForge: EndTurn fallback flush
[2026-08-08T06:34:05.082Z] onEndTurn: naturalStop=undefined toolCalls=56 nudgeMsg=no
[2026-08-08T06:34:05.082Z] LiveUpdateForge: EndTurn fallback flush
[2026-08-08T06:34:05.082Z] onEndTurn: naturalStop=false toolCalls=56 nudgeMsg=no
[2026-08-08T06:34:05.182Z] LiveUpdateForge: AfterToolExec flush
[2026-08-08T06:34:05.225Z] InitialReadForge.onBeforeSend: SKIP (fr=true syn=false hasRead=true)
[2026-08-08T06:34:15.331Z] LiveUpdateForge: EndTurn fallback flush
[2026-08-08T06:34:15.331Z] onEndTurn: naturalStop=undefined toolCalls=57 nudgeMsg=no
[2026-08-08T06:34:15.331Z] LiveUpdateForge: EndTurn fallback flush
[2026-08-08T06:34:15.331Z] onEndTurn: naturalStop=false toolCalls=57 nudgeMsg=no
[2026-08-08T06:34:15.419Z] LiveUpdateForge: AfterToolExec flush
[2026-08-08T06:34:15.461Z] InitialReadForge.onBeforeSend: SKIP (fr=true syn=false hasRead=true)
[2026-08-08T06:34:25.225Z] LiveUpdateForge: EndTurn fallback flush
[2026-08-08T06:34:25.225Z] onEndTurn: naturalStop=undefined toolCalls=58 nudgeMsg=no
[2026-08-08T06:34:25.226Z] LiveUpdateForge: EndTurn fallback flush
[2026-08-08T06:34:25.226Z] onEndTurn: naturalStop=false toolCalls=58 nudgeMsg=no
[2026-08-08T06:34:25.316Z] LiveUpdateForge: AfterToolExec flush
[2026-08-08T06:34:25.356Z] InitialReadForge.onBeforeSend: SKIP (fr=true syn=false hasRead=true)
[2026-08-08T06:34:32.193Z] LiveUpdateForge: EndTurn fallback flush
[2026-08-08T06:34:32.193Z] onEndTurn: naturalStop=undefined toolCalls=59 nudgeMsg=no
[2026-08-08T06:34:32.193Z] LiveUpdateForge: EndTurn fallback flush
[2026-08-08T06:34:32.193Z] onEndTurn: naturalStop=false toolCalls=59 nudgeMsg=no
[2026-08-08T06:34:32.287Z] LiveUpdateForge: AfterToolExec flush
[2026-08-08T06:34:32.335Z] InitialReadForge.onBeforeSend: SKIP (fr=true syn=false hasRead=true)
[2026-08-08T06:34:39.701Z] LiveUpdateForge: EndTurn fallback flush
[2026-08-08T06:34:39.701Z] onEndTurn: naturalStop=undefined toolCalls=60 nudgeMsg=no
[2026-08-08T06:34:39.702Z] LiveUpdateForge: EndTurn fallback flush
[2026-08-08T06:34:39.702Z] onEndTurn: naturalStop=false toolCalls=60 nudgeMsg=no
[2026-08-08T06:34:39.795Z] LiveUpdateForge: AfterToolExec flush
[2026-08-08T06:34:39.833Z] InitialReadForge.onBeforeSend: SKIP (fr=true syn=false hasRead=true)
[2026-08-08T06:34:48.264Z] LiveUpdateForge: EndTurn fallback flush
[2026-08-08T06:34:48.264Z] onEndTurn: naturalStop=undefined toolCalls=61 nudgeMsg=no
[2026-08-08T06:34:48.264Z] LiveUpdateForge: EndTurn fallback flush
[2026-08-08T06:34:48.264Z] onEndTurn: naturalStop=false toolCalls=61 nudgeMsg=no
[2026-08-08T06:34:48.348Z] LiveUpdateForge: AfterToolExec flush
[2026-08-08T06:34:48.390Z] InitialReadForge.onBeforeSend: SKIP (fr=true syn=false hasRead=true)
[2026-08-08T06:34:56.124Z] LiveUpdateForge: EndTurn fallback flush
[2026-08-08T06:34:56.124Z] onEndTurn: naturalStop=undefined toolCalls=62 nudgeMsg=no
[2026-08-08T06:34:56.124Z] LiveUpdateForge: EndTurn fallback flush
[2026-08-08T06:34:56.125Z] onEndTurn: naturalStop=false toolCalls=62 nudgeMsg=no
[2026-08-08T06:34:56.213Z] LiveUpdateForge: AfterToolExec flush
[2026-08-08T06:34:56.251Z] InitialReadForge.onBeforeSend: SKIP (fr=true syn=false hasRead=true)
[2026-08-08T06:35:04.752Z] LiveUpdateForge: EndTurn fallback flush
[2026-08-08T06:35:04.752Z] onEndTurn: naturalStop=undefined toolCalls=63 nudgeMsg=no
[2026-08-08T06:35:04.752Z] LiveUpdateForge: EndTurn fallback flush
[2026-08-08T06:35:04.753Z] onEndTurn: naturalStop=false toolCalls=63 nudgeMsg=no
[2026-08-08T06:35:04.889Z] LiveUpdateForge: AfterToolExec flush
[2026-08-08T06:35:04.929Z] InitialReadForge.onBeforeSend: SKIP (fr=true syn=false hasRead=true)
[2026-08-08T06:35:15.737Z] LiveUpdateForge: EndTurn fallback flush
[2026-08-08T06:35:15.737Z] onEndTurn: naturalStop=undefined toolCalls=64 nudgeMsg=no
[2026-08-08T06:35:15.738Z] LiveUpdateForge: EndTurn fallback flush
[2026-08-08T06:35:15.738Z] onEndTurn: naturalStop=false toolCalls=64 nudgeMsg=no
[2026-08-08T06:35:15.847Z] LiveUpdateForge: AfterToolExec flush
[2026-08-08T06:35:15.887Z] InitialReadForge.onBeforeSend: SKIP (fr=true syn=false hasRead=true)
[2026-08-08T06:35:22.321Z] LiveUpdateForge: EndTurn fallback flush
[2026-08-08T06:35:22.321Z] onEndTurn: naturalStop=undefined toolCalls=65 nudgeMsg=no
[2026-08-08T06:35:22.321Z] LiveUpdateForge: EndTurn fallback flush
[2026-08-08T06:35:22.321Z] onEndTurn: naturalStop=false toolCalls=65 nudgeMsg=no
[2026-08-08T06:35:22.421Z] LiveUpdateForge: AfterToolExec flush
[2026-08-08T06:35:22.462Z] InitialReadForge.onBeforeSend: SKIP (fr=true syn=false hasRead=true)
[2026-08-08T06:35:35.350Z] LiveUpdateForge: EndTurn fallback flush
[2026-08-08T06:35:35.350Z] onEndTurn: naturalStop=undefined toolCalls=66 nudgeMsg=no
[2026-08-08T06:35:35.350Z] LiveUpdateForge: EndTurn fallback flush
[2026-08-08T06:35:35.351Z] onEndTurn: naturalStop=false toolCalls=66 nudgeMsg=no
[2026-08-08T06:35:35.457Z] LiveUpdateForge: AfterToolExec flush
[2026-08-08T06:35:35.496Z] InitialReadForge.onBeforeSend: SKIP (fr=true syn=false hasRead=true)
[2026-08-08T06:35:43.611Z] LiveUpdateForge: EndTurn fallback flush
[2026-08-08T06:35:43.611Z] onEndTurn: naturalStop=undefined toolCalls=67 nudgeMsg=no
[2026-08-08T06:35:43.611Z] LiveUpdateForge: EndTurn fallback flush
[2026-08-08T06:35:43.612Z] onEndTurn: naturalStop=false toolCalls=67 nudgeMsg=no
[2026-08-08T06:35:43.689Z] LiveUpdateForge: AfterToolExec flush
[2026-08-08T06:35:43.727Z] InitialReadForge.onBeforeSend: SKIP (fr=true syn=false hasRead=true)
[2026-08-08T06:35:52.864Z] LiveUpdateForge: EndTurn fallback flush
[2026-08-08T06:35:52.864Z] onEndTurn: naturalStop=undefined toolCalls=68 nudgeMsg=no
[2026-08-08T06:35:52.865Z] LiveUpdateForge: EndTurn fallback flush
[2026-08-08T06:35:52.866Z] onEndTurn: naturalStop=false toolCalls=68 nudgeMsg=no
[2026-08-08T06:35:52.965Z] LiveUpdateForge: AfterToolExec flush
[2026-08-08T06:35:53.006Z] InitialReadForge.onBeforeSend: SKIP (fr=true syn=false hasRead=true)
[2026-08-08T06:36:00.057Z] LiveUpdateForge: EndTurn fallback flush
[2026-08-08T06:36:00.058Z] onEndTurn: naturalStop=undefined toolCalls=69 nudgeMsg=no
[2026-08-08T06:36:00.058Z] LiveUpdateForge: EndTurn fallback flush
[2026-08-08T06:36:00.059Z] onEndTurn: naturalStop=false toolCalls=69 nudgeMsg=no
[2026-08-08T06:36:00.154Z] LiveUpdateForge: AfterToolExec flush
[2026-08-08T06:36:00.192Z] InitialReadForge.onBeforeSend: SKIP (fr=true syn=false hasRead=true)
[2026-08-08T06:36:06.605Z] LiveUpdateForge: EndTurn fallback flush
[2026-08-08T06:36:06.606Z] onEndTurn: naturalStop=undefined toolCalls=70 nudgeMsg=no
[2026-08-08T06:36:06.606Z] LiveUpdateForge: EndTurn fallback flush
[2026-08-08T06:36:06.606Z] onEndTurn: naturalStop=false toolCalls=70 nudgeMsg=no
[2026-08-08T06:36:06.697Z] LiveUpdateForge: AfterToolExec flush
[2026-08-08T06:36:06.738Z] InitialReadForge.onBeforeSend: SKIP (fr=true syn=false hasRead=true)
[2026-08-08T06:36:13.044Z] LiveUpdateForge: EndTurn fallback flush
[2026-08-08T06:36:13.044Z] onEndTurn: naturalStop=undefined toolCalls=71 nudgeMsg=no
[2026-08-08T06:36:13.044Z] LiveUpdateForge: EndTurn fallback flush
[2026-08-08T06:36:13.044Z] onEndTurn: naturalStop=false toolCalls=71 nudgeMsg=no
[2026-08-08T06:36:13.136Z] LiveUpdateForge: AfterToolExec flush
[2026-08-08T06:36:13.174Z] InitialReadForge.onBeforeSend: SKIP (fr=true syn=false hasRead=true)
[2026-08-08T06:36:19.678Z] LiveUpdateForge: EndTurn fallback flush
[2026-08-08T06:36:19.679Z] onEndTurn: naturalStop=undefined toolCalls=72 nudgeMsg=no
[2026-08-08T06:36:19.679Z] LiveUpdateForge: EndTurn fallback flush
[2026-08-08T06:36:19.680Z] onEndTurn: naturalStop=false toolCalls=72 nudgeMsg=no
[2026-08-08T06:36:19.786Z] LiveUpdateForge: AfterToolExec flush
[2026-08-08T06:36:19.827Z] InitialReadForge.onBeforeSend: SKIP (fr=true syn=false hasRead=true)
[2026-08-08T06:36:30.560Z] LiveUpdateForge: EndTurn fallback flush
[2026-08-08T06:36:30.560Z] onEndTurn: naturalStop=undefined toolCalls=73 nudgeMsg=no
[2026-08-08T06:36:30.560Z] LiveUpdateForge: EndTurn fallback flush
[2026-08-08T06:36:30.560Z] onEndTurn: naturalStop=false toolCalls=73 nudgeMsg=no
[2026-08-08T06:36:30.651Z] LiveUpdateForge: AfterToolExec flush
[2026-08-08T06:36:30.694Z] InitialReadForge.onBeforeSend: SKIP (fr=true syn=false hasRead=true)
[2026-08-08T06:36:38.652Z] LiveUpdateForge: EndTurn fallback flush
[2026-08-08T06:36:38.652Z] onEndTurn: naturalStop=undefined toolCalls=74 nudgeMsg=no
[2026-08-08T06:36:38.652Z] LiveUpdateForge: EndTurn fallback flush
[2026-08-08T06:36:38.653Z] onEndTurn: naturalStop=false toolCalls=74 nudgeMsg=no
[2026-08-08T06:36:38.735Z] LiveUpdateForge: AfterToolExec flush
[2026-08-08T06:36:38.776Z] InitialReadForge.onBeforeSend: SKIP (fr=true syn=false hasRead=true)
[2026-08-08T06:36:48.181Z] LiveUpdateForge: EndTurn fallback flush
[2026-08-08T06:36:48.182Z] onEndTurn: naturalStop=undefined toolCalls=75 nudgeMsg=no
[2026-08-08T06:36:48.182Z] LiveUpdateForge: EndTurn fallback flush
[2026-08-08T06:36:48.182Z] onEndTurn: naturalStop=false toolCalls=75 nudgeMsg=no
[2026-08-08T06:36:48.278Z] LiveUpdateForge: AfterToolExec flush
[2026-08-08T06:36:48.318Z] InitialReadForge.onBeforeSend: SKIP (fr=true syn=false hasRead=true)
[2026-08-08T06:36:59.351Z] LiveUpdateForge: EndTurn fallback flush
[2026-08-08T06:36:59.351Z] onEndTurn: naturalStop=undefined toolCalls=76 nudgeMsg=no
[2026-08-08T06:36:59.351Z] LiveUpdateForge: EndTurn fallback flush
[2026-08-08T06:36:59.352Z] onEndTurn: naturalStop=false toolCalls=76 nudgeMsg=no
[2026-08-08T06:36:59.435Z] LiveUpdateForge: AfterToolExec flush
[2026-08-08T06:36:59.473Z] InitialReadForge.onBeforeSend: SKIP (fr=true syn=false hasRead=true)
[2026-08-08T06:37:06.382Z] LiveUpdateForge: EndTurn fallback flush
[2026-08-08T06:37:06.382Z] onEndTurn: naturalStop=undefined toolCalls=77 nudgeMsg=no
[2026-08-08T06:37:06.382Z] LiveUpdateForge: EndTurn fallback flush
[2026-08-08T06:37:06.383Z] onEndTurn: naturalStop=false toolCalls=77 nudgeMsg=no
[2026-08-08T06:37:06.477Z] LiveUpdateForge: AfterToolExec flush
[2026-08-08T06:37:06.516Z] InitialReadForge.onBeforeSend: SKIP (fr=true syn=false hasRead=true)
[2026-08-08T06:37:18.047Z] LiveUpdateForge: EndTurn fallback flush
[2026-08-08T06:37:18.047Z] onEndTurn: naturalStop=undefined toolCalls=78 nudgeMsg=no
[2026-08-08T06:37:18.047Z] LiveUpdateForge: EndTurn fallback flush
[2026-08-08T06:37:18.048Z] onEndTurn: naturalStop=false toolCalls=78 nudgeMsg=no
[2026-08-08T06:37:18.126Z] LiveUpdateForge: AfterToolExec flush
[2026-08-08T06:37:18.164Z] InitialReadForge.onBeforeSend: SKIP (fr=true syn=false hasRead=true)
[2026-08-08T06:37:27.099Z] LiveUpdateForge: EndTurn fallback flush
[2026-08-08T06:37:27.099Z] onEndTurn: naturalStop=undefined toolCalls=79 nudgeMsg=no
[2026-08-08T06:37:27.100Z] LiveUpdateForge: EndTurn fallback flush
[2026-08-08T06:37:27.100Z] onEndTurn: naturalStop=false toolCalls=79 nudgeMsg=no
[2026-08-08T06:37:27.166Z] LiveUpdateForge: AfterToolExec flush
[2026-08-08T06:37:27.204Z] InitialReadForge.onBeforeSend: SKIP (fr=true syn=false hasRead=true)
[2026-08-08T06:37:34.356Z] LiveUpdateForge: EndTurn fallback flush
[2026-08-08T06:37:34.356Z] onEndTurn: naturalStop=undefined toolCalls=80 nudgeMsg=no
[2026-08-08T06:37:34.356Z] LiveUpdateForge: EndTurn fallback flush
[2026-08-08T06:37:34.357Z] onEndTurn: naturalStop=false toolCalls=80 nudgeMsg=no
[2026-08-08T06:37:34.459Z] LiveUpdateForge: AfterToolExec flush
[2026-08-08T06:37:34.500Z] InitialReadForge.onBeforeSend: SKIP (fr=true syn=false hasRead=true)
[2026-08-08T06:37:41.630Z] LiveUpdateForge: EndTurn fallback flush
[2026-08-08T06:37:41.630Z] onEndTurn: naturalStop=undefined toolCalls=81 nudgeMsg=no
[2026-08-08T06:37:41.630Z] LiveUpdateForge: EndTurn fallback flush
[2026-08-08T06:37:41.631Z] onEndTurn: naturalStop=false toolCalls=81 nudgeMsg=no
[2026-08-08T06:37:41.726Z] LiveUpdateForge: AfterToolExec flush
[2026-08-08T06:37:41.771Z] InitialReadForge.onBeforeSend: SKIP (fr=true syn=false hasRead=true)
[2026-08-08T06:37:49.634Z] LiveUpdateForge: EndTurn fallback flush
[2026-08-08T06:37:49.634Z] onEndTurn: naturalStop=undefined toolCalls=82 nudgeMsg=no
[2026-08-08T06:37:49.634Z] LiveUpdateForge: EndTurn fallback flush
[2026-08-08T06:37:49.635Z] onEndTurn: naturalStop=false toolCalls=82 nudgeMsg=no
[2026-08-08T06:37:49.734Z] LiveUpdateForge: AfterToolExec flush
[2026-08-08T06:37:49.771Z] InitialReadForge.onBeforeSend: SKIP (fr=true syn=false hasRead=true)
[2026-08-08T06:37:56.713Z] LiveUpdateForge: EndTurn fallback flush
[2026-08-08T06:37:56.713Z] onEndTurn: naturalStop=undefined toolCalls=83 nudgeMsg=no
[2026-08-08T06:37:56.713Z] LiveUpdateForge: EndTurn fallback flush
[2026-08-08T06:37:56.714Z] onEndTurn: naturalStop=false toolCalls=83 nudgeMsg=no
[2026-08-08T06:37:56.814Z] LiveUpdateForge: AfterToolExec flush
[2026-08-08T06:37:56.856Z] InitialReadForge.onBeforeSend: SKIP (fr=true syn=false hasRead=true)
[2026-08-08T06:38:04.240Z] LiveUpdateForge: EndTurn fallback flush
[2026-08-08T06:38:04.240Z] onEndTurn: naturalStop=undefined toolCalls=84 nudgeMsg=no
[2026-08-08T06:38:04.241Z] LiveUpdateForge: EndTurn fallback flush
[2026-08-08T06:38:04.241Z] onEndTurn: naturalStop=false toolCalls=84 nudgeMsg=no
[2026-08-08T06:38:04.333Z] LiveUpdateForge: AfterToolExec flush
[2026-08-08T06:38:04.377Z] InitialReadForge.onBeforeSend: SKIP (fr=true syn=false hasRead=true)
[2026-08-08T06:38:11.146Z] LiveUpdateForge: EndTurn fallback flush
[2026-08-08T06:38:11.146Z] onEndTurn: naturalStop=undefined toolCalls=85 nudgeMsg=no
[2026-08-08T06:38:11.146Z] LiveUpdateForge: EndTurn fallback flush
[2026-08-08T06:38:11.147Z] onEndTurn: naturalStop=false toolCalls=85 nudgeMsg=no
[2026-08-08T06:38:11.241Z] LiveUpdateForge: AfterToolExec flush
[2026-08-08T06:38:11.301Z] InitialReadForge.onBeforeSend: SKIP (fr=true syn=false hasRead=true)
[2026-08-08T06:38:17.650Z] LiveUpdateForge: EndTurn fallback flush
[2026-08-08T06:38:17.650Z] onEndTurn: naturalStop=undefined toolCalls=86 nudgeMsg=no
[2026-08-08T06:38:17.650Z] LiveUpdateForge: EndTurn fallback flush
[2026-08-08T06:38:17.650Z] onEndTurn: naturalStop=false toolCalls=86 nudgeMsg=no
[2026-08-08T06:38:17.741Z] LiveUpdateForge: AfterToolExec flush
[2026-08-08T06:38:17.779Z] InitialReadForge.onBeforeSend: SKIP (fr=true syn=false hasRead=true)
[2026-08-08T06:38:28.598Z] LiveUpdateForge: EndTurn fallback flush
[2026-08-08T06:38:28.598Z] onEndTurn: naturalStop=undefined toolCalls=87 nudgeMsg=no
[2026-08-08T06:38:28.598Z] LiveUpdateForge: EndTurn fallback flush
[2026-08-08T06:38:28.599Z] onEndTurn: naturalStop=false toolCalls=87 nudgeMsg=no
[2026-08-08T06:38:28.684Z] LiveUpdateForge: AfterToolExec flush
[2026-08-08T06:38:28.726Z] InitialReadForge.onBeforeSend: SKIP (fr=true syn=false hasRead=true)
[2026-08-08T06:38:38.411Z] LiveUpdateForge: EndTurn fallback flush
[2026-08-08T06:38:38.412Z] onEndTurn: naturalStop=undefined toolCalls=88 nudgeMsg=no
[2026-08-08T06:38:38.412Z] LiveUpdateForge: EndTurn fallback flush
[2026-08-08T06:38:38.412Z] onEndTurn: naturalStop=false toolCalls=88 nudgeMsg=no
[2026-08-08T06:38:51.668Z] LiveUpdateForge: AfterToolExec flush
[2026-08-08T06:38:51.729Z] InitialReadForge.onBeforeSend: SKIP (fr=true syn=false hasRead=true)
[2026-08-08T06:38:58.914Z] LiveUpdateForge: EndTurn fallback flush
[2026-08-08T06:38:58.915Z] onEndTurn: naturalStop=undefined toolCalls=89 nudgeMsg=no
[2026-08-08T06:38:58.915Z] LiveUpdateForge: EndTurn fallback flush
[2026-08-08T06:38:58.915Z] onEndTurn: naturalStop=false toolCalls=89 nudgeMsg=no
[2026-08-08T06:39:16.425Z] LiveUpdateForge: AfterToolExec flush
[2026-08-08T06:39:16.485Z] InitialReadForge.onBeforeSend: SKIP (fr=true syn=false hasRead=true)
[2026-08-08T06:39:26.287Z] LiveUpdateForge: EndTurn fallback flush
[2026-08-08T06:39:26.287Z] onEndTurn: naturalStop=undefined toolCalls=90 nudgeMsg=no
[2026-08-08T06:39:26.287Z] LiveUpdateForge: EndTurn fallback flush
[2026-08-08T06:39:26.287Z] onEndTurn: naturalStop=false toolCalls=90 nudgeMsg=no
[2026-08-08T06:39:27.448Z] LiveUpdateForge: AfterToolExec flush
[2026-08-08T06:39:27.502Z] InitialReadForge.onBeforeSend: SKIP (fr=true syn=false hasRead=true)
[2026-08-08T06:39:36.033Z] LiveUpdateForge: EndTurn fallback flush
[2026-08-08T06:39:36.033Z] onEndTurn: naturalStop=undefined toolCalls=91 nudgeMsg=no
[2026-08-08T06:39:36.033Z] LiveUpdateForge: EndTurn fallback flush
[2026-08-08T06:39:36.033Z] onEndTurn: naturalStop=false toolCalls=91 nudgeMsg=no
[2026-08-08T06:39:43.982Z] LiveUpdateForge: AfterToolExec flush
[2026-08-08T06:39:44.031Z] InitialReadForge.onBeforeSend: SKIP (fr=true syn=false hasRead=true)
[2026-08-08T06:39:55.541Z] LiveUpdateForge: EndTurn fallback flush
[2026-08-08T06:39:55.541Z] onEndTurn: naturalStop=undefined toolCalls=92 nudgeMsg=no
[2026-08-08T06:39:55.542Z] LiveUpdateForge: EndTurn fallback flush
[2026-08-08T06:39:55.542Z] onEndTurn: naturalStop=false toolCalls=92 nudgeMsg=no
[2026-08-08T06:39:55.626Z] LiveUpdateForge: AfterToolExec flush
[2026-08-08T06:39:55.674Z] InitialReadForge.onBeforeSend: SKIP (fr=true syn=false hasRead=true)
[2026-08-08T06:40:03.666Z] LiveUpdateForge: EndTurn fallback flush
[2026-08-08T06:40:03.666Z] onEndTurn: naturalStop=undefined toolCalls=93 nudgeMsg=no
[2026-08-08T06:40:03.667Z] LiveUpdateForge: EndTurn fallback flush
[2026-08-08T06:40:03.667Z] onEndTurn: naturalStop=false toolCalls=93 nudgeMsg=no
[2026-08-08T06:40:13.399Z] LiveUpdateForge: AfterToolExec flush
[2026-08-08T06:40:13.455Z] InitialReadForge.onBeforeSend: SKIP (fr=true syn=false hasRead=true)
[2026-08-08T06:40:19.831Z] LiveUpdateForge: EndTurn fallback flush
[2026-08-08T06:40:19.831Z] onEndTurn: naturalStop=undefined toolCalls=94 nudgeMsg=no
[2026-08-08T06:40:19.832Z] LiveUpdateForge: EndTurn fallback flush
[2026-08-08T06:40:19.832Z] onEndTurn: naturalStop=false toolCalls=94 nudgeMsg=no
[2026-08-08T06:40:19.836Z] LiveUpdateForge: AfterToolExec flush
[2026-08-08T06:40:19.880Z] InitialReadForge.onBeforeSend: SKIP (fr=true syn=false hasRead=true)
[2026-08-08T06:40:27.000Z] LiveUpdateForge: EndTurn fallback flush
[2026-08-08T06:40:27.000Z] onEndTurn: naturalStop=undefined toolCalls=95 nudgeMsg=no
[2026-08-08T06:40:27.001Z] LiveUpdateForge: EndTurn fallback flush
[2026-08-08T06:40:27.001Z] onEndTurn: naturalStop=false toolCalls=95 nudgeMsg=no
[2026-08-08T06:40:27.004Z] LiveUpdateForge: AfterToolExec flush
[2026-08-08T06:40:27.045Z] InitialReadForge.onBeforeSend: SKIP (fr=true syn=false hasRead=true)
[2026-08-08T06:40:37.105Z] LiveUpdateForge: EndTurn fallback flush
[2026-08-08T06:40:37.105Z] onEndTurn: naturalStop=undefined toolCalls=96 nudgeMsg=no
[2026-08-08T06:40:37.105Z] LiveUpdateForge: EndTurn fallback flush
[2026-08-08T06:40:37.106Z] onEndTurn: naturalStop=false toolCalls=96 nudgeMsg=no
[2026-08-08T06:40:37.192Z] LiveUpdateForge: AfterToolExec flush
[2026-08-08T06:40:37.232Z] InitialReadForge.onBeforeSend: SKIP (fr=true syn=false hasRead=true)
[2026-08-08T06:41:32.741Z] LiveUpdateForge: EndTurn fallback flush
[2026-08-08T06:41:32.741Z] onEndTurn: naturalStop=undefined toolCalls=97 nudgeMsg=no
[2026-08-08T06:41:32.742Z] LiveUpdateForge: EndTurn fallback flush
[2026-08-08T06:41:32.742Z] onEndTurn: naturalStop=false toolCalls=97 nudgeMsg=no
[2026-08-08T06:41:32.830Z] LiveUpdateForge: AfterToolExec flush
[2026-08-08T06:41:32.872Z] InitialReadForge.onBeforeSend: SKIP (fr=true syn=false hasRead=true)
[2026-08-08T06:41:39.439Z] LiveUpdateForge: EndTurn fallback flush
[2026-08-08T06:41:39.439Z] onEndTurn: naturalStop=undefined toolCalls=98 nudgeMsg=no
[2026-08-08T06:41:39.439Z] LiveUpdateForge: EndTurn fallback flush
[2026-08-08T06:41:39.440Z] onEndTurn: naturalStop=false toolCalls=98 nudgeMsg=no
[2026-08-08T06:41:50.719Z] LiveUpdateForge: AfterToolExec flush
[2026-08-08T06:41:50.768Z] InitialReadForge.onBeforeSend: SKIP (fr=true syn=false hasRead=true)
[2026-08-08T06:41:57.346Z] LiveUpdateForge: EndTurn fallback flush
[2026-08-08T06:41:57.347Z] onEndTurn: naturalStop=undefined toolCalls=99 nudgeMsg=no
[2026-08-08T06:41:57.347Z] LiveUpdateForge: EndTurn fallback flush
[2026-08-08T06:41:57.348Z] onEndTurn: naturalStop=false toolCalls=99 nudgeMsg=no
[2026-08-08T06:42:11.185Z] LiveUpdateForge: AfterToolExec flush
[2026-08-08T06:42:11.248Z] InitialReadForge.onBeforeSend: SKIP (fr=true syn=false hasRead=true)
[2026-08-08T06:42:18.382Z] LiveUpdateForge: EndTurn fallback flush
[2026-08-08T06:42:18.383Z] onEndTurn: naturalStop=undefined toolCalls=100 nudgeMsg=no
[2026-08-08T06:42:18.383Z] LiveUpdateForge: EndTurn fallback flush
[2026-08-08T06:42:18.383Z] onEndTurn: naturalStop=false toolCalls=100 nudgeMsg=no
[2026-08-08T06:42:19.596Z] LiveUpdateForge: AfterToolExec flush
[2026-08-08T06:42:19.647Z] InitialReadForge.onBeforeSend: SKIP (fr=true syn=false hasRead=true)
[2026-08-08T06:42:28.782Z] LiveUpdateForge: EndTurn fallback flush
[2026-08-08T06:42:28.783Z] onEndTurn: naturalStop=undefined toolCalls=101 nudgeMsg=no
[2026-08-08T06:42:28.783Z] LiveUpdateForge: EndTurn fallback flush
[2026-08-08T06:42:28.783Z] onEndTurn: naturalStop=false toolCalls=101 nudgeMsg=no
[2026-08-08T06:42:28.833Z] LiveUpdateForge: AfterToolExec flush
[2026-08-08T06:42:28.876Z] InitialReadForge.onBeforeSend: SKIP (fr=true syn=false hasRead=true)
[2026-08-08T06:42:35.892Z] LiveUpdateForge: EndTurn fallback flush
[2026-08-08T06:42:35.893Z] onEndTurn: naturalStop=undefined toolCalls=102 nudgeMsg=no
[2026-08-08T06:42:35.893Z] LiveUpdateForge: EndTurn fallback flush
[2026-08-08T06:42:35.893Z] onEndTurn: naturalStop=false toolCalls=102 nudgeMsg=no
[2026-08-08T06:42:41.650Z] LiveUpdateForge: AfterToolExec flush
[2026-08-08T06:42:41.707Z] InitialReadForge.onBeforeSend: SKIP (fr=true syn=false hasRead=true)
[2026-08-08T06:42:47.647Z] LiveUpdateForge: EndTurn fallback flush
[2026-08-08T06:42:47.647Z] onEndTurn: naturalStop=undefined toolCalls=103 nudgeMsg=no
[2026-08-08T06:42:47.647Z] LiveUpdateForge: EndTurn fallback flush
[2026-08-08T06:42:47.648Z] onEndTurn: naturalStop=false toolCalls=103 nudgeMsg=no
[2026-08-08T06:42:47.653Z] LiveUpdateForge: AfterToolExec flush
[2026-08-08T06:42:47.697Z] InitialReadForge.onBeforeSend: SKIP (fr=true syn=false hasRead=true)
[2026-08-08T06:42:56.595Z] LiveUpdateForge: EndTurn fallback flush
[2026-08-08T06:42:56.595Z] onEndTurn: naturalStop=undefined toolCalls=104 nudgeMsg=no
[2026-08-08T06:42:56.595Z] LiveUpdateForge: EndTurn fallback flush
[2026-08-08T06:42:56.596Z] onEndTurn: naturalStop=false toolCalls=104 nudgeMsg=no
[2026-08-08T06:42:56.602Z] LiveUpdateForge: self-write on D:\xm\CacheHub\CODELY.md, baseline aligned
[2026-08-08T06:42:56.602Z] LiveUpdateForge: AfterToolExec flush
[2026-08-08T06:42:56.640Z] InitialReadForge.onBeforeSend: SKIP (fr=true syn=false hasRead=true)
[2026-08-08T06:43:14.803Z] LiveUpdateForge: EndTurn fallback flush
[2026-08-08T06:43:14.803Z] onEndTurn: naturalStop=undefined toolCalls=0 nudgeMsg=no
[2026-08-08T06:43:14.803Z] LiveUpdateForge: EndTurn fallback flush
[2026-08-08T06:43:14.804Z] onEndTurn: naturalStop=false toolCalls=0 nudgeMsg=no
[2026-08-08T06:43:14.895Z] LiveUpdateForge: AfterToolExec flush
[2026-08-08T06:43:14.938Z] InitialReadForge.onBeforeSend: SKIP (fr=true syn=false hasRead=true)
[2026-08-08T06:43:41.655Z] LiveUpdateForge: EndTurn fallback flush
[2026-08-08T06:43:41.655Z] onEndTurn: naturalStop=undefined toolCalls=1 nudgeMsg=no
[2026-08-08T06:43:41.656Z] LiveUpdateForge: EndTurn fallback flush
[2026-08-08T06:43:41.656Z] onEndTurn: naturalStop=false toolCalls=1 nudgeMsg=no
[2026-08-08T06:43:41.751Z] LiveUpdateForge: AfterToolExec flush
[2026-08-08T06:43:41.796Z] InitialReadForge.onBeforeSend: SKIP (fr=true syn=false hasRead=true)
[2026-08-08T06:43:48.940Z] LiveUpdateForge: EndTurn fallback flush
[2026-08-08T06:43:48.941Z] onEndTurn: naturalStop=undefined toolCalls=2 nudgeMsg=no
[2026-08-08T06:43:48.941Z] LiveUpdateForge: EndTurn fallback flush
[2026-08-08T06:43:48.941Z] onEndTurn: naturalStop=false toolCalls=2 nudgeMsg=no
[2026-08-08T06:43:48.947Z] LiveUpdateForge: AfterToolExec flush
[2026-08-08T06:43:48.988Z] InitialReadForge.onBeforeSend: SKIP (fr=true syn=false hasRead=true)
[2026-08-08T06:43:57.134Z] LiveUpdateForge: EndTurn fallback flush
[2026-08-08T06:43:57.135Z] onEndTurn: naturalStop=undefined toolCalls=3 nudgeMsg=no
[2026-08-08T06:43:57.135Z] LiveUpdateForge: EndTurn fallback flush
[2026-08-08T06:43:57.135Z] onEndTurn: naturalStop=false toolCalls=3 nudgeMsg=no
[2026-08-08T06:43:57.193Z] LiveUpdateForge: AfterToolExec flush
[2026-08-08T06:43:57.231Z] InitialReadForge.onBeforeSend: SKIP (fr=true syn=false hasRead=true)
[2026-08-08T06:44:03.902Z] LiveUpdateForge: EndTurn fallback flush
[2026-08-08T06:44:03.903Z] onEndTurn: naturalStop=undefined toolCalls=4 nudgeMsg=no
[2026-08-08T06:44:03.903Z] LiveUpdateForge: EndTurn fallback flush
[2026-08-08T06:44:03.903Z] onEndTurn: naturalStop=false toolCalls=4 nudgeMsg=no
[2026-08-08T06:44:03.983Z] LiveUpdateForge: AfterToolExec flush
[2026-08-08T06:44:04.022Z] InitialReadForge.onBeforeSend: SKIP (fr=true syn=false hasRead=true)
[2026-08-08T06:44:10.544Z] LiveUpdateForge: EndTurn fallback flush
[2026-08-08T06:44:10.545Z] onEndTurn: naturalStop=undefined toolCalls=5 nudgeMsg=no
[2026-08-08T06:44:10.545Z] LiveUpdateForge: EndTurn fallback flush
[2026-08-08T06:44:10.545Z] onEndTurn: naturalStop=false toolCalls=5 nudgeMsg=no
[2026-08-08T06:44:10.638Z] LiveUpdateForge: AfterToolExec flush
[2026-08-08T06:44:10.680Z] InitialReadForge.onBeforeSend: SKIP (fr=true syn=false hasRead=true)
[2026-08-08T06:44:19.049Z] LiveUpdateForge: EndTurn fallback flush
[2026-08-08T06:44:19.049Z] onEndTurn: naturalStop=undefined toolCalls=6 nudgeMsg=no
[2026-08-08T06:44:19.049Z] LiveUpdateForge: EndTurn fallback flush
[2026-08-08T06:44:19.049Z] onEndTurn: naturalStop=false toolCalls=6 nudgeMsg=no
[2026-08-08T06:44:19.088Z] LiveUpdateForge: AfterToolExec flush
[2026-08-08T06:44:19.129Z] InitialReadForge.onBeforeSend: SKIP (fr=true syn=false hasRead=true)
[2026-08-08T06:44:27.049Z] LiveUpdateForge: EndTurn fallback flush
[2026-08-08T06:44:27.049Z] onEndTurn: naturalStop=undefined toolCalls=7 nudgeMsg=no
[2026-08-08T06:44:27.050Z] LiveUpdateForge: EndTurn fallback flush
[2026-08-08T06:44:27.050Z] onEndTurn: naturalStop=false toolCalls=7 nudgeMsg=no
[2026-08-08T06:44:27.111Z] LiveUpdateForge: AfterToolExec flush
[2026-08-08T06:44:27.155Z] InitialReadForge.onBeforeSend: SKIP (fr=true syn=false hasRead=true)
[2026-08-08T06:44:45.898Z] LiveUpdateForge: EndTurn fallback flush
[2026-08-08T06:44:45.898Z] onEndTurn: naturalStop=undefined toolCalls=8 nudgeMsg=no
[2026-08-08T06:44:45.898Z] LiveUpdateForge: EndTurn fallback flush
[2026-08-08T06:44:45.898Z] onEndTurn: naturalStop=false toolCalls=8 nudgeMsg=no
[2026-08-08T06:44:45.972Z] LiveUpdateForge: AfterToolExec flush
[2026-08-08T06:44:46.011Z] InitialReadForge.onBeforeSend: SKIP (fr=true syn=false hasRead=true)
[2026-08-08T06:44:52.646Z] LiveUpdateForge: EndTurn fallback flush
[2026-08-08T06:44:52.646Z] onEndTurn: naturalStop=undefined toolCalls=9 nudgeMsg=no
[2026-08-08T06:44:52.646Z] LiveUpdateForge: EndTurn fallback flush
[2026-08-08T06:44:52.647Z] onEndTurn: naturalStop=false toolCalls=9 nudgeMsg=no
[2026-08-08T06:44:55.421Z] LiveUpdateForge: AfterToolExec flush
[2026-08-08T06:44:55.473Z] InitialReadForge.onBeforeSend: SKIP (fr=true syn=false hasRead=true)
[2026-08-08T06:45:02.092Z] LiveUpdateForge: EndTurn fallback flush
[2026-08-08T06:45:02.093Z] onEndTurn: naturalStop=undefined toolCalls=10 nudgeMsg=no
[2026-08-08T06:45:02.093Z] LiveUpdateForge: EndTurn fallback flush
[2026-08-08T06:45:02.094Z] onEndTurn: naturalStop=false toolCalls=10 nudgeMsg=no
[2026-08-08T06:45:02.298Z] LiveUpdateForge: AfterToolExec flush
[2026-08-08T06:45:02.340Z] InitialReadForge.onBeforeSend: SKIP (fr=true syn=false hasRead=true)
[2026-08-08T06:45:16.429Z] LiveUpdateForge: EndTurn fallback flush
[2026-08-08T06:45:16.430Z] onEndTurn: naturalStop=undefined toolCalls=11 nudgeMsg=no
[2026-08-08T06:45:16.431Z] LiveUpdateForge: EndTurn fallback flush
[2026-08-08T06:45:16.431Z] onEndTurn: naturalStop=false toolCalls=11 nudgeMsg=no
[2026-08-08T06:45:16.487Z] LiveUpdateForge: AfterToolExec flush
[2026-08-08T06:45:16.531Z] InitialReadForge.onBeforeSend: SKIP (fr=true syn=false hasRead=true)
[2026-08-08T06:45:23.082Z] LiveUpdateForge: EndTurn fallback flush
[2026-08-08T06:45:23.082Z] onEndTurn: naturalStop=undefined toolCalls=12 nudgeMsg=no
[2026-08-08T06:45:23.083Z] LiveUpdateForge: EndTurn fallback flush
[2026-08-08T06:45:23.083Z] onEndTurn: naturalStop=false toolCalls=12 nudgeMsg=no
[2026-08-08T06:45:23.130Z] LiveUpdateForge: AfterToolExec flush
[2026-08-08T06:45:23.174Z] InitialReadForge.onBeforeSend: SKIP (fr=true syn=false hasRead=true)
[2026-08-08T06:45:36.538Z] LiveUpdateForge: EndTurn fallback flush
[2026-08-08T06:45:36.538Z] onEndTurn: naturalStop=undefined toolCalls=13 nudgeMsg=no
[2026-08-08T06:45:36.538Z] LiveUpdateForge: EndTurn fallback flush
[2026-08-08T06:45:36.539Z] onEndTurn: naturalStop=false toolCalls=13 nudgeMsg=no
[2026-08-08T06:45:36.588Z] LiveUpdateForge: AfterToolExec flush
[2026-08-08T06:45:36.628Z] InitialReadForge.onBeforeSend: SKIP (fr=true syn=false hasRead=true)
[2026-08-08T06:45:43.285Z] LiveUpdateForge: EndTurn fallback flush
[2026-08-08T06:45:43.285Z] onEndTurn: naturalStop=undefined toolCalls=14 nudgeMsg=no
[2026-08-08T06:45:43.285Z] LiveUpdateForge: EndTurn fallback flush
[2026-08-08T06:45:43.285Z] onEndTurn: naturalStop=false toolCalls=14 nudgeMsg=no
[2026-08-08T06:45:46.067Z] LiveUpdateForge: AfterToolExec flush
[2026-08-08T06:45:46.112Z] InitialReadForge.onBeforeSend: SKIP (fr=true syn=false hasRead=true)
[2026-08-08T06:45:52.936Z] LiveUpdateForge: EndTurn fallback flush
[2026-08-08T06:45:52.936Z] onEndTurn: naturalStop=undefined toolCalls=15 nudgeMsg=no
[2026-08-08T06:45:52.936Z] LiveUpdateForge: EndTurn fallback flush
[2026-08-08T06:45:52.937Z] onEndTurn: naturalStop=false toolCalls=15 nudgeMsg=no
[2026-08-08T06:45:52.940Z] LiveUpdateForge: AfterToolExec flush
[2026-08-08T06:45:52.982Z] InitialReadForge.onBeforeSend: SKIP (fr=true syn=false hasRead=true)
[2026-08-08T06:46:12.947Z] LiveUpdateForge: EndTurn fallback flush
[2026-08-08T06:46:12.948Z] onEndTurn: naturalStop=undefined toolCalls=16 nudgeMsg=no
[2026-08-08T06:46:12.948Z] LiveUpdateForge: EndTurn fallback flush
[2026-08-08T06:46:12.949Z] onEndTurn: naturalStop=false toolCalls=16 nudgeMsg=no
[2026-08-08T06:46:12.990Z] LiveUpdateForge: AfterToolExec flush
[2026-08-08T06:46:13.029Z] InitialReadForge.onBeforeSend: SKIP (fr=true syn=false hasRead=true)
[2026-08-08T06:46:20.456Z] LiveUpdateForge: EndTurn fallback flush
[2026-08-08T06:46:20.456Z] onEndTurn: naturalStop=undefined toolCalls=17 nudgeMsg=no
[2026-08-08T06:46:20.456Z] LiveUpdateForge: EndTurn fallback flush
[2026-08-08T06:46:20.457Z] onEndTurn: naturalStop=false toolCalls=17 nudgeMsg=no
[2026-08-08T06:46:23.073Z] LiveUpdateForge: AfterToolExec flush
[2026-08-08T06:46:23.121Z] InitialReadForge.onBeforeSend: SKIP (fr=true syn=false hasRead=true)
[2026-08-08T06:46:36.123Z] LiveUpdateForge: EndTurn fallback flush
[2026-08-08T06:46:36.124Z] onEndTurn: naturalStop=undefined toolCalls=18 nudgeMsg=no
[2026-08-08T06:46:36.124Z] LiveUpdateForge: EndTurn fallback flush
[2026-08-08T06:46:36.124Z] onEndTurn: naturalStop=false toolCalls=18 nudgeMsg=no
[2026-08-08T06:46:36.132Z] LiveUpdateForge: AfterToolExec flush
[2026-08-08T06:46:36.173Z] InitialReadForge.onBeforeSend: SKIP (fr=true syn=false hasRead=true)
[2026-08-08T06:46:43.638Z] LiveUpdateForge: EndTurn fallback flush
[2026-08-08T06:46:43.638Z] onEndTurn: naturalStop=undefined toolCalls=19 nudgeMsg=no
[2026-08-08T06:46:43.638Z] LiveUpdateForge: EndTurn fallback flush
[2026-08-08T06:46:43.638Z] onEndTurn: naturalStop=false toolCalls=19 nudgeMsg=no
[2026-08-08T06:46:43.675Z] LiveUpdateForge: AfterToolExec flush
[2026-08-08T06:46:43.721Z] InitialReadForge.onBeforeSend: SKIP (fr=true syn=false hasRead=true)
[2026-08-08T06:46:51.910Z] LiveUpdateForge: EndTurn fallback flush
[2026-08-08T06:46:51.910Z] onEndTurn: naturalStop=undefined toolCalls=20 nudgeMsg=no
[2026-08-08T06:46:51.910Z] LiveUpdateForge: EndTurn fallback flush
[2026-08-08T06:46:51.910Z] onEndTurn: naturalStop=false toolCalls=20 nudgeMsg=no
[2026-08-08T06:46:54.548Z] LiveUpdateForge: AfterToolExec flush
[2026-08-08T06:46:54.604Z] InitialReadForge.onBeforeSend: SKIP (fr=true syn=false hasRead=true)
[2026-08-08T06:47:02.321Z] LiveUpdateForge: EndTurn fallback flush
[2026-08-08T06:47:02.322Z] onEndTurn: naturalStop=undefined toolCalls=21 nudgeMsg=no
[2026-08-08T06:47:02.322Z] LiveUpdateForge: EndTurn fallback flush
[2026-08-08T06:47:02.322Z] onEndTurn: naturalStop=false toolCalls=21 nudgeMsg=no
[2026-08-08T06:47:02.369Z] LiveUpdateForge: AfterToolExec flush
[2026-08-08T06:47:02.412Z] InitialReadForge.onBeforeSend: SKIP (fr=true syn=false hasRead=true)
[2026-08-08T06:47:09.854Z] LiveUpdateForge: EndTurn fallback flush
[2026-08-08T06:47:09.855Z] onEndTurn: naturalStop=undefined toolCalls=22 nudgeMsg=no
[2026-08-08T06:47:09.855Z] LiveUpdateForge: EndTurn fallback flush
[2026-08-08T06:47:09.855Z] onEndTurn: naturalStop=false toolCalls=22 nudgeMsg=no
[2026-08-08T06:47:12.681Z] LiveUpdateForge: AfterToolExec flush
[2026-08-08T06:47:12.738Z] InitialReadForge.onBeforeSend: SKIP (fr=true syn=false hasRead=true)
[2026-08-08T06:47:20.894Z] LiveUpdateForge: EndTurn fallback flush
[2026-08-08T06:47:20.894Z] onEndTurn: naturalStop=undefined toolCalls=23 nudgeMsg=no
[2026-08-08T06:47:20.895Z] LiveUpdateForge: EndTurn fallback flush
[2026-08-08T06:47:20.895Z] onEndTurn: naturalStop=false toolCalls=23 nudgeMsg=no
[2026-08-08T06:47:20.905Z] LiveUpdateForge: AfterToolExec flush
[2026-08-08T06:47:20.953Z] InitialReadForge.onBeforeSend: SKIP (fr=true syn=false hasRead=true)
[2026-08-08T06:47:36.088Z] LiveUpdateForge: EndTurn fallback flush
[2026-08-08T06:47:36.088Z] onEndTurn: naturalStop=undefined toolCalls=24 nudgeMsg=no
[2026-08-08T06:47:36.089Z] LiveUpdateForge: EndTurn fallback flush
[2026-08-08T06:47:36.089Z] onEndTurn: naturalStop=false toolCalls=24 nudgeMsg=no
[2026-08-08T06:47:36.135Z] LiveUpdateForge: AfterToolExec flush
[2026-08-08T06:47:36.182Z] InitialReadForge.onBeforeSend: SKIP (fr=true syn=false hasRead=true)
[2026-08-08T06:47:44.705Z] LiveUpdateForge: EndTurn fallback flush
[2026-08-08T06:47:44.706Z] onEndTurn: naturalStop=undefined toolCalls=25 nudgeMsg=no
[2026-08-08T06:47:44.706Z] LiveUpdateForge: EndTurn fallback flush
[2026-08-08T06:47:44.706Z] onEndTurn: naturalStop=false toolCalls=25 nudgeMsg=no
[2026-08-08T06:47:44.748Z] LiveUpdateForge: AfterToolExec flush
[2026-08-08T06:47:44.789Z] InitialReadForge.onBeforeSend: SKIP (fr=true syn=false hasRead=true)
[2026-08-08T06:47:57.134Z] LiveUpdateForge: EndTurn fallback flush
[2026-08-08T06:47:57.134Z] onEndTurn: naturalStop=undefined toolCalls=26 nudgeMsg=no
[2026-08-08T06:47:57.135Z] LiveUpdateForge: EndTurn fallback flush
[2026-08-08T06:47:57.135Z] onEndTurn: naturalStop=false toolCalls=26 nudgeMsg=no
[2026-08-08T06:47:57.190Z] LiveUpdateForge: AfterToolExec flush
[2026-08-08T06:47:57.236Z] InitialReadForge.onBeforeSend: SKIP (fr=true syn=false hasRead=true)
[2026-08-08T06:48:03.895Z] LiveUpdateForge: EndTurn fallback flush
[2026-08-08T06:48:03.895Z] onEndTurn: naturalStop=undefined toolCalls=27 nudgeMsg=no
[2026-08-08T06:48:03.895Z] LiveUpdateForge: EndTurn fallback flush
[2026-08-08T06:48:03.896Z] onEndTurn: naturalStop=false toolCalls=27 nudgeMsg=no
[2026-08-08T06:48:08.856Z] LiveUpdateForge: AfterToolExec flush
[2026-08-08T06:48:08.911Z] InitialReadForge.onBeforeSend: SKIP (fr=true syn=false hasRead=true)
[2026-08-08T06:48:25.167Z] LiveUpdateForge: EndTurn fallback flush
[2026-08-08T06:48:25.167Z] onEndTurn: naturalStop=undefined toolCalls=28 nudgeMsg=no
[2026-08-08T06:48:25.167Z] LiveUpdateForge: EndTurn fallback flush
[2026-08-08T06:48:25.168Z] onEndTurn: naturalStop=false toolCalls=28 nudgeMsg=no
[2026-08-08T06:48:25.222Z] LiveUpdateForge: AfterToolExec flush
[2026-08-08T06:48:25.270Z] InitialReadForge.onBeforeSend: SKIP (fr=true syn=false hasRead=true)
[2026-08-08T06:48:33.219Z] LiveUpdateForge: EndTurn fallback flush
[2026-08-08T06:48:33.219Z] onEndTurn: naturalStop=undefined toolCalls=29 nudgeMsg=no
[2026-08-08T06:48:33.220Z] LiveUpdateForge: EndTurn fallback flush
[2026-08-08T06:48:33.220Z] onEndTurn: naturalStop=false toolCalls=29 nudgeMsg=no
[2026-08-08T06:48:36.521Z] LiveUpdateForge: AfterToolExec flush
[2026-08-08T06:48:36.580Z] InitialReadForge.onBeforeSend: SKIP (fr=true syn=false hasRead=true)
[2026-08-08T06:48:44.042Z] LiveUpdateForge: EndTurn fallback flush
[2026-08-08T06:48:44.042Z] onEndTurn: naturalStop=undefined toolCalls=30 nudgeMsg=no
[2026-08-08T06:48:44.042Z] LiveUpdateForge: EndTurn fallback flush
[2026-08-08T06:48:44.043Z] onEndTurn: naturalStop=false toolCalls=30 nudgeMsg=no
[2026-08-08T06:48:44.116Z] LiveUpdateForge: AfterToolExec flush
[2026-08-08T06:48:44.163Z] InitialReadForge.onBeforeSend: SKIP (fr=true syn=false hasRead=true)
[2026-08-08T06:48:51.568Z] LiveUpdateForge: EndTurn fallback flush
[2026-08-08T06:48:51.568Z] onEndTurn: naturalStop=undefined toolCalls=31 nudgeMsg=no
[2026-08-08T06:48:51.568Z] LiveUpdateForge: EndTurn fallback flush
[2026-08-08T06:48:51.569Z] onEndTurn: naturalStop=false toolCalls=31 nudgeMsg=no
[2026-08-08T06:49:08.590Z] LiveUpdateForge: AfterToolExec flush
[2026-08-08T06:49:08.640Z] InitialReadForge.onBeforeSend: SKIP (fr=true syn=false hasRead=true)
[2026-08-08T06:49:16.869Z] LiveUpdateForge: EndTurn fallback flush
[2026-08-08T06:49:16.870Z] onEndTurn: naturalStop=undefined toolCalls=32 nudgeMsg=no
[2026-08-08T06:49:16.870Z] LiveUpdateForge: EndTurn fallback flush
[2026-08-08T06:49:16.870Z] onEndTurn: naturalStop=false toolCalls=32 nudgeMsg=no
[2026-08-08T06:49:18.156Z] LiveUpdateForge: AfterToolExec flush
[2026-08-08T06:49:18.208Z] InitialReadForge.onBeforeSend: SKIP (fr=true syn=false hasRead=true)
[2026-08-08T06:49:30.701Z] LiveUpdateForge: EndTurn fallback flush
[2026-08-08T06:49:30.701Z] onEndTurn: naturalStop=undefined toolCalls=33 nudgeMsg=no
[2026-08-08T06:49:30.701Z] LiveUpdateForge: EndTurn fallback flush
[2026-08-08T06:49:30.701Z] onEndTurn: naturalStop=false toolCalls=33 nudgeMsg=no
[2026-08-08T06:49:30.745Z] LiveUpdateForge: AfterToolExec flush
[2026-08-08T06:49:30.786Z] InitialReadForge.onBeforeSend: SKIP (fr=true syn=false hasRead=true)
[2026-08-08T06:49:37.748Z] LiveUpdateForge: EndTurn fallback flush
[2026-08-08T06:49:37.748Z] onEndTurn: naturalStop=undefined toolCalls=34 nudgeMsg=no
[2026-08-08T06:49:37.748Z] LiveUpdateForge: EndTurn fallback flush
[2026-08-08T06:49:37.748Z] onEndTurn: naturalStop=false toolCalls=34 nudgeMsg=no
[2026-08-08T06:49:43.748Z] LiveUpdateForge: AfterToolExec flush
[2026-08-08T06:49:43.808Z] InitialReadForge.onBeforeSend: SKIP (fr=true syn=false hasRead=true)
[2026-08-08T06:49:51.807Z] LiveUpdateForge: EndTurn fallback flush
[2026-08-08T06:49:51.807Z] onEndTurn: naturalStop=undefined toolCalls=35 nudgeMsg=no
[2026-08-08T06:49:51.807Z] LiveUpdateForge: EndTurn fallback flush
[2026-08-08T06:49:51.807Z] onEndTurn: naturalStop=false toolCalls=35 nudgeMsg=no
[2026-08-08T06:49:51.812Z] LiveUpdateForge: AfterToolExec flush
[2026-08-08T06:49:51.859Z] InitialReadForge.onBeforeSend: SKIP (fr=true syn=false hasRead=true)
[2026-08-08T06:49:58.735Z] LiveUpdateForge: EndTurn fallback flush
[2026-08-08T06:49:58.735Z] onEndTurn: naturalStop=undefined toolCalls=36 nudgeMsg=no
[2026-08-08T06:49:58.736Z] LiveUpdateForge: EndTurn fallback flush
[2026-08-08T06:49:58.736Z] onEndTurn: naturalStop=false toolCalls=36 nudgeMsg=no
[2026-08-08T06:49:58.739Z] LiveUpdateForge: AfterToolExec flush
[2026-08-08T06:49:58.785Z] InitialReadForge.onBeforeSend: SKIP (fr=true syn=false hasRead=true)
[2026-08-08T06:50:21.614Z] LiveUpdateForge: EndTurn fallback flush
[2026-08-08T06:50:21.614Z] onEndTurn: naturalStop=undefined toolCalls=37 nudgeMsg=no
[2026-08-08T06:50:21.615Z] LiveUpdateForge: EndTurn fallback flush
[2026-08-08T06:50:21.615Z] onEndTurn: naturalStop=false toolCalls=37 nudgeMsg=no
[2026-08-08T06:50:21.702Z] LiveUpdateForge: AfterToolExec flush
[2026-08-08T06:50:21.742Z] InitialReadForge.onBeforeSend: SKIP (fr=true syn=false hasRead=true)
[2026-08-08T06:50:29.797Z] LiveUpdateForge: EndTurn fallback flush
[2026-08-08T06:50:29.797Z] onEndTurn: naturalStop=undefined toolCalls=38 nudgeMsg=no
[2026-08-08T06:50:29.798Z] LiveUpdateForge: EndTurn fallback flush
[2026-08-08T06:50:29.798Z] onEndTurn: naturalStop=false toolCalls=38 nudgeMsg=no
[2026-08-08T06:50:40.636Z] LiveUpdateForge: AfterToolExec flush
[2026-08-08T06:50:40.689Z] InitialReadForge.onBeforeSend: SKIP (fr=true syn=false hasRead=true)
[2026-08-08T06:50:49.207Z] LiveUpdateForge: EndTurn fallback flush
[2026-08-08T06:50:49.207Z] onEndTurn: naturalStop=undefined toolCalls=39 nudgeMsg=no
[2026-08-08T06:50:49.207Z] LiveUpdateForge: EndTurn fallback flush
[2026-08-08T06:50:49.208Z] onEndTurn: naturalStop=false toolCalls=39 nudgeMsg=no
[2026-08-08T06:51:04.015Z] LiveUpdateForge: AfterToolExec flush
[2026-08-08T06:51:04.075Z] InitialReadForge.onBeforeSend: SKIP (fr=true syn=false hasRead=true)
[2026-08-08T06:51:11.873Z] LiveUpdateForge: EndTurn fallback flush
[2026-08-08T06:51:11.873Z] onEndTurn: naturalStop=undefined toolCalls=40 nudgeMsg=no
[2026-08-08T06:51:11.874Z] LiveUpdateForge: EndTurn fallback flush
[2026-08-08T06:51:11.874Z] onEndTurn: naturalStop=false toolCalls=40 nudgeMsg=no
[2026-08-08T06:51:11.878Z] LiveUpdateForge: AfterToolExec flush
[2026-08-08T06:51:11.928Z] InitialReadForge.onBeforeSend: SKIP (fr=true syn=false hasRead=true)
[2026-08-08T06:51:18.537Z] LiveUpdateForge: EndTurn fallback flush
[2026-08-08T06:51:18.538Z] onEndTurn: naturalStop=undefined toolCalls=41 nudgeMsg=no
[2026-08-08T06:51:18.538Z] LiveUpdateForge: EndTurn fallback flush
[2026-08-08T06:51:18.539Z] onEndTurn: naturalStop=false toolCalls=41 nudgeMsg=no
[2026-08-08T06:51:18.757Z] LiveUpdateForge: AfterToolExec flush
[2026-08-08T06:51:18.804Z] InitialReadForge.onBeforeSend: SKIP (fr=true syn=false hasRead=true)
[2026-08-08T06:51:26.105Z] LiveUpdateForge: EndTurn fallback flush
[2026-08-08T06:51:26.105Z] onEndTurn: naturalStop=undefined toolCalls=42 nudgeMsg=no
[2026-08-08T06:51:26.105Z] LiveUpdateForge: EndTurn fallback flush
[2026-08-08T06:51:26.105Z] onEndTurn: naturalStop=false toolCalls=42 nudgeMsg=no
[2026-08-08T06:51:26.157Z] LiveUpdateForge: AfterToolExec flush
[2026-08-08T06:51:26.198Z] InitialReadForge.onBeforeSend: SKIP (fr=true syn=false hasRead=true)
[2026-08-08T06:51:34.044Z] LiveUpdateForge: EndTurn fallback flush
[2026-08-08T06:51:34.044Z] onEndTurn: naturalStop=undefined toolCalls=43 nudgeMsg=no
[2026-08-08T06:51:34.045Z] LiveUpdateForge: EndTurn fallback flush
[2026-08-08T06:51:34.045Z] onEndTurn: naturalStop=false toolCalls=43 nudgeMsg=no
[2026-08-08T06:51:34.099Z] LiveUpdateForge: AfterToolExec flush
[2026-08-08T06:51:34.143Z] InitialReadForge.onBeforeSend: SKIP (fr=true syn=false hasRead=true)
[2026-08-08T06:51:41.869Z] LiveUpdateForge: EndTurn fallback flush
[2026-08-08T06:51:41.870Z] onEndTurn: naturalStop=undefined toolCalls=44 nudgeMsg=no
[2026-08-08T06:51:41.870Z] LiveUpdateForge: EndTurn fallback flush
[2026-08-08T06:51:41.870Z] onEndTurn: naturalStop=false toolCalls=44 nudgeMsg=no
[2026-08-08T06:51:41.879Z] LiveUpdateForge: AfterToolExec flush
[2026-08-08T06:51:41.932Z] InitialReadForge.onBeforeSend: SKIP (fr=true syn=false hasRead=true)
[2026-08-08T06:51:49.156Z] LiveUpdateForge: EndTurn fallback flush
[2026-08-08T06:51:49.156Z] onEndTurn: naturalStop=undefined toolCalls=45 nudgeMsg=no
[2026-08-08T06:51:49.157Z] LiveUpdateForge: EndTurn fallback flush
[2026-08-08T06:51:49.157Z] onEndTurn: naturalStop=false toolCalls=45 nudgeMsg=no
[2026-08-08T06:51:49.248Z] LiveUpdateForge: AfterToolExec flush
[2026-08-08T06:51:49.294Z] InitialReadForge.onBeforeSend: SKIP (fr=true syn=false hasRead=true)
[2026-08-08T06:51:56.643Z] LiveUpdateForge: EndTurn fallback flush
[2026-08-08T06:51:56.643Z] onEndTurn: naturalStop=undefined toolCalls=46 nudgeMsg=no
[2026-08-08T06:51:56.643Z] LiveUpdateForge: EndTurn fallback flush
[2026-08-08T06:51:56.643Z] onEndTurn: naturalStop=false toolCalls=46 nudgeMsg=no
[2026-08-08T06:51:56.694Z] LiveUpdateForge: AfterToolExec flush
[2026-08-08T06:51:56.738Z] InitialReadForge.onBeforeSend: SKIP (fr=true syn=false hasRead=true)
[2026-08-08T06:52:03.406Z] LiveUpdateForge: EndTurn fallback flush
[2026-08-08T06:52:03.406Z] onEndTurn: naturalStop=undefined toolCalls=47 nudgeMsg=no
[2026-08-08T06:52:03.406Z] LiveUpdateForge: EndTurn fallback flush
[2026-08-08T06:52:03.406Z] onEndTurn: naturalStop=false toolCalls=47 nudgeMsg=no
[2026-08-08T06:52:03.412Z] LiveUpdateForge: AfterToolExec flush
[2026-08-08T06:52:03.459Z] InitialReadForge.onBeforeSend: SKIP (fr=true syn=false hasRead=true)
[2026-08-08T06:52:13.587Z] LiveUpdateForge: EndTurn fallback flush
[2026-08-08T06:52:13.587Z] onEndTurn: naturalStop=undefined toolCalls=48 nudgeMsg=no
[2026-08-08T06:52:13.587Z] LiveUpdateForge: EndTurn fallback flush
[2026-08-08T06:52:13.588Z] onEndTurn: naturalStop=false toolCalls=48 nudgeMsg=no
[2026-08-08T06:52:13.688Z] LiveUpdateForge: AfterToolExec flush
[2026-08-08T06:52:13.732Z] InitialReadForge.onBeforeSend: SKIP (fr=true syn=false hasRead=true)
[2026-08-08T06:52:21.319Z] LiveUpdateForge: EndTurn fallback flush
[2026-08-08T06:52:21.319Z] onEndTurn: naturalStop=undefined toolCalls=49 nudgeMsg=no
[2026-08-08T06:52:21.319Z] LiveUpdateForge: EndTurn fallback flush
[2026-08-08T06:52:21.320Z] onEndTurn: naturalStop=false toolCalls=49 nudgeMsg=no
[2026-08-08T06:52:21.326Z] LiveUpdateForge: AfterToolExec flush
[2026-08-08T06:52:21.375Z] InitialReadForge.onBeforeSend: SKIP (fr=true syn=false hasRead=true)
[2026-08-08T06:52:29.803Z] LiveUpdateForge: EndTurn fallback flush
[2026-08-08T06:52:29.803Z] onEndTurn: naturalStop=undefined toolCalls=50 nudgeMsg=no
[2026-08-08T06:52:29.803Z] LiveUpdateForge: EndTurn fallback flush
[2026-08-08T06:52:29.804Z] onEndTurn: naturalStop=false toolCalls=50 nudgeMsg=no
[2026-08-08T06:52:29.904Z] LiveUpdateForge: AfterToolExec flush
[2026-08-08T06:52:29.953Z] InitialReadForge.onBeforeSend: SKIP (fr=true syn=false hasRead=true)
[2026-08-08T06:52:37.420Z] LiveUpdateForge: EndTurn fallback flush
[2026-08-08T06:52:37.420Z] onEndTurn: naturalStop=undefined toolCalls=51 nudgeMsg=no
[2026-08-08T06:52:37.420Z] LiveUpdateForge: EndTurn fallback flush
[2026-08-08T06:52:37.421Z] onEndTurn: naturalStop=false toolCalls=51 nudgeMsg=no
[2026-08-08T06:52:37.460Z] LiveUpdateForge: AfterToolExec flush
[2026-08-08T06:52:37.509Z] InitialReadForge.onBeforeSend: SKIP (fr=true syn=false hasRead=true)
[2026-08-08T06:52:46.708Z] LiveUpdateForge: EndTurn fallback flush
[2026-08-08T06:52:46.708Z] onEndTurn: naturalStop=undefined toolCalls=52 nudgeMsg=no
[2026-08-08T06:52:46.708Z] LiveUpdateForge: EndTurn fallback flush
[2026-08-08T06:52:46.708Z] onEndTurn: naturalStop=false toolCalls=52 nudgeMsg=no
[2026-08-08T06:52:46.756Z] LiveUpdateForge: AfterToolExec flush
[2026-08-08T06:52:46.805Z] InitialReadForge.onBeforeSend: SKIP (fr=true syn=false hasRead=true)
[2026-08-08T06:52:53.480Z] LiveUpdateForge: EndTurn fallback flush
[2026-08-08T06:52:53.481Z] onEndTurn: naturalStop=undefined toolCalls=53 nudgeMsg=no
[2026-08-08T06:52:53.481Z] LiveUpdateForge: EndTurn fallback flush
[2026-08-08T06:52:53.481Z] onEndTurn: naturalStop=false toolCalls=53 nudgeMsg=no
[2026-08-08T06:53:09.659Z] LiveUpdateForge: AfterToolExec flush
[2026-08-08T06:53:09.722Z] InitialReadForge.onBeforeSend: SKIP (fr=true syn=false hasRead=true)
[2026-08-08T06:53:17.751Z] LiveUpdateForge: EndTurn fallback flush
[2026-08-08T06:53:17.751Z] onEndTurn: naturalStop=undefined toolCalls=54 nudgeMsg=no
[2026-08-08T06:53:17.752Z] LiveUpdateForge: EndTurn fallback flush
[2026-08-08T06:53:17.752Z] onEndTurn: naturalStop=false toolCalls=54 nudgeMsg=no
[2026-08-08T06:53:19.087Z] LiveUpdateForge: AfterToolExec flush
[2026-08-08T06:53:19.141Z] InitialReadForge.onBeforeSend: SKIP (fr=true syn=false hasRead=true)
[2026-08-08T06:53:30.286Z] LiveUpdateForge: EndTurn fallback flush
[2026-08-08T06:53:30.286Z] onEndTurn: naturalStop=undefined toolCalls=55 nudgeMsg=no
[2026-08-08T06:53:30.286Z] LiveUpdateForge: EndTurn fallback flush
[2026-08-08T06:53:30.286Z] onEndTurn: naturalStop=false toolCalls=55 nudgeMsg=no
[2026-08-08T06:53:30.326Z] LiveUpdateForge: AfterToolExec flush
[2026-08-08T06:53:30.369Z] InitialReadForge.onBeforeSend: SKIP (fr=true syn=false hasRead=true)
[2026-08-08T06:53:38.101Z] LiveUpdateForge: EndTurn fallback flush
[2026-08-08T06:53:38.101Z] onEndTurn: naturalStop=undefined toolCalls=56 nudgeMsg=no
[2026-08-08T06:53:38.102Z] LiveUpdateForge: EndTurn fallback flush
[2026-08-08T06:53:38.102Z] onEndTurn: naturalStop=false toolCalls=56 nudgeMsg=no
[2026-08-08T06:53:44.092Z] LiveUpdateForge: AfterToolExec flush
[2026-08-08T06:53:44.148Z] InitialReadForge.onBeforeSend: SKIP (fr=true syn=false hasRead=true)
[2026-08-08T06:53:50.443Z] LiveUpdateForge: EndTurn fallback flush
[2026-08-08T06:53:50.444Z] onEndTurn: naturalStop=undefined toolCalls=57 nudgeMsg=no
[2026-08-08T06:53:50.444Z] LiveUpdateForge: EndTurn fallback flush
[2026-08-08T06:53:50.444Z] onEndTurn: naturalStop=false toolCalls=57 nudgeMsg=no
[2026-08-08T06:53:50.449Z] LiveUpdateForge: AfterToolExec flush
[2026-08-08T06:53:50.497Z] InitialReadForge.onBeforeSend: SKIP (fr=true syn=false hasRead=true)
[2026-08-08T06:53:59.581Z] LiveUpdateForge: EndTurn fallback flush
[2026-08-08T06:53:59.581Z] onEndTurn: naturalStop=undefined toolCalls=58 nudgeMsg=no
[2026-08-08T06:53:59.582Z] LiveUpdateForge: EndTurn fallback flush
[2026-08-08T06:53:59.582Z] onEndTurn: naturalStop=false toolCalls=58 nudgeMsg=no
[2026-08-08T06:53:59.589Z] LiveUpdateForge: self-write on D:\xm\CacheHub\CODELY.md, baseline aligned
[2026-08-08T06:53:59.590Z] LiveUpdateForge: AfterToolExec flush
[2026-08-08T06:53:59.634Z] InitialReadForge.onBeforeSend: SKIP (fr=true syn=false hasRead=true)
[2026-08-08T06:54:11.093Z] LiveUpdateForge: EndTurn fallback flush
[2026-08-08T06:54:11.093Z] onEndTurn: naturalStop=undefined toolCalls=0 nudgeMsg=no
[2026-08-08T06:54:11.094Z] LiveUpdateForge: EndTurn fallback flush
[2026-08-08T06:54:11.094Z] onEndTurn: naturalStop=true toolCalls=0 nudgeMsg=no
[2026-08-08T06:54:14.849Z] ResumeDiffForge: running checkResumeConsistency
[2026-08-08T06:54:14.850Z] checkResumeConsistency: forgedTimestamps=[]
[2026-08-08T06:54:14.858Z] checkResumeConsistency: no changes detected
[2026-08-08T06:54:14.859Z] LiveUpdateForge: session reset, allowLiveUpdate = false
[2026-08-08T06:54:14.859Z] NudgeForge: ResumeComplete — restoring count from history
[2026-08-08T06:54:14.860Z] restoreNudgeCountFromHistory: found last write at idx=1201 count=0
[2026-08-08T06:54:14.966Z] LiveUpdateForge: allowLiveUpdate = true (first real BeforeSend)
[2026-08-08T06:54:14.967Z] InitialReadForge.onBeforeSend: SKIP (fr=false syn=false hasRead=true)
[2026-08-08T06:54:26.642Z] LiveUpdateForge: EndTurn fallback flush
[2026-08-08T06:54:26.643Z] onEndTurn: naturalStop=undefined toolCalls=0 nudgeMsg=no
[2026-08-08T06:54:26.643Z] LiveUpdateForge: EndTurn fallback flush
[2026-08-08T06:54:26.643Z] onEndTurn: naturalStop=false toolCalls=0 nudgeMsg=no
[2026-08-08T06:54:46.462Z] LiveUpdateForge: AfterToolExec flush
[2026-08-08T06:54:46.516Z] InitialReadForge.onBeforeSend: SKIP (fr=true syn=false hasRead=true)
[2026-08-08T06:54:59.344Z] LiveUpdateForge: EndTurn fallback flush
[2026-08-08T06:54:59.345Z] onEndTurn: naturalStop=undefined toolCalls=1 nudgeMsg=no
[2026-08-08T06:54:59.345Z] LiveUpdateForge: EndTurn fallback flush
[2026-08-08T06:54:59.346Z] onEndTurn: naturalStop=true toolCalls=1 nudgeMsg=no
[2026-08-08T06:55:02.773Z] ResumeDiffForge: running checkResumeConsistency
[2026-08-08T06:55:02.774Z] checkResumeConsistency: forgedTimestamps=[]
[2026-08-08T06:55:02.800Z] checkResumeConsistency: no changes detected
[2026-08-08T06:55:02.800Z] LiveUpdateForge: session reset, allowLiveUpdate = false
[2026-08-08T06:55:02.800Z] NudgeForge: ResumeComplete — restoring count from history
[2026-08-08T06:55:02.801Z] restoreNudgeCountFromHistory: found last write at idx=1201 count=1
[2026-08-08T06:55:02.907Z] LiveUpdateForge: allowLiveUpdate = true (first real BeforeSend)
[2026-08-08T06:55:02.908Z] InitialReadForge.onBeforeSend: SKIP (fr=false syn=false hasRead=true)
[2026-08-08T06:55:15.427Z] LiveUpdateForge: EndTurn fallback flush
[2026-08-08T06:55:15.427Z] onEndTurn: naturalStop=undefined toolCalls=1 nudgeMsg=no
[2026-08-08T06:55:15.428Z] LiveUpdateForge: EndTurn fallback flush
[2026-08-08T06:55:15.428Z] onEndTurn: naturalStop=false toolCalls=1 nudgeMsg=no
[2026-08-08T06:55:32.221Z] LiveUpdateForge: AfterToolExec flush
[2026-08-08T06:55:32.278Z] InitialReadForge.onBeforeSend: SKIP (fr=true syn=false hasRead=true)
[2026-08-08T06:55:55.101Z] LiveUpdateForge: EndTurn fallback flush
[2026-08-08T06:55:55.102Z] onEndTurn: naturalStop=undefined toolCalls=2 nudgeMsg=no
[2026-08-08T06:55:55.102Z] LiveUpdateForge: EndTurn fallback flush
[2026-08-08T06:55:55.103Z] onEndTurn: naturalStop=true toolCalls=2 nudgeMsg=no
[2026-08-08T07:04:10.614Z] MemoryForge: attached 5 listener(s)
[2026-08-08T07:04:10.615Z] InitialReadForge: armed one-shot BeforeSend after NewSessionStart
[2026-08-08T07:04:10.615Z] LiveUpdateForge: session reset, allowLiveUpdate = false
[2026-08-08T07:04:22.733Z] LiveUpdateForge: session reset, allowLiveUpdate = false
[2026-08-08T07:04:22.813Z] ResumeDiffForge: running checkResumeConsistency
[2026-08-08T07:04:22.813Z] checkResumeConsistency: forgedTimestamps=[]
[2026-08-08T07:04:22.819Z] checkResumeConsistency: no changes detected
[2026-08-08T07:04:22.819Z] LiveUpdateForge: session reset, allowLiveUpdate = false
[2026-08-08T07:04:22.819Z] NudgeForge: ResumeComplete — restoring count from history
[2026-08-08T07:04:22.819Z] restoreNudgeCountFromHistory: found last write at idx=1201 count=2
[2026-08-08T07:04:23.164Z] ResumeDiffForge: running checkResumeConsistency
[2026-08-08T07:04:23.164Z] checkResumeConsistency: forgedTimestamps=[]
[2026-08-08T07:04:23.180Z] checkResumeConsistency: no changes detected
[2026-08-08T07:04:23.181Z] LiveUpdateForge: session reset, allowLiveUpdate = false
[2026-08-08T07:04:23.181Z] NudgeForge: ResumeComplete — restoring count from history
[2026-08-08T07:04:23.182Z] restoreNudgeCountFromHistory: found last write at idx=1201 count=2
[2026-08-08T07:04:23.401Z] ResumeDiffForge: running checkResumeConsistency
[2026-08-08T07:04:23.401Z] checkResumeConsistency: forgedTimestamps=[]
[2026-08-08T07:04:23.409Z] checkResumeConsistency: no changes detected
[2026-08-08T07:04:23.410Z] LiveUpdateForge: session reset, allowLiveUpdate = false
[2026-08-08T07:04:23.410Z] NudgeForge: ResumeComplete — restoring count from history
[2026-08-08T07:04:23.410Z] restoreNudgeCountFromHistory: found last write at idx=1201 count=2
[2026-08-08T07:04:23.722Z] MemoryForge: attached 5 listener(s)
[2026-08-08T07:04:23.722Z] InitialReadForge: armed one-shot BeforeSend after NewSessionStart
[2026-08-08T07:04:23.723Z] LiveUpdateForge: session reset, allowLiveUpdate = false
[2026-08-08T07:04:23.737Z] MemoryForge: detached all listeners
[2026-08-08T07:04:23.738Z] ResumeDiffForge: running checkResumeConsistency
[2026-08-08T07:04:23.738Z] checkResumeConsistency: forgedTimestamps=[]
[2026-08-08T07:04:23.786Z] checkResumeConsistency: no changes detected
[2026-08-08T07:04:23.786Z] LiveUpdateForge: session reset, allowLiveUpdate = false
[2026-08-08T07:04:23.786Z] NudgeForge: ResumeComplete — restoring count from history
[2026-08-08T07:04:23.786Z] restoreNudgeCountFromHistory: found last write at idx=1201 count=2
[2026-08-08T07:04:23.803Z] LiveUpdateForge: allowLiveUpdate = true (first real BeforeSend)
[2026-08-08T07:04:23.804Z] InitialReadForge.onBeforeSend: SKIP (fr=false syn=false hasRead=true)
[2026-08-08T07:04:39.150Z] LiveUpdateForge: EndTurn fallback flush
[2026-08-08T07:04:39.151Z] onEndTurn: naturalStop=undefined toolCalls=2 nudgeMsg=no
[2026-08-08T07:04:39.151Z] LiveUpdateForge: EndTurn fallback flush
[2026-08-08T07:04:39.152Z] onEndTurn: naturalStop=false toolCalls=2 nudgeMsg=no
[2026-08-08T07:04:39.195Z] LiveUpdateForge: AfterToolExec flush
[2026-08-08T07:04:39.237Z] InitialReadForge.onBeforeSend: SKIP (fr=true syn=false hasRead=true)
[2026-08-08T07:04:54.667Z] LiveUpdateForge: EndTurn fallback flush
[2026-08-08T07:04:54.667Z] onEndTurn: naturalStop=undefined toolCalls=3 nudgeMsg=no
[2026-08-08T07:04:54.667Z] LiveUpdateForge: EndTurn fallback flush
[2026-08-08T07:04:54.667Z] onEndTurn: naturalStop=false toolCalls=3 nudgeMsg=no
[2026-08-08T07:05:15.084Z] LiveUpdateForge: AfterToolExec flush
[2026-08-08T07:05:15.135Z] InitialReadForge.onBeforeSend: SKIP (fr=true syn=false hasRead=true)
[2026-08-08T07:05:27.817Z] LiveUpdateForge: EndTurn fallback flush
[2026-08-08T07:05:27.817Z] onEndTurn: naturalStop=undefined toolCalls=4 nudgeMsg=no
[2026-08-08T07:05:27.817Z] LiveUpdateForge: EndTurn fallback flush
[2026-08-08T07:05:27.818Z] onEndTurn: naturalStop=false toolCalls=4 nudgeMsg=no
[2026-08-08T07:05:46.666Z] LiveUpdateForge: AfterToolExec flush
[2026-08-08T07:05:46.714Z] InitialReadForge.onBeforeSend: SKIP (fr=true syn=false hasRead=true)
[2026-08-08T07:05:55.235Z] LiveUpdateForge: EndTurn fallback flush
[2026-08-08T07:05:55.235Z] onEndTurn: naturalStop=undefined toolCalls=5 nudgeMsg=no
[2026-08-08T07:05:55.236Z] LiveUpdateForge: EndTurn fallback flush
[2026-08-08T07:05:55.236Z] onEndTurn: naturalStop=false toolCalls=5 nudgeMsg=no
[2026-08-08T07:06:14.789Z] LiveUpdateForge: AfterToolExec flush
[2026-08-08T07:06:14.844Z] InitialReadForge.onBeforeSend: SKIP (fr=true syn=false hasRead=true)
[2026-08-08T07:06:25.681Z] LiveUpdateForge: EndTurn fallback flush
[2026-08-08T07:06:25.681Z] onEndTurn: naturalStop=undefined toolCalls=6 nudgeMsg=no
[2026-08-08T07:06:25.681Z] LiveUpdateForge: EndTurn fallback flush
[2026-08-08T07:06:25.682Z] onEndTurn: naturalStop=false toolCalls=6 nudgeMsg=no
[2026-08-08T07:06:44.736Z] LiveUpdateForge: AfterToolExec flush
[2026-08-08T07:06:44.786Z] InitialReadForge.onBeforeSend: SKIP (fr=true syn=false hasRead=true)
[2026-08-08T07:06:55.163Z] LiveUpdateForge: EndTurn fallback flush
[2026-08-08T07:06:55.163Z] onEndTurn: naturalStop=undefined toolCalls=7 nudgeMsg=no
[2026-08-08T07:06:55.163Z] LiveUpdateForge: EndTurn fallback flush
[2026-08-08T07:06:55.163Z] onEndTurn: naturalStop=false toolCalls=7 nudgeMsg=no
[2026-08-08T07:06:55.257Z] LiveUpdateForge: AfterToolExec flush
[2026-08-08T07:06:55.301Z] InitialReadForge.onBeforeSend: SKIP (fr=true syn=false hasRead=true)
[2026-08-08T07:07:03.259Z] LiveUpdateForge: EndTurn fallback flush
[2026-08-08T07:07:03.260Z] onEndTurn: naturalStop=undefined toolCalls=8 nudgeMsg=no
[2026-08-08T07:07:03.260Z] LiveUpdateForge: EndTurn fallback flush
[2026-08-08T07:07:03.260Z] onEndTurn: naturalStop=false toolCalls=8 nudgeMsg=no
[2026-08-08T07:07:21.304Z] LiveUpdateForge: AfterToolExec flush
[2026-08-08T07:07:21.371Z] InitialReadForge.onBeforeSend: SKIP (fr=true syn=false hasRead=true)
[2026-08-08T07:07:30.249Z] LiveUpdateForge: EndTurn fallback flush
[2026-08-08T07:07:30.249Z] onEndTurn: naturalStop=undefined toolCalls=9 nudgeMsg=no
[2026-08-08T07:07:30.250Z] LiveUpdateForge: EndTurn fallback flush
[2026-08-08T07:07:30.250Z] onEndTurn: naturalStop=false toolCalls=9 nudgeMsg=no
[2026-08-08T07:07:31.450Z] LiveUpdateForge: AfterToolExec flush
[2026-08-08T07:07:31.508Z] InitialReadForge.onBeforeSend: SKIP (fr=true syn=false hasRead=true)
[2026-08-08T07:07:39.169Z] LiveUpdateForge: EndTurn fallback flush
[2026-08-08T07:07:39.169Z] onEndTurn: naturalStop=undefined toolCalls=10 nudgeMsg=no
[2026-08-08T07:07:39.169Z] LiveUpdateForge: EndTurn fallback flush
[2026-08-08T07:07:39.170Z] onEndTurn: naturalStop=false toolCalls=10 nudgeMsg=no
[2026-08-08T07:07:40.345Z] LiveUpdateForge: AfterToolExec flush
[2026-08-08T07:07:40.392Z] InitialReadForge.onBeforeSend: SKIP (fr=true syn=false hasRead=true)
[2026-08-08T07:07:52.373Z] LiveUpdateForge: EndTurn fallback flush
[2026-08-08T07:07:52.373Z] onEndTurn: naturalStop=undefined toolCalls=11 nudgeMsg=no
[2026-08-08T07:07:52.374Z] LiveUpdateForge: EndTurn fallback flush
[2026-08-08T07:07:52.374Z] onEndTurn: naturalStop=false toolCalls=11 nudgeMsg=no
[2026-08-08T07:07:52.506Z] LiveUpdateForge: AfterToolExec flush
[2026-08-08T07:07:52.548Z] InitialReadForge.onBeforeSend: SKIP (fr=true syn=false hasRead=true)
[2026-08-08T07:07:59.714Z] LiveUpdateForge: EndTurn fallback flush
[2026-08-08T07:07:59.715Z] onEndTurn: naturalStop=undefined toolCalls=12 nudgeMsg=no
[2026-08-08T07:07:59.715Z] LiveUpdateForge: EndTurn fallback flush
[2026-08-08T07:07:59.716Z] onEndTurn: naturalStop=false toolCalls=12 nudgeMsg=no
[2026-08-08T07:08:05.738Z] LiveUpdateForge: AfterToolExec flush
[2026-08-08T07:08:05.798Z] InitialReadForge.onBeforeSend: SKIP (fr=true syn=false hasRead=true)
[2026-08-08T07:08:14.523Z] LiveUpdateForge: EndTurn fallback flush
[2026-08-08T07:08:14.523Z] onEndTurn: naturalStop=undefined toolCalls=13 nudgeMsg=no
[2026-08-08T07:08:14.523Z] LiveUpdateForge: EndTurn fallback flush
[2026-08-08T07:08:14.524Z] onEndTurn: naturalStop=false toolCalls=13 nudgeMsg=no
[2026-08-08T07:08:54.605Z] LiveUpdateForge: AfterToolExec flush
[2026-08-08T07:08:54.661Z] InitialReadForge.onBeforeSend: SKIP (fr=true syn=false hasRead=true)
[2026-08-08T07:09:03.984Z] LiveUpdateForge: EndTurn fallback flush
[2026-08-08T07:09:03.984Z] onEndTurn: naturalStop=undefined toolCalls=14 nudgeMsg=no
[2026-08-08T07:09:03.984Z] LiveUpdateForge: EndTurn fallback flush
[2026-08-08T07:09:03.984Z] onEndTurn: naturalStop=false toolCalls=14 nudgeMsg=no
[2026-08-08T07:09:05.397Z] LiveUpdateForge: AfterToolExec flush
[2026-08-08T07:09:05.454Z] InitialReadForge.onBeforeSend: SKIP (fr=true syn=false hasRead=true)
[2026-08-08T07:09:14.862Z] LiveUpdateForge: EndTurn fallback flush
[2026-08-08T07:09:14.863Z] onEndTurn: naturalStop=undefined toolCalls=15 nudgeMsg=no
[2026-08-08T07:09:14.863Z] LiveUpdateForge: EndTurn fallback flush
[2026-08-08T07:09:14.863Z] onEndTurn: naturalStop=false toolCalls=15 nudgeMsg=no
[2026-08-08T07:09:20.058Z] LiveUpdateForge: AfterToolExec flush
[2026-08-08T07:09:20.124Z] InitialReadForge.onBeforeSend: SKIP (fr=true syn=false hasRead=true)
[2026-08-08T07:09:29.852Z] LiveUpdateForge: EndTurn fallback flush
[2026-08-08T07:09:29.852Z] onEndTurn: naturalStop=undefined toolCalls=16 nudgeMsg=no
[2026-08-08T07:09:29.853Z] LiveUpdateForge: EndTurn fallback flush
[2026-08-08T07:09:29.853Z] onEndTurn: naturalStop=false toolCalls=16 nudgeMsg=no
[2026-08-08T07:09:31.709Z] LiveUpdateForge: AfterToolExec flush
[2026-08-08T07:09:31.765Z] InitialReadForge.onBeforeSend: SKIP (fr=true syn=false hasRead=true)
[2026-08-08T07:09:41.705Z] LiveUpdateForge: EndTurn fallback flush
[2026-08-08T07:09:41.705Z] onEndTurn: naturalStop=undefined toolCalls=17 nudgeMsg=no
[2026-08-08T07:09:41.705Z] LiveUpdateForge: EndTurn fallback flush
[2026-08-08T07:09:41.706Z] onEndTurn: naturalStop=false toolCalls=17 nudgeMsg=no
[2026-08-08T07:09:41.757Z] LiveUpdateForge: AfterToolExec flush
[2026-08-08T07:09:41.804Z] InitialReadForge.onBeforeSend: SKIP (fr=true syn=false hasRead=true)
[2026-08-08T07:09:56.359Z] LiveUpdateForge: EndTurn fallback flush
[2026-08-08T07:09:56.359Z] onEndTurn: naturalStop=undefined toolCalls=18 nudgeMsg=no
[2026-08-08T07:09:56.359Z] LiveUpdateForge: EndTurn fallback flush
[2026-08-08T07:09:56.360Z] onEndTurn: naturalStop=false toolCalls=18 nudgeMsg=no
[2026-08-08T07:10:02.123Z] LiveUpdateForge: AfterToolExec flush
[2026-08-08T07:10:02.184Z] InitialReadForge.onBeforeSend: SKIP (fr=true syn=false hasRead=true)
[2026-08-08T07:10:11.513Z] LiveUpdateForge: EndTurn fallback flush
[2026-08-08T07:10:11.514Z] onEndTurn: naturalStop=undefined toolCalls=19 nudgeMsg=no
[2026-08-08T07:10:11.514Z] LiveUpdateForge: EndTurn fallback flush
[2026-08-08T07:10:11.514Z] onEndTurn: naturalStop=false toolCalls=19 nudgeMsg=no
[2026-08-08T07:10:11.577Z] LiveUpdateForge: AfterToolExec flush
[2026-08-08T07:10:11.625Z] InitialReadForge.onBeforeSend: SKIP (fr=true syn=false hasRead=true)
[2026-08-08T07:10:18.578Z] LiveUpdateForge: EndTurn fallback flush
[2026-08-08T07:10:18.579Z] onEndTurn: naturalStop=undefined toolCalls=20 nudgeMsg=no
[2026-08-08T07:10:18.579Z] LiveUpdateForge: EndTurn fallback flush
[2026-08-08T07:10:18.580Z] onEndTurn: naturalStop=false toolCalls=20 nudgeMsg=no
[2026-08-08T07:10:18.587Z] LiveUpdateForge: AfterToolExec flush
[2026-08-08T07:10:18.634Z] InitialReadForge.onBeforeSend: SKIP (fr=true syn=false hasRead=true)
[2026-08-08T07:10:38.672Z] LiveUpdateForge: EndTurn fallback flush
[2026-08-08T07:10:38.672Z] onEndTurn: naturalStop=undefined toolCalls=21 nudgeMsg=no
[2026-08-08T07:10:38.672Z] LiveUpdateForge: EndTurn fallback flush
[2026-08-08T07:10:38.673Z] onEndTurn: naturalStop=false toolCalls=21 nudgeMsg=no
[2026-08-08T07:10:38.760Z] LiveUpdateForge: AfterToolExec flush
[2026-08-08T07:10:38.806Z] InitialReadForge.onBeforeSend: SKIP (fr=true syn=false hasRead=true)
[2026-08-08T07:10:54.853Z] LiveUpdateForge: EndTurn fallback flush
[2026-08-08T07:10:54.853Z] onEndTurn: naturalStop=undefined toolCalls=22 nudgeMsg=no
[2026-08-08T07:10:54.853Z] LiveUpdateForge: EndTurn fallback flush
[2026-08-08T07:10:54.853Z] onEndTurn: naturalStop=false toolCalls=22 nudgeMsg=no
[2026-08-08T07:10:54.910Z] LiveUpdateForge: AfterToolExec flush
[2026-08-08T07:10:54.952Z] InitialReadForge.onBeforeSend: SKIP (fr=true syn=false hasRead=true)
[2026-08-08T07:11:02.194Z] LiveUpdateForge: EndTurn fallback flush
[2026-08-08T07:11:02.194Z] onEndTurn: naturalStop=undefined toolCalls=23 nudgeMsg=no
[2026-08-08T07:11:02.194Z] LiveUpdateForge: EndTurn fallback flush
[2026-08-08T07:11:02.194Z] onEndTurn: naturalStop=false toolCalls=23 nudgeMsg=no
[2026-08-08T07:11:02.201Z] LiveUpdateForge: AfterToolExec flush
[2026-08-08T07:11:02.248Z] InitialReadForge.onBeforeSend: SKIP (fr=true syn=false hasRead=true)
[2026-08-08T07:11:15.242Z] LiveUpdateForge: EndTurn fallback flush
[2026-08-08T07:11:15.242Z] onEndTurn: naturalStop=undefined toolCalls=24 nudgeMsg=no
[2026-08-08T07:11:15.242Z] LiveUpdateForge: EndTurn fallback flush
[2026-08-08T07:11:15.243Z] onEndTurn: naturalStop=false toolCalls=24 nudgeMsg=no
[2026-08-08T07:11:15.345Z] LiveUpdateForge: AfterToolExec flush
[2026-08-08T07:11:15.396Z] InitialReadForge.onBeforeSend: SKIP (fr=true syn=false hasRead=true)
[2026-08-08T07:11:24.253Z] LiveUpdateForge: EndTurn fallback flush
[2026-08-08T07:11:24.253Z] onEndTurn: naturalStop=undefined toolCalls=25 nudgeMsg=no
[2026-08-08T07:11:24.253Z] LiveUpdateForge: EndTurn fallback flush
[2026-08-08T07:11:24.254Z] onEndTurn: naturalStop=false toolCalls=25 nudgeMsg=no
[2026-08-08T07:12:02.918Z] LiveUpdateForge: AfterToolExec flush
[2026-08-08T07:12:02.974Z] InitialReadForge.onBeforeSend: SKIP (fr=true syn=false hasRead=true)
[2026-08-08T07:12:11.167Z] LiveUpdateForge: EndTurn fallback flush
[2026-08-08T07:12:11.168Z] onEndTurn: naturalStop=undefined toolCalls=26 nudgeMsg=no
[2026-08-08T07:12:11.168Z] LiveUpdateForge: EndTurn fallback flush
[2026-08-08T07:12:11.168Z] onEndTurn: naturalStop=false toolCalls=26 nudgeMsg=no
[2026-08-08T07:12:12.425Z] LiveUpdateForge: AfterToolExec flush
[2026-08-08T07:12:12.483Z] InitialReadForge.onBeforeSend: SKIP (fr=true syn=false hasRead=true)
[2026-08-08T07:12:23.661Z] LiveUpdateForge: EndTurn fallback flush
[2026-08-08T07:12:23.662Z] onEndTurn: naturalStop=undefined toolCalls=27 nudgeMsg=no
[2026-08-08T07:12:23.662Z] LiveUpdateForge: EndTurn fallback flush
[2026-08-08T07:12:23.663Z] onEndTurn: naturalStop=false toolCalls=27 nudgeMsg=no
[2026-08-08T07:12:23.709Z] LiveUpdateForge: AfterToolExec flush
[2026-08-08T07:12:23.748Z] InitialReadForge.onBeforeSend: SKIP (fr=true syn=false hasRead=true)
[2026-08-08T07:12:34.072Z] LiveUpdateForge: EndTurn fallback flush
[2026-08-08T07:12:34.072Z] onEndTurn: naturalStop=undefined toolCalls=28 nudgeMsg=no
[2026-08-08T07:12:34.073Z] LiveUpdateForge: EndTurn fallback flush
[2026-08-08T07:12:34.073Z] onEndTurn: naturalStop=false toolCalls=28 nudgeMsg=no
[2026-08-08T07:12:39.818Z] LiveUpdateForge: AfterToolExec flush
[2026-08-08T07:12:39.873Z] InitialReadForge.onBeforeSend: SKIP (fr=true syn=false hasRead=true)
[2026-08-08T07:12:49.982Z] LiveUpdateForge: EndTurn fallback flush
[2026-08-08T07:12:49.983Z] onEndTurn: naturalStop=undefined toolCalls=29 nudgeMsg=no
[2026-08-08T07:12:49.983Z] LiveUpdateForge: EndTurn fallback flush
[2026-08-08T07:12:49.984Z] onEndTurn: naturalStop=false toolCalls=29 nudgeMsg=no
[2026-08-08T07:12:49.991Z] LiveUpdateForge: self-write on D:\xm\CacheHub\CODELY.md, baseline aligned
[2026-08-08T07:12:49.991Z] LiveUpdateForge: AfterToolExec flush
[2026-08-08T07:12:50.034Z] InitialReadForge.onBeforeSend: SKIP (fr=true syn=false hasRead=true)
[2026-08-08T07:13:01.106Z] LiveUpdateForge: EndTurn fallback flush
[2026-08-08T07:13:01.106Z] onEndTurn: naturalStop=undefined toolCalls=0 nudgeMsg=no
[2026-08-08T07:13:01.106Z] LiveUpdateForge: EndTurn fallback flush
[2026-08-08T07:13:01.107Z] onEndTurn: naturalStop=true toolCalls=0 nudgeMsg=no
[2026-08-08T07:13:03.789Z] ResumeDiffForge: running checkResumeConsistency
[2026-08-08T07:13:03.790Z] checkResumeConsistency: forgedTimestamps=[]
[2026-08-08T07:13:03.796Z] checkResumeConsistency: no changes detected
[2026-08-08T07:13:03.796Z] LiveUpdateForge: session reset, allowLiveUpdate = false
[2026-08-08T07:13:03.796Z] NudgeForge: ResumeComplete — restoring count from history
[2026-08-08T07:13:03.797Z] restoreNudgeCountFromHistory: found last write at idx=1268 count=0
[2026-08-08T07:13:03.897Z] LiveUpdateForge: allowLiveUpdate = true (first real BeforeSend)
[2026-08-08T07:13:03.898Z] InitialReadForge.onBeforeSend: SKIP (fr=false syn=false hasRead=true)
[2026-08-08T07:13:15.717Z] LiveUpdateForge: EndTurn fallback flush
[2026-08-08T07:13:15.717Z] onEndTurn: naturalStop=undefined toolCalls=0 nudgeMsg=no
[2026-08-08T07:13:15.717Z] LiveUpdateForge: EndTurn fallback flush
[2026-08-08T07:13:15.718Z] onEndTurn: naturalStop=false toolCalls=0 nudgeMsg=no
[2026-08-08T07:13:54.081Z] LiveUpdateForge: AfterToolExec flush
[2026-08-08T07:13:54.136Z] InitialReadForge.onBeforeSend: SKIP (fr=true syn=false hasRead=true)
[2026-08-08T07:14:04.917Z] LiveUpdateForge: EndTurn fallback flush
[2026-08-08T07:14:04.917Z] onEndTurn: naturalStop=undefined toolCalls=1 nudgeMsg=no
[2026-08-08T07:14:04.918Z] LiveUpdateForge: EndTurn fallback flush
[2026-08-08T07:14:04.918Z] onEndTurn: naturalStop=false toolCalls=1 nudgeMsg=no
[2026-08-08T07:14:04.924Z] LiveUpdateForge: AfterToolExec flush
[2026-08-08T07:14:04.969Z] InitialReadForge.onBeforeSend: SKIP (fr=true syn=false hasRead=true)
[2026-08-08T07:14:23.393Z] LiveUpdateForge: EndTurn fallback flush
[2026-08-08T07:14:23.393Z] onEndTurn: naturalStop=undefined toolCalls=2 nudgeMsg=no
[2026-08-08T07:14:23.393Z] LiveUpdateForge: EndTurn fallback flush
[2026-08-08T07:14:23.393Z] onEndTurn: naturalStop=false toolCalls=2 nudgeMsg=no
[2026-08-08T07:14:23.444Z] LiveUpdateForge: AfterToolExec flush
[2026-08-08T07:14:23.485Z] InitialReadForge.onBeforeSend: SKIP (fr=true syn=false hasRead=true)
[2026-08-08T07:14:34.483Z] LiveUpdateForge: EndTurn fallback flush
[2026-08-08T07:14:34.483Z] onEndTurn: naturalStop=undefined toolCalls=3 nudgeMsg=no
[2026-08-08T07:14:34.483Z] LiveUpdateForge: EndTurn fallback flush
[2026-08-08T07:14:34.483Z] onEndTurn: naturalStop=false toolCalls=3 nudgeMsg=no
[2026-08-08T07:14:34.607Z] LiveUpdateForge: AfterToolExec flush
[2026-08-08T07:14:34.652Z] InitialReadForge.onBeforeSend: SKIP (fr=true syn=false hasRead=true)
[2026-08-08T07:14:44.470Z] LiveUpdateForge: EndTurn fallback flush
[2026-08-08T07:14:44.470Z] onEndTurn: naturalStop=undefined toolCalls=4 nudgeMsg=no
[2026-08-08T07:14:44.470Z] LiveUpdateForge: EndTurn fallback flush
[2026-08-08T07:14:44.470Z] onEndTurn: naturalStop=false toolCalls=4 nudgeMsg=no
[2026-08-08T07:14:44.527Z] LiveUpdateForge: AfterToolExec flush
[2026-08-08T07:14:44.571Z] InitialReadForge.onBeforeSend: SKIP (fr=true syn=false hasRead=true)
[2026-08-08T07:14:55.277Z] LiveUpdateForge: EndTurn fallback flush
[2026-08-08T07:14:55.277Z] onEndTurn: naturalStop=undefined toolCalls=5 nudgeMsg=no
[2026-08-08T07:14:55.278Z] LiveUpdateForge: EndTurn fallback flush
[2026-08-08T07:14:55.278Z] onEndTurn: naturalStop=false toolCalls=5 nudgeMsg=no
[2026-08-08T07:14:55.397Z] LiveUpdateForge: AfterToolExec flush
[2026-08-08T07:14:55.439Z] InitialReadForge.onBeforeSend: SKIP (fr=true syn=false hasRead=true)
[2026-08-08T07:15:04.441Z] LiveUpdateForge: EndTurn fallback flush
[2026-08-08T07:15:04.442Z] onEndTurn: naturalStop=undefined toolCalls=6 nudgeMsg=no
[2026-08-08T07:15:04.442Z] LiveUpdateForge: EndTurn fallback flush
[2026-08-08T07:15:04.442Z] onEndTurn: naturalStop=false toolCalls=6 nudgeMsg=no
[2026-08-08T07:15:04.602Z] LiveUpdateForge: AfterToolExec flush
[2026-08-08T07:15:04.654Z] InitialReadForge.onBeforeSend: SKIP (fr=true syn=false hasRead=true)
[2026-08-08T07:15:13.099Z] LiveUpdateForge: EndTurn fallback flush
[2026-08-08T07:15:13.099Z] onEndTurn: naturalStop=undefined toolCalls=7 nudgeMsg=no
[2026-08-08T07:15:13.100Z] LiveUpdateForge: EndTurn fallback flush
[2026-08-08T07:15:13.100Z] onEndTurn: naturalStop=false toolCalls=7 nudgeMsg=no
[2026-08-08T07:15:13.259Z] LiveUpdateForge: AfterToolExec flush
[2026-08-08T07:15:13.302Z] InitialReadForge.onBeforeSend: SKIP (fr=true syn=false hasRead=true)
[2026-08-08T07:15:24.149Z] LiveUpdateForge: EndTurn fallback flush
[2026-08-08T07:15:24.149Z] onEndTurn: naturalStop=undefined toolCalls=8 nudgeMsg=no
[2026-08-08T07:15:24.150Z] LiveUpdateForge: EndTurn fallback flush
[2026-08-08T07:15:24.150Z] onEndTurn: naturalStop=false toolCalls=8 nudgeMsg=no
[2026-08-08T07:15:24.204Z] LiveUpdateForge: AfterToolExec flush
[2026-08-08T07:15:24.256Z] InitialReadForge.onBeforeSend: SKIP (fr=true syn=false hasRead=true)
[2026-08-08T07:15:35.444Z] LiveUpdateForge: EndTurn fallback flush
[2026-08-08T07:15:35.444Z] onEndTurn: naturalStop=undefined toolCalls=9 nudgeMsg=no
[2026-08-08T07:15:35.444Z] LiveUpdateForge: EndTurn fallback flush
[2026-08-08T07:15:35.444Z] onEndTurn: naturalStop=false toolCalls=9 nudgeMsg=no
[2026-08-08T07:15:35.450Z] LiveUpdateForge: AfterToolExec flush
[2026-08-08T07:15:35.499Z] InitialReadForge.onBeforeSend: SKIP (fr=true syn=false hasRead=true)
[2026-08-08T07:16:06.032Z] LiveUpdateForge: EndTurn fallback flush
[2026-08-08T07:16:06.033Z] onEndTurn: naturalStop=undefined toolCalls=10 nudgeMsg=no
[2026-08-08T07:16:06.033Z] LiveUpdateForge: EndTurn fallback flush
[2026-08-08T07:16:06.033Z] onEndTurn: naturalStop=false toolCalls=10 nudgeMsg=no
[2026-08-08T07:16:06.128Z] LiveUpdateForge: AfterToolExec flush
[2026-08-08T07:16:06.182Z] InitialReadForge.onBeforeSend: SKIP (fr=true syn=false hasRead=true)
[2026-08-08T07:16:17.340Z] LiveUpdateForge: EndTurn fallback flush
[2026-08-08T07:16:17.340Z] onEndTurn: naturalStop=undefined toolCalls=11 nudgeMsg=no
[2026-08-08T07:16:17.340Z] LiveUpdateForge: EndTurn fallback flush
[2026-08-08T07:16:17.341Z] onEndTurn: naturalStop=false toolCalls=11 nudgeMsg=no
[2026-08-08T07:16:54.835Z] LiveUpdateForge: AfterToolExec flush
[2026-08-08T07:16:54.897Z] InitialReadForge.onBeforeSend: SKIP (fr=true syn=false hasRead=true)
[2026-08-08T07:17:04.014Z] LiveUpdateForge: EndTurn fallback flush
[2026-08-08T07:17:04.014Z] onEndTurn: naturalStop=undefined toolCalls=12 nudgeMsg=no
[2026-08-08T07:17:04.015Z] LiveUpdateForge: EndTurn fallback flush
[2026-08-08T07:17:04.015Z] onEndTurn: naturalStop=false toolCalls=12 nudgeMsg=no
[2026-08-08T07:17:19.403Z] LiveUpdateForge: AfterToolExec flush
[2026-08-08T07:17:19.459Z] InitialReadForge.onBeforeSend: SKIP (fr=true syn=false hasRead=true)
[2026-08-08T07:17:28.910Z] LiveUpdateForge: EndTurn fallback flush
[2026-08-08T07:17:28.910Z] onEndTurn: naturalStop=undefined toolCalls=13 nudgeMsg=no
[2026-08-08T07:17:28.911Z] LiveUpdateForge: EndTurn fallback flush
[2026-08-08T07:17:28.911Z] onEndTurn: naturalStop=false toolCalls=13 nudgeMsg=no
[2026-08-08T07:17:30.044Z] LiveUpdateForge: AfterToolExec flush
[2026-08-08T07:17:30.100Z] InitialReadForge.onBeforeSend: SKIP (fr=true syn=false hasRead=true)
[2026-08-08T07:17:38.853Z] LiveUpdateForge: EndTurn fallback flush
[2026-08-08T07:17:38.853Z] onEndTurn: naturalStop=undefined toolCalls=14 nudgeMsg=no
[2026-08-08T07:17:38.854Z] LiveUpdateForge: EndTurn fallback flush
[2026-08-08T07:17:38.854Z] onEndTurn: naturalStop=false toolCalls=14 nudgeMsg=no
[2026-08-08T07:17:39.997Z] LiveUpdateForge: AfterToolExec flush
[2026-08-08T07:17:40.051Z] InitialReadForge.onBeforeSend: SKIP (fr=true syn=false hasRead=true)
[2026-08-08T07:17:50.294Z] LiveUpdateForge: EndTurn fallback flush
[2026-08-08T07:17:50.294Z] onEndTurn: naturalStop=undefined toolCalls=15 nudgeMsg=no
[2026-08-08T07:17:50.294Z] LiveUpdateForge: EndTurn fallback flush
[2026-08-08T07:17:50.295Z] onEndTurn: naturalStop=false toolCalls=15 nudgeMsg=no
[2026-08-08T07:17:50.398Z] LiveUpdateForge: AfterToolExec flush
[2026-08-08T07:17:50.446Z] InitialReadForge.onBeforeSend: SKIP (fr=true syn=false hasRead=true)
[2026-08-08T07:17:58.884Z] LiveUpdateForge: EndTurn fallback flush
[2026-08-08T07:17:58.885Z] onEndTurn: naturalStop=undefined toolCalls=16 nudgeMsg=no
[2026-08-08T07:17:58.885Z] LiveUpdateForge: EndTurn fallback flush
[2026-08-08T07:17:58.885Z] onEndTurn: naturalStop=false toolCalls=16 nudgeMsg=no
[2026-08-08T07:18:04.795Z] LiveUpdateForge: AfterToolExec flush
[2026-08-08T07:18:04.850Z] InitialReadForge.onBeforeSend: SKIP (fr=true syn=false hasRead=true)
[2026-08-08T07:18:16.323Z] LiveUpdateForge: EndTurn fallback flush
[2026-08-08T07:18:16.323Z] onEndTurn: naturalStop=undefined toolCalls=17 nudgeMsg=no
[2026-08-08T07:18:16.324Z] LiveUpdateForge: EndTurn fallback flush
[2026-08-08T07:18:16.324Z] onEndTurn: naturalStop=false toolCalls=17 nudgeMsg=no
[2026-08-08T07:18:17.492Z] LiveUpdateForge: AfterToolExec flush
[2026-08-08T07:18:17.543Z] InitialReadForge.onBeforeSend: SKIP (fr=true syn=false hasRead=true)
[2026-08-08T07:18:30.061Z] LiveUpdateForge: EndTurn fallback flush
[2026-08-08T07:18:30.061Z] onEndTurn: naturalStop=undefined toolCalls=18 nudgeMsg=no
[2026-08-08T07:18:30.061Z] LiveUpdateForge: EndTurn fallback flush
[2026-08-08T07:18:30.062Z] onEndTurn: naturalStop=false toolCalls=18 nudgeMsg=no
[2026-08-08T07:18:30.114Z] LiveUpdateForge: AfterToolExec flush
[2026-08-08T07:18:30.161Z] InitialReadForge.onBeforeSend: SKIP (fr=true syn=false hasRead=true)
[2026-08-08T07:18:38.715Z] LiveUpdateForge: EndTurn fallback flush
[2026-08-08T07:18:38.715Z] onEndTurn: naturalStop=undefined toolCalls=19 nudgeMsg=no
[2026-08-08T07:18:38.715Z] LiveUpdateForge: EndTurn fallback flush
[2026-08-08T07:18:38.715Z] onEndTurn: naturalStop=false toolCalls=19 nudgeMsg=no
[2026-08-08T07:18:38.719Z] LiveUpdateForge: AfterToolExec flush
[2026-08-08T07:18:38.772Z] InitialReadForge.onBeforeSend: SKIP (fr=true syn=false hasRead=true)
[2026-08-08T07:18:46.305Z] LiveUpdateForge: EndTurn fallback flush
[2026-08-08T07:18:46.305Z] onEndTurn: naturalStop=undefined toolCalls=20 nudgeMsg=no
[2026-08-08T07:18:46.305Z] LiveUpdateForge: EndTurn fallback flush
[2026-08-08T07:18:46.306Z] onEndTurn: naturalStop=false toolCalls=20 nudgeMsg=no
[2026-08-08T07:18:46.312Z] LiveUpdateForge: AfterToolExec flush
[2026-08-08T07:18:46.359Z] InitialReadForge.onBeforeSend: SKIP (fr=true syn=false hasRead=true)
[2026-08-08T07:19:02.906Z] LiveUpdateForge: EndTurn fallback flush
[2026-08-08T07:19:02.906Z] onEndTurn: naturalStop=undefined toolCalls=21 nudgeMsg=no
[2026-08-08T07:19:02.906Z] LiveUpdateForge: EndTurn fallback flush
[2026-08-08T07:19:02.907Z] onEndTurn: naturalStop=false toolCalls=21 nudgeMsg=no
[2026-08-08T07:19:02.984Z] LiveUpdateForge: AfterToolExec flush
[2026-08-08T07:19:03.032Z] InitialReadForge.onBeforeSend: SKIP (fr=true syn=false hasRead=true)
[2026-08-08T07:19:11.955Z] LiveUpdateForge: EndTurn fallback flush
[2026-08-08T07:19:11.955Z] onEndTurn: naturalStop=undefined toolCalls=22 nudgeMsg=no
[2026-08-08T07:19:11.956Z] LiveUpdateForge: EndTurn fallback flush
[2026-08-08T07:19:11.956Z] onEndTurn: naturalStop=false toolCalls=22 nudgeMsg=no
[2026-08-08T07:19:48.969Z] LiveUpdateForge: AfterToolExec flush
[2026-08-08T07:19:49.024Z] InitialReadForge.onBeforeSend: SKIP (fr=true syn=false hasRead=true)
[2026-08-08T07:19:59.445Z] LiveUpdateForge: EndTurn fallback flush
[2026-08-08T07:19:59.446Z] onEndTurn: naturalStop=undefined toolCalls=23 nudgeMsg=no
[2026-08-08T07:19:59.446Z] LiveUpdateForge: EndTurn fallback flush
[2026-08-08T07:19:59.447Z] onEndTurn: naturalStop=false toolCalls=23 nudgeMsg=no
[2026-08-08T07:20:02.205Z] LiveUpdateForge: AfterToolExec flush
[2026-08-08T07:20:02.262Z] InitialReadForge.onBeforeSend: SKIP (fr=true syn=false hasRead=true)
[2026-08-08T07:20:12.540Z] LiveUpdateForge: EndTurn fallback flush
[2026-08-08T07:20:12.540Z] onEndTurn: naturalStop=undefined toolCalls=24 nudgeMsg=no
[2026-08-08T07:20:12.541Z] LiveUpdateForge: EndTurn fallback flush
[2026-08-08T07:20:12.541Z] onEndTurn: naturalStop=false toolCalls=24 nudgeMsg=no
[2026-08-08T07:20:12.595Z] LiveUpdateForge: AfterToolExec flush
[2026-08-08T07:20:12.642Z] InitialReadForge.onBeforeSend: SKIP (fr=true syn=false hasRead=true)
[2026-08-08T07:20:20.684Z] LiveUpdateForge: EndTurn fallback flush
[2026-08-08T07:20:20.684Z] onEndTurn: naturalStop=undefined toolCalls=25 nudgeMsg=no
[2026-08-08T07:20:20.685Z] LiveUpdateForge: EndTurn fallback flush
[2026-08-08T07:20:20.686Z] onEndTurn: naturalStop=false toolCalls=25 nudgeMsg=no
[2026-08-08T07:20:24.726Z] LiveUpdateForge: AfterToolExec flush
[2026-08-08T07:20:24.780Z] InitialReadForge.onBeforeSend: SKIP (fr=true syn=false hasRead=true)
[2026-08-08T07:20:33.127Z] LiveUpdateForge: EndTurn fallback flush
[2026-08-08T07:20:33.128Z] onEndTurn: naturalStop=undefined toolCalls=26 nudgeMsg=no
[2026-08-08T07:20:33.128Z] LiveUpdateForge: EndTurn fallback flush
[2026-08-08T07:20:33.128Z] onEndTurn: naturalStop=false toolCalls=26 nudgeMsg=no
[2026-08-08T07:20:39.251Z] LiveUpdateForge: AfterToolExec flush
[2026-08-08T07:20:39.318Z] InitialReadForge.onBeforeSend: SKIP (fr=true syn=false hasRead=true)
[2026-08-08T07:20:54.481Z] LiveUpdateForge: EndTurn fallback flush
[2026-08-08T07:20:54.481Z] onEndTurn: naturalStop=undefined toolCalls=27 nudgeMsg=no
[2026-08-08T07:20:54.481Z] LiveUpdateForge: EndTurn fallback flush
[2026-08-08T07:20:54.481Z] onEndTurn: naturalStop=false toolCalls=27 nudgeMsg=no
[2026-08-08T07:20:54.536Z] LiveUpdateForge: AfterToolExec flush
[2026-08-08T07:20:54.587Z] InitialReadForge.onBeforeSend: SKIP (fr=true syn=false hasRead=true)
[2026-08-08T07:21:02.705Z] LiveUpdateForge: EndTurn fallback flush
[2026-08-08T07:21:02.705Z] onEndTurn: naturalStop=undefined toolCalls=28 nudgeMsg=no
[2026-08-08T07:21:02.705Z] LiveUpdateForge: EndTurn fallback flush
[2026-08-08T07:21:02.706Z] onEndTurn: naturalStop=false toolCalls=28 nudgeMsg=no
[2026-08-08T07:21:02.754Z] LiveUpdateForge: AfterToolExec flush
[2026-08-08T07:21:02.805Z] InitialReadForge.onBeforeSend: SKIP (fr=true syn=false hasRead=true)
[2026-08-08T07:21:10.925Z] LiveUpdateForge: EndTurn fallback flush
[2026-08-08T07:21:10.926Z] onEndTurn: naturalStop=undefined toolCalls=29 nudgeMsg=no
[2026-08-08T07:21:10.926Z] LiveUpdateForge: EndTurn fallback flush
[2026-08-08T07:21:10.926Z] onEndTurn: naturalStop=false toolCalls=29 nudgeMsg=no
[2026-08-08T07:21:10.932Z] LiveUpdateForge: AfterToolExec flush
[2026-08-08T07:21:10.987Z] InitialReadForge.onBeforeSend: SKIP (fr=true syn=false hasRead=true)
[2026-08-08T07:21:19.825Z] LiveUpdateForge: EndTurn fallback flush
[2026-08-08T07:21:19.826Z] onEndTurn: naturalStop=undefined toolCalls=30 nudgeMsg=no
[2026-08-08T07:21:19.826Z] LiveUpdateForge: EndTurn fallback flush
[2026-08-08T07:21:19.826Z] onEndTurn: naturalStop=false toolCalls=30 nudgeMsg=no
[2026-08-08T07:21:19.910Z] LiveUpdateForge: AfterToolExec flush
[2026-08-08T07:21:19.960Z] InitialReadForge.onBeforeSend: SKIP (fr=true syn=false hasRead=true)
[2026-08-08T07:21:28.743Z] LiveUpdateForge: EndTurn fallback flush
[2026-08-08T07:21:28.743Z] onEndTurn: naturalStop=undefined toolCalls=31 nudgeMsg=no
[2026-08-08T07:21:28.743Z] LiveUpdateForge: EndTurn fallback flush
[2026-08-08T07:21:28.743Z] onEndTurn: naturalStop=false toolCalls=31 nudgeMsg=no
[2026-08-08T07:21:39.118Z] LiveUpdateForge: AfterToolExec flush
[2026-08-08T07:21:39.180Z] InitialReadForge.onBeforeSend: SKIP (fr=true syn=false hasRead=true)
[2026-08-08T07:21:48.297Z] LiveUpdateForge: EndTurn fallback flush
[2026-08-08T07:21:48.298Z] onEndTurn: naturalStop=undefined toolCalls=32 nudgeMsg=no
[2026-08-08T07:21:48.298Z] LiveUpdateForge: EndTurn fallback flush
[2026-08-08T07:21:48.298Z] onEndTurn: naturalStop=false toolCalls=32 nudgeMsg=no
[2026-08-08T07:21:54.377Z] LiveUpdateForge: AfterToolExec flush
[2026-08-08T07:21:54.451Z] InitialReadForge.onBeforeSend: SKIP (fr=true syn=false hasRead=true)
[2026-08-08T07:22:11.049Z] LiveUpdateForge: EndTurn fallback flush
[2026-08-08T07:22:11.049Z] onEndTurn: naturalStop=undefined toolCalls=33 nudgeMsg=no
[2026-08-08T07:22:11.050Z] LiveUpdateForge: EndTurn fallback flush
[2026-08-08T07:22:11.050Z] onEndTurn: naturalStop=false toolCalls=33 nudgeMsg=no
[2026-08-08T07:22:46.613Z] LiveUpdateForge: AfterToolExec flush
[2026-08-08T07:22:46.677Z] InitialReadForge.onBeforeSend: SKIP (fr=true syn=false hasRead=true)
[2026-08-08T07:22:57.636Z] LiveUpdateForge: EndTurn fallback flush
[2026-08-08T07:22:57.636Z] onEndTurn: naturalStop=undefined toolCalls=34 nudgeMsg=no
[2026-08-08T07:22:57.636Z] LiveUpdateForge: EndTurn fallback flush
[2026-08-08T07:22:57.637Z] onEndTurn: naturalStop=false toolCalls=34 nudgeMsg=no
[2026-08-08T07:22:57.644Z] LiveUpdateForge: self-write on D:\xm\CacheHub\CODELY.md, baseline aligned
[2026-08-08T07:22:57.644Z] LiveUpdateForge: AfterToolExec flush
[2026-08-08T07:22:57.696Z] InitialReadForge.onBeforeSend: SKIP (fr=true syn=false hasRead=true)
[2026-08-08T07:23:12.588Z] LiveUpdateForge: EndTurn fallback flush
[2026-08-08T07:23:12.588Z] onEndTurn: naturalStop=undefined toolCalls=0 nudgeMsg=no
[2026-08-08T07:23:12.588Z] LiveUpdateForge: EndTurn fallback flush
[2026-08-08T07:23:12.588Z] onEndTurn: naturalStop=true toolCalls=0 nudgeMsg=no
[2026-08-08T07:23:15.949Z] ResumeDiffForge: running checkResumeConsistency
[2026-08-08T07:23:15.950Z] checkResumeConsistency: forgedTimestamps=[]
[2026-08-08T07:23:15.956Z] checkResumeConsistency: no changes detected
[2026-08-08T07:23:15.957Z] LiveUpdateForge: session reset, allowLiveUpdate = false
[2026-08-08T07:23:15.957Z] NudgeForge: ResumeComplete — restoring count from history
[2026-08-08T07:23:15.957Z] restoreNudgeCountFromHistory: found last write at idx=1340 count=0
[2026-08-08T07:23:16.066Z] LiveUpdateForge: allowLiveUpdate = true (first real BeforeSend)
[2026-08-08T07:23:16.067Z] InitialReadForge.onBeforeSend: SKIP (fr=false syn=false hasRead=true)
[2026-08-08T07:23:26.434Z] LiveUpdateForge: EndTurn fallback flush
[2026-08-08T07:23:26.434Z] onEndTurn: naturalStop=undefined toolCalls=0 nudgeMsg=no
[2026-08-08T07:23:26.435Z] LiveUpdateForge: EndTurn fallback flush
[2026-08-08T07:23:26.435Z] onEndTurn: naturalStop=false toolCalls=0 nudgeMsg=no
[2026-08-08T07:24:00.113Z] LiveUpdateForge: AfterToolExec flush
[2026-08-08T07:24:00.169Z] InitialReadForge.onBeforeSend: SKIP (fr=true syn=false hasRead=true)
[2026-08-08T07:24:17.002Z] LiveUpdateForge: EndTurn fallback flush
[2026-08-08T07:24:17.002Z] onEndTurn: naturalStop=undefined toolCalls=1 nudgeMsg=no
[2026-08-08T07:24:17.002Z] LiveUpdateForge: EndTurn fallback flush
[2026-08-08T07:24:17.002Z] onEndTurn: naturalStop=false toolCalls=1 nudgeMsg=no
[2026-08-08T07:24:17.009Z] LiveUpdateForge: AfterToolExec flush
[2026-08-08T07:24:17.052Z] InitialReadForge.onBeforeSend: SKIP (fr=true syn=false hasRead=true)
[2026-08-08T07:24:49.829Z] LiveUpdateForge: EndTurn fallback flush
[2026-08-08T07:24:49.830Z] onEndTurn: naturalStop=undefined toolCalls=2 nudgeMsg=no
[2026-08-08T07:24:49.830Z] LiveUpdateForge: EndTurn fallback flush
[2026-08-08T07:24:49.831Z] onEndTurn: naturalStop=false toolCalls=2 nudgeMsg=no
[2026-08-08T07:24:49.919Z] LiveUpdateForge: AfterToolExec flush
[2026-08-08T07:24:49.965Z] InitialReadForge.onBeforeSend: SKIP (fr=true syn=false hasRead=true)
[2026-08-08T07:24:59.548Z] LiveUpdateForge: EndTurn fallback flush
[2026-08-08T07:24:59.548Z] onEndTurn: naturalStop=undefined toolCalls=3 nudgeMsg=no
[2026-08-08T07:24:59.548Z] LiveUpdateForge: EndTurn fallback flush
[2026-08-08T07:24:59.548Z] onEndTurn: naturalStop=false toolCalls=3 nudgeMsg=no
[2026-08-08T07:25:32.429Z] LiveUpdateForge: AfterToolExec flush
[2026-08-08T07:25:32.484Z] InitialReadForge.onBeforeSend: SKIP (fr=true syn=false hasRead=true)
[2026-08-08T07:25:42.633Z] LiveUpdateForge: EndTurn fallback flush
[2026-08-08T07:25:42.634Z] onEndTurn: naturalStop=undefined toolCalls=4 nudgeMsg=no
[2026-08-08T07:25:42.634Z] LiveUpdateForge: EndTurn fallback flush
[2026-08-08T07:25:42.635Z] onEndTurn: naturalStop=false toolCalls=4 nudgeMsg=no
[2026-08-08T07:25:43.817Z] LiveUpdateForge: AfterToolExec flush
[2026-08-08T07:25:43.873Z] InitialReadForge.onBeforeSend: SKIP (fr=true syn=false hasRead=true)
[2026-08-08T07:25:54.694Z] LiveUpdateForge: EndTurn fallback flush
[2026-08-08T07:25:54.694Z] onEndTurn: naturalStop=undefined toolCalls=5 nudgeMsg=no
[2026-08-08T07:25:54.695Z] LiveUpdateForge: EndTurn fallback flush
[2026-08-08T07:25:54.695Z] onEndTurn: naturalStop=false toolCalls=5 nudgeMsg=no
[2026-08-08T07:25:54.784Z] LiveUpdateForge: AfterToolExec flush
[2026-08-08T07:25:54.829Z] InitialReadForge.onBeforeSend: SKIP (fr=true syn=false hasRead=true)
[2026-08-08T07:26:03.561Z] LiveUpdateForge: EndTurn fallback flush
[2026-08-08T07:26:03.561Z] onEndTurn: naturalStop=undefined toolCalls=6 nudgeMsg=no
[2026-08-08T07:26:03.562Z] LiveUpdateForge: EndTurn fallback flush
[2026-08-08T07:26:03.562Z] onEndTurn: naturalStop=false toolCalls=6 nudgeMsg=no
[2026-08-08T07:26:09.925Z] LiveUpdateForge: AfterToolExec flush
[2026-08-08T07:26:09.979Z] InitialReadForge.onBeforeSend: SKIP (fr=true syn=false hasRead=true)
[2026-08-08T07:26:20.196Z] LiveUpdateForge: EndTurn fallback flush
[2026-08-08T07:26:20.196Z] onEndTurn: naturalStop=undefined toolCalls=7 nudgeMsg=no
[2026-08-08T07:26:20.196Z] LiveUpdateForge: EndTurn fallback flush
[2026-08-08T07:26:20.197Z] onEndTurn: naturalStop=false toolCalls=7 nudgeMsg=no
[2026-08-08T07:26:20.324Z] LiveUpdateForge: AfterToolExec flush
[2026-08-08T07:26:20.371Z] InitialReadForge.onBeforeSend: SKIP (fr=true syn=false hasRead=true)
[2026-08-08T07:26:29.016Z] LiveUpdateForge: EndTurn fallback flush
[2026-08-08T07:26:29.017Z] onEndTurn: naturalStop=undefined toolCalls=8 nudgeMsg=no
[2026-08-08T07:26:29.017Z] LiveUpdateForge: EndTurn fallback flush
[2026-08-08T07:26:29.017Z] onEndTurn: naturalStop=false toolCalls=8 nudgeMsg=no
[2026-08-08T07:26:29.129Z] LiveUpdateForge: AfterToolExec flush
[2026-08-08T07:26:29.189Z] InitialReadForge.onBeforeSend: SKIP (fr=true syn=false hasRead=true)
[2026-08-08T07:26:38.876Z] LiveUpdateForge: EndTurn fallback flush
[2026-08-08T07:26:38.877Z] onEndTurn: naturalStop=undefined toolCalls=9 nudgeMsg=no
[2026-08-08T07:26:38.877Z] LiveUpdateForge: EndTurn fallback flush
[2026-08-08T07:26:38.877Z] onEndTurn: naturalStop=false toolCalls=9 nudgeMsg=no
[2026-08-08T07:26:38.932Z] LiveUpdateForge: AfterToolExec flush
[2026-08-08T07:26:38.983Z] InitialReadForge.onBeforeSend: SKIP (fr=true syn=false hasRead=true)
[2026-08-08T07:26:49.340Z] LiveUpdateForge: EndTurn fallback flush
[2026-08-08T07:26:49.340Z] onEndTurn: naturalStop=undefined toolCalls=10 nudgeMsg=no
[2026-08-08T07:26:49.340Z] LiveUpdateForge: EndTurn fallback flush
[2026-08-08T07:26:49.341Z] onEndTurn: naturalStop=false toolCalls=10 nudgeMsg=no
[2026-08-08T07:26:49.393Z] LiveUpdateForge: AfterToolExec flush
[2026-08-08T07:26:49.441Z] InitialReadForge.onBeforeSend: SKIP (fr=true syn=false hasRead=true)
[2026-08-08T07:26:59.815Z] LiveUpdateForge: EndTurn fallback flush
[2026-08-08T07:26:59.815Z] onEndTurn: naturalStop=undefined toolCalls=11 nudgeMsg=no
[2026-08-08T07:26:59.815Z] LiveUpdateForge: EndTurn fallback flush
[2026-08-08T07:26:59.815Z] onEndTurn: naturalStop=false toolCalls=11 nudgeMsg=no
[2026-08-08T07:26:59.867Z] LiveUpdateForge: AfterToolExec flush
[2026-08-08T07:26:59.920Z] InitialReadForge.onBeforeSend: SKIP (fr=true syn=false hasRead=true)
[2026-08-08T07:27:08.654Z] LiveUpdateForge: EndTurn fallback flush
[2026-08-08T07:27:08.654Z] onEndTurn: naturalStop=undefined toolCalls=12 nudgeMsg=no
[2026-08-08T07:27:08.654Z] LiveUpdateForge: EndTurn fallback flush
[2026-08-08T07:27:08.655Z] onEndTurn: naturalStop=false toolCalls=12 nudgeMsg=no
[2026-08-08T07:27:08.713Z] LiveUpdateForge: AfterToolExec flush
[2026-08-08T07:27:08.755Z] InitialReadForge.onBeforeSend: SKIP (fr=true syn=false hasRead=true)
[2026-08-08T07:27:19.680Z] LiveUpdateForge: EndTurn fallback flush
[2026-08-08T07:27:19.681Z] onEndTurn: naturalStop=undefined toolCalls=13 nudgeMsg=no
[2026-08-08T07:27:19.681Z] LiveUpdateForge: EndTurn fallback flush
[2026-08-08T07:27:19.681Z] onEndTurn: naturalStop=false toolCalls=13 nudgeMsg=no
[2026-08-08T07:27:19.797Z] LiveUpdateForge: AfterToolExec flush
[2026-08-08T07:27:19.841Z] InitialReadForge.onBeforeSend: SKIP (fr=true syn=false hasRead=true)
[2026-08-08T07:27:29.032Z] LiveUpdateForge: EndTurn fallback flush
[2026-08-08T07:27:29.032Z] onEndTurn: naturalStop=undefined toolCalls=14 nudgeMsg=no
[2026-08-08T07:27:29.032Z] LiveUpdateForge: EndTurn fallback flush
[2026-08-08T07:27:29.033Z] onEndTurn: naturalStop=false toolCalls=14 nudgeMsg=no
[2026-08-08T07:27:29.086Z] LiveUpdateForge: AfterToolExec flush
[2026-08-08T07:27:29.127Z] InitialReadForge.onBeforeSend: SKIP (fr=true syn=false hasRead=true)
[2026-08-08T07:27:37.653Z] LiveUpdateForge: EndTurn fallback flush
[2026-08-08T07:27:37.653Z] onEndTurn: naturalStop=undefined toolCalls=15 nudgeMsg=no
[2026-08-08T07:27:37.654Z] LiveUpdateForge: EndTurn fallback flush
[2026-08-08T07:27:37.654Z] onEndTurn: naturalStop=false toolCalls=15 nudgeMsg=no
[2026-08-08T07:27:37.660Z] LiveUpdateForge: AfterToolExec flush
[2026-08-08T07:27:37.704Z] InitialReadForge.onBeforeSend: SKIP (fr=true syn=false hasRead=true)
[2026-08-08T07:27:48.355Z] LiveUpdateForge: EndTurn fallback flush
[2026-08-08T07:27:48.355Z] onEndTurn: naturalStop=undefined toolCalls=16 nudgeMsg=no
[2026-08-08T07:27:48.356Z] LiveUpdateForge: EndTurn fallback flush
[2026-08-08T07:27:48.356Z] onEndTurn: naturalStop=false toolCalls=16 nudgeMsg=no
[2026-08-08T07:27:48.412Z] LiveUpdateForge: AfterToolExec flush
[2026-08-08T07:27:48.459Z] InitialReadForge.onBeforeSend: SKIP (fr=true syn=false hasRead=true)
[2026-08-08T07:27:58.559Z] LiveUpdateForge: EndTurn fallback flush
[2026-08-08T07:27:58.560Z] onEndTurn: naturalStop=undefined toolCalls=17 nudgeMsg=no
[2026-08-08T07:27:58.560Z] LiveUpdateForge: EndTurn fallback flush
[2026-08-08T07:27:58.560Z] onEndTurn: naturalStop=false toolCalls=17 nudgeMsg=no
[2026-08-08T07:27:58.567Z] LiveUpdateForge: AfterToolExec flush
[2026-08-08T07:27:58.611Z] InitialReadForge.onBeforeSend: SKIP (fr=true syn=false hasRead=true)
[2026-08-08T07:28:18.219Z] LiveUpdateForge: EndTurn fallback flush
[2026-08-08T07:28:18.219Z] onEndTurn: naturalStop=undefined toolCalls=18 nudgeMsg=no
[2026-08-08T07:28:18.220Z] LiveUpdateForge: EndTurn fallback flush
[2026-08-08T07:28:18.220Z] onEndTurn: naturalStop=false toolCalls=18 nudgeMsg=no
[2026-08-08T07:28:54.996Z] LiveUpdateForge: AfterToolExec flush
[2026-08-08T07:28:55.061Z] InitialReadForge.onBeforeSend: SKIP (fr=true syn=false hasRead=true)
[2026-08-08T07:29:19.999Z] LiveUpdateForge: EndTurn fallback flush
[2026-08-08T07:29:19.999Z] onEndTurn: naturalStop=undefined toolCalls=19 nudgeMsg=no
[2026-08-08T07:29:19.999Z] LiveUpdateForge: EndTurn fallback flush
[2026-08-08T07:29:19.999Z] onEndTurn: naturalStop=true toolCalls=19 nudgeMsg=no
[2026-08-08T07:29:23.246Z] ResumeDiffForge: running checkResumeConsistency
[2026-08-08T07:29:23.247Z] checkResumeConsistency: forgedTimestamps=[]
[2026-08-08T07:29:23.252Z] checkResumeConsistency: no changes detected
[2026-08-08T07:29:23.252Z] LiveUpdateForge: session reset, allowLiveUpdate = false
[2026-08-08T07:29:23.253Z] NudgeForge: ResumeComplete — restoring count from history
[2026-08-08T07:29:23.253Z] restoreNudgeCountFromHistory: found last write at idx=1340 count=19
[2026-08-08T07:29:23.345Z] LiveUpdateForge: allowLiveUpdate = true (first real BeforeSend)
[2026-08-08T07:29:23.346Z] InitialReadForge.onBeforeSend: SKIP (fr=false syn=false hasRead=true)
[2026-08-08T07:29:33.856Z] LiveUpdateForge: EndTurn fallback flush
[2026-08-08T07:29:33.856Z] onEndTurn: naturalStop=undefined toolCalls=19 nudgeMsg=no
[2026-08-08T07:29:33.857Z] LiveUpdateForge: EndTurn fallback flush
[2026-08-08T07:29:33.857Z] onEndTurn: naturalStop=false toolCalls=19 nudgeMsg=no
[2026-08-08T07:30:08.410Z] LiveUpdateForge: AfterToolExec flush
[2026-08-08T07:30:08.466Z] InitialReadForge.onBeforeSend: SKIP (fr=true syn=false hasRead=true)
[2026-08-08T07:30:23.417Z] LiveUpdateForge: EndTurn fallback flush
[2026-08-08T07:30:23.417Z] onEndTurn: naturalStop=undefined toolCalls=20 nudgeMsg=no
[2026-08-08T07:30:23.418Z] LiveUpdateForge: EndTurn fallback flush
[2026-08-08T07:30:23.418Z] onEndTurn: naturalStop=true toolCalls=20 nudgeMsg=no
[2026-08-08T07:30:27.432Z] ResumeDiffForge: running checkResumeConsistency
[2026-08-08T07:30:27.433Z] checkResumeConsistency: forgedTimestamps=[]
[2026-08-08T07:30:27.439Z] checkResumeConsistency: no changes detected
[2026-08-08T07:30:27.439Z] LiveUpdateForge: session reset, allowLiveUpdate = false
[2026-08-08T07:30:27.439Z] NudgeForge: ResumeComplete — restoring count from history
[2026-08-08T07:30:27.440Z] restoreNudgeCountFromHistory: found last write at idx=1340 count=20
[2026-08-08T07:30:27.552Z] LiveUpdateForge: allowLiveUpdate = true (first real BeforeSend)
[2026-08-08T07:30:27.553Z] InitialReadForge.onBeforeSend: SKIP (fr=false syn=false hasRead=true)
[2026-08-08T07:30:50.410Z] LiveUpdateForge: EndTurn fallback flush
[2026-08-08T07:30:50.410Z] onEndTurn: naturalStop=undefined toolCalls=20 nudgeMsg=no
[2026-08-08T07:30:50.410Z] LiveUpdateForge: EndTurn fallback flush
[2026-08-08T07:30:50.411Z] onEndTurn: naturalStop=false toolCalls=20 nudgeMsg=no
[2026-08-08T07:31:25.619Z] LiveUpdateForge: AfterToolExec flush
[2026-08-08T07:31:25.682Z] InitialReadForge.onBeforeSend: SKIP (fr=true syn=false hasRead=true)
[2026-08-08T07:31:40.131Z] LiveUpdateForge: EndTurn fallback flush
[2026-08-08T07:31:40.131Z] onEndTurn: naturalStop=undefined toolCalls=21 nudgeMsg=no
[2026-08-08T07:31:40.131Z] LiveUpdateForge: EndTurn fallback flush
[2026-08-08T07:31:40.131Z] onEndTurn: naturalStop=false toolCalls=21 nudgeMsg=no
[2026-08-08T07:31:41.902Z] LiveUpdateForge: AfterToolExec flush
[2026-08-08T07:31:41.964Z] InitialReadForge.onBeforeSend: SKIP (fr=true syn=false hasRead=true)
[2026-08-08T07:31:52.112Z] LiveUpdateForge: EndTurn fallback flush
[2026-08-08T07:31:52.112Z] onEndTurn: naturalStop=undefined toolCalls=22 nudgeMsg=no
[2026-08-08T07:31:52.113Z] LiveUpdateForge: EndTurn fallback flush
[2026-08-08T07:31:52.113Z] onEndTurn: naturalStop=false toolCalls=22 nudgeMsg=no
[2026-08-08T07:31:58.818Z] LiveUpdateForge: AfterToolExec flush
[2026-08-08T07:31:58.869Z] InitialReadForge.onBeforeSend: SKIP (fr=true syn=false hasRead=true)
[2026-08-08T07:32:15.667Z] LiveUpdateForge: EndTurn fallback flush
[2026-08-08T07:32:15.668Z] onEndTurn: naturalStop=undefined toolCalls=23 nudgeMsg=no
[2026-08-08T07:32:15.669Z] LiveUpdateForge: EndTurn fallback flush
[2026-08-08T07:32:15.669Z] onEndTurn: naturalStop=false toolCalls=23 nudgeMsg=no
[2026-08-08T07:32:15.676Z] LiveUpdateForge: AfterToolExec flush
[2026-08-08T07:32:15.721Z] InitialReadForge.onBeforeSend: SKIP (fr=true syn=false hasRead=true)
[2026-08-08T07:32:25.525Z] LiveUpdateForge: EndTurn fallback flush
[2026-08-08T07:32:25.525Z] onEndTurn: naturalStop=undefined toolCalls=24 nudgeMsg=no
[2026-08-08T07:32:25.525Z] LiveUpdateForge: EndTurn fallback flush
[2026-08-08T07:32:25.525Z] onEndTurn: naturalStop=false toolCalls=24 nudgeMsg=no
[2026-08-08T07:32:25.531Z] LiveUpdateForge: AfterToolExec flush
[2026-08-08T07:32:25.577Z] InitialReadForge.onBeforeSend: SKIP (fr=true syn=false hasRead=true)
[2026-08-08T07:33:05.267Z] LiveUpdateForge: EndTurn fallback flush
[2026-08-08T07:33:05.267Z] onEndTurn: naturalStop=undefined toolCalls=25 nudgeMsg=no
[2026-08-08T07:33:05.267Z] LiveUpdateForge: EndTurn fallback flush
[2026-08-08T07:33:05.267Z] onEndTurn: naturalStop=false toolCalls=25 nudgeMsg=no
[2026-08-08T07:33:13.164Z] LiveUpdateForge: AfterToolExec flush
[2026-08-08T07:33:13.211Z] InitialReadForge.onBeforeSend: SKIP (fr=true syn=false hasRead=true)
[2026-08-08T07:33:36.442Z] LiveUpdateForge: EndTurn fallback flush
[2026-08-08T07:33:36.442Z] onEndTurn: naturalStop=undefined toolCalls=26 nudgeMsg=no
[2026-08-08T07:33:36.443Z] LiveUpdateForge: EndTurn fallback flush
[2026-08-08T07:33:36.443Z] onEndTurn: naturalStop=false toolCalls=26 nudgeMsg=no
[2026-08-08T07:33:36.453Z] LiveUpdateForge: AfterToolExec flush
[2026-08-08T07:33:36.503Z] InitialReadForge.onBeforeSend: SKIP (fr=true syn=false hasRead=true)
[2026-08-08T07:33:57.573Z] LiveUpdateForge: EndTurn fallback flush
[2026-08-08T07:33:57.573Z] onEndTurn: naturalStop=undefined toolCalls=27 nudgeMsg=no
[2026-08-08T07:33:57.573Z] LiveUpdateForge: EndTurn fallback flush
[2026-08-08T07:33:57.574Z] onEndTurn: naturalStop=false toolCalls=27 nudgeMsg=no
[2026-08-08T07:33:57.581Z] LiveUpdateForge: AfterToolExec flush
[2026-08-08T07:33:57.631Z] InitialReadForge.onBeforeSend: SKIP (fr=true syn=false hasRead=true)
[2026-08-08T07:34:09.265Z] LiveUpdateForge: EndTurn fallback flush
[2026-08-08T07:34:09.265Z] onEndTurn: naturalStop=undefined toolCalls=28 nudgeMsg=no
[2026-08-08T07:34:09.265Z] LiveUpdateForge: EndTurn fallback flush
[2026-08-08T07:34:09.266Z] onEndTurn: naturalStop=false toolCalls=28 nudgeMsg=no
[2026-08-08T07:34:09.354Z] LiveUpdateForge: AfterToolExec flush
[2026-08-08T07:34:09.405Z] InitialReadForge.onBeforeSend: SKIP (fr=true syn=false hasRead=true)
[2026-08-08T07:34:24.780Z] LiveUpdateForge: EndTurn fallback flush
[2026-08-08T07:34:24.781Z] onEndTurn: naturalStop=undefined toolCalls=29 nudgeMsg=no
[2026-08-08T07:34:24.781Z] LiveUpdateForge: EndTurn fallback flush
[2026-08-08T07:34:24.781Z] onEndTurn: naturalStop=false toolCalls=29 nudgeMsg=no
[2026-08-08T07:34:57.422Z] LiveUpdateForge: AfterToolExec flush
[2026-08-08T07:34:57.486Z] InitialReadForge.onBeforeSend: SKIP (fr=true syn=false hasRead=true)
[2026-08-08T07:35:07.734Z] LiveUpdateForge: EndTurn fallback flush
[2026-08-08T07:35:07.735Z] onEndTurn: naturalStop=undefined toolCalls=30 nudgeMsg=no
[2026-08-08T07:35:07.735Z] LiveUpdateForge: EndTurn fallback flush
[2026-08-08T07:35:07.735Z] onEndTurn: naturalStop=false toolCalls=30 nudgeMsg=no
[2026-08-08T07:35:08.877Z] LiveUpdateForge: AfterToolExec flush
[2026-08-08T07:35:08.932Z] InitialReadForge.onBeforeSend: SKIP (fr=true syn=false hasRead=true)
[2026-08-08T07:35:19.954Z] LiveUpdateForge: EndTurn fallback flush
[2026-08-08T07:35:19.954Z] onEndTurn: naturalStop=undefined toolCalls=31 nudgeMsg=no
[2026-08-08T07:35:19.954Z] LiveUpdateForge: EndTurn fallback flush
[2026-08-08T07:35:19.954Z] onEndTurn: naturalStop=false toolCalls=31 nudgeMsg=no
[2026-08-08T07:35:20.072Z] LiveUpdateForge: AfterToolExec flush
[2026-08-08T07:35:20.120Z] InitialReadForge.onBeforeSend: SKIP (fr=true syn=false hasRead=true)
[2026-08-08T07:35:31.429Z] LiveUpdateForge: EndTurn fallback flush
[2026-08-08T07:35:31.430Z] onEndTurn: naturalStop=undefined toolCalls=32 nudgeMsg=no
[2026-08-08T07:35:31.430Z] LiveUpdateForge: EndTurn fallback flush
[2026-08-08T07:35:31.430Z] onEndTurn: naturalStop=false toolCalls=32 nudgeMsg=no
[2026-08-08T07:35:37.883Z] LiveUpdateForge: AfterToolExec flush
[2026-08-08T07:35:37.945Z] InitialReadForge.onBeforeSend: SKIP (fr=true syn=false hasRead=true)
[2026-08-08T07:35:48.419Z] LiveUpdateForge: EndTurn fallback flush
[2026-08-08T07:35:48.419Z] onEndTurn: naturalStop=undefined toolCalls=33 nudgeMsg=no
[2026-08-08T07:35:48.419Z] LiveUpdateForge: EndTurn fallback flush
[2026-08-08T07:35:48.420Z] onEndTurn: naturalStop=false toolCalls=33 nudgeMsg=no
[2026-08-08T07:35:53.095Z] LiveUpdateForge: AfterToolExec flush
[2026-08-08T07:35:53.142Z] InitialReadForge.onBeforeSend: SKIP (fr=true syn=false hasRead=true)
[2026-08-08T07:36:10.327Z] LiveUpdateForge: EndTurn fallback flush
[2026-08-08T07:36:10.328Z] onEndTurn: naturalStop=undefined toolCalls=34 nudgeMsg=no
[2026-08-08T07:36:10.328Z] LiveUpdateForge: EndTurn fallback flush
[2026-08-08T07:36:10.328Z] onEndTurn: naturalStop=false toolCalls=34 nudgeMsg=no
[2026-08-08T07:36:29.553Z] LiveUpdateForge: AfterToolExec flush
[2026-08-08T07:36:29.607Z] InitialReadForge.onBeforeSend: SKIP (fr=true syn=false hasRead=true)
[2026-08-08T07:37:01.360Z] LiveUpdateForge: EndTurn fallback flush
[2026-08-08T07:37:01.361Z] onEndTurn: naturalStop=undefined toolCalls=35 nudgeMsg=no
[2026-08-08T07:37:01.361Z] LiveUpdateForge: EndTurn fallback flush
[2026-08-08T07:37:01.361Z] onEndTurn: naturalStop=false toolCalls=35 nudgeMsg=no
[2026-08-08T07:37:01.483Z] LiveUpdateForge: AfterToolExec flush
[2026-08-08T07:37:01.535Z] InitialReadForge.onBeforeSend: SKIP (fr=true syn=false hasRead=true)
[2026-08-08T07:37:13.983Z] LiveUpdateForge: EndTurn fallback flush
[2026-08-08T07:37:13.984Z] onEndTurn: naturalStop=undefined toolCalls=36 nudgeMsg=no
[2026-08-08T07:37:13.984Z] LiveUpdateForge: EndTurn fallback flush
[2026-08-08T07:37:13.984Z] onEndTurn: naturalStop=false toolCalls=36 nudgeMsg=no
[2026-08-08T07:37:14.103Z] LiveUpdateForge: AfterToolExec flush
[2026-08-08T07:37:14.163Z] InitialReadForge.onBeforeSend: SKIP (fr=true syn=false hasRead=true)
[2026-08-08T07:37:26.364Z] LiveUpdateForge: EndTurn fallback flush
[2026-08-08T07:37:26.364Z] onEndTurn: naturalStop=undefined toolCalls=37 nudgeMsg=no
[2026-08-08T07:37:26.365Z] LiveUpdateForge: EndTurn fallback flush
[2026-08-08T07:37:26.365Z] onEndTurn: naturalStop=false toolCalls=37 nudgeMsg=no
[2026-08-08T07:37:30.436Z] LiveUpdateForge: AfterToolExec flush
[2026-08-08T07:37:30.494Z] InitialReadForge.onBeforeSend: SKIP (fr=true syn=false hasRead=true)
[2026-08-08T07:37:48.753Z] LiveUpdateForge: EndTurn fallback flush
[2026-08-08T07:37:48.753Z] onEndTurn: naturalStop=undefined toolCalls=38 nudgeMsg=no
[2026-08-08T07:37:48.754Z] LiveUpdateForge: EndTurn fallback flush
[2026-08-08T07:37:48.754Z] onEndTurn: naturalStop=false toolCalls=38 nudgeMsg=no
[2026-08-08T07:38:00.415Z] LiveUpdateForge: AfterToolExec flush
[2026-08-08T07:38:00.473Z] InitialReadForge.onBeforeSend: SKIP (fr=true syn=false hasRead=true)
[2026-08-08T07:38:15.724Z] LiveUpdateForge: EndTurn fallback flush
[2026-08-08T07:38:15.724Z] onEndTurn: naturalStop=undefined toolCalls=39 nudgeMsg=no
[2026-08-08T07:38:15.725Z] LiveUpdateForge: EndTurn fallback flush
[2026-08-08T07:38:15.725Z] onEndTurn: naturalStop=false toolCalls=39 nudgeMsg=no
[2026-08-08T07:38:18.485Z] LiveUpdateForge: AfterToolExec flush
[2026-08-08T07:38:18.549Z] InitialReadForge.onBeforeSend: SKIP (fr=true syn=false hasRead=true)
[2026-08-08T07:38:31.204Z] LiveUpdateForge: EndTurn fallback flush
[2026-08-08T07:38:31.204Z] onEndTurn: naturalStop=undefined toolCalls=40 nudgeMsg=no
[2026-08-08T07:38:31.204Z] LiveUpdateForge: EndTurn fallback flush
[2026-08-08T07:38:31.204Z] onEndTurn: naturalStop=false toolCalls=40 nudgeMsg=no
[2026-08-08T07:38:34.670Z] LiveUpdateForge: AfterToolExec flush
[2026-08-08T07:38:34.745Z] InitialReadForge.onBeforeSend: SKIP (fr=true syn=false hasRead=true)
[2026-08-08T07:38:53.845Z] LiveUpdateForge: EndTurn fallback flush
[2026-08-08T07:38:53.845Z] onEndTurn: naturalStop=undefined toolCalls=41 nudgeMsg=no
[2026-08-08T07:38:53.845Z] LiveUpdateForge: EndTurn fallback flush
[2026-08-08T07:38:53.845Z] onEndTurn: naturalStop=false toolCalls=41 nudgeMsg=no
[2026-08-08T07:38:56.149Z] LiveUpdateForge: AfterToolExec flush
[2026-08-08T07:38:56.219Z] InitialReadForge.onBeforeSend: SKIP (fr=true syn=false hasRead=true)
[2026-08-08T07:39:08.411Z] LiveUpdateForge: EndTurn fallback flush
[2026-08-08T07:39:08.411Z] onEndTurn: naturalStop=undefined toolCalls=42 nudgeMsg=no
[2026-08-08T07:39:08.411Z] LiveUpdateForge: EndTurn fallback flush
[2026-08-08T07:39:08.412Z] onEndTurn: naturalStop=false toolCalls=42 nudgeMsg=no
[2026-08-08T07:39:10.555Z] LiveUpdateForge: AfterToolExec flush
[2026-08-08T07:39:10.622Z] InitialReadForge.onBeforeSend: SKIP (fr=true syn=false hasRead=true)
[2026-08-08T07:39:28.154Z] LiveUpdateForge: EndTurn fallback flush
[2026-08-08T07:39:28.154Z] onEndTurn: naturalStop=undefined toolCalls=43 nudgeMsg=no
[2026-08-08T07:39:28.154Z] LiveUpdateForge: EndTurn fallback flush
[2026-08-08T07:39:28.154Z] onEndTurn: naturalStop=false toolCalls=43 nudgeMsg=no
[2026-08-08T07:39:30.297Z] LiveUpdateForge: AfterToolExec flush
[2026-08-08T07:39:30.363Z] InitialReadForge.onBeforeSend: SKIP (fr=true syn=false hasRead=true)
[2026-08-08T07:40:00.744Z] LiveUpdateForge: EndTurn fallback flush
[2026-08-08T07:40:00.744Z] onEndTurn: naturalStop=undefined toolCalls=44 nudgeMsg=no
[2026-08-08T07:40:00.744Z] LiveUpdateForge: EndTurn fallback flush
[2026-08-08T07:40:00.744Z] onEndTurn: naturalStop=false toolCalls=44 nudgeMsg=no
[2026-08-08T07:40:03.900Z] LiveUpdateForge: AfterToolExec flush
[2026-08-08T07:40:03.976Z] InitialReadForge.onBeforeSend: SKIP (fr=true syn=false hasRead=true)
[2026-08-08T07:40:21.948Z] LiveUpdateForge: EndTurn fallback flush
[2026-08-08T07:40:21.948Z] onEndTurn: naturalStop=undefined toolCalls=45 nudgeMsg=no
[2026-08-08T07:40:21.948Z] LiveUpdateForge: EndTurn fallback flush
[2026-08-08T07:40:21.949Z] onEndTurn: naturalStop=false toolCalls=45 nudgeMsg=no
[2026-08-08T07:40:24.246Z] LiveUpdateForge: AfterToolExec flush
[2026-08-08T07:40:24.318Z] InitialReadForge.onBeforeSend: SKIP (fr=true syn=false hasRead=true)
[2026-08-08T07:40:36.040Z] LiveUpdateForge: EndTurn fallback flush
[2026-08-08T07:40:36.040Z] onEndTurn: naturalStop=undefined toolCalls=46 nudgeMsg=no
[2026-08-08T07:40:36.041Z] LiveUpdateForge: EndTurn fallback flush
[2026-08-08T07:40:36.041Z] onEndTurn: naturalStop=false toolCalls=46 nudgeMsg=no
[2026-08-08T07:40:50.191Z] LiveUpdateForge: AfterToolExec flush
[2026-08-08T07:40:50.264Z] InitialReadForge.onBeforeSend: SKIP (fr=true syn=false hasRead=true)
[2026-08-08T07:41:11.713Z] LiveUpdateForge: EndTurn fallback flush
[2026-08-08T07:41:11.714Z] onEndTurn: naturalStop=undefined toolCalls=47 nudgeMsg=no
[2026-08-08T07:41:11.714Z] LiveUpdateForge: EndTurn fallback flush
[2026-08-08T07:41:11.714Z] onEndTurn: naturalStop=false toolCalls=47 nudgeMsg=no
[2026-08-08T07:41:11.721Z] LiveUpdateForge: AfterToolExec flush
[2026-08-08T07:41:11.781Z] InitialReadForge.onBeforeSend: SKIP (fr=true syn=false hasRead=true)
[2026-08-08T07:41:25.855Z] LiveUpdateForge: EndTurn fallback flush
[2026-08-08T07:41:25.855Z] onEndTurn: naturalStop=undefined toolCalls=48 nudgeMsg=no
[2026-08-08T07:41:25.856Z] LiveUpdateForge: EndTurn fallback flush
[2026-08-08T07:41:25.856Z] onEndTurn: naturalStop=false toolCalls=48 nudgeMsg=no
[2026-08-08T07:41:25.966Z] LiveUpdateForge: AfterToolExec flush
[2026-08-08T07:41:26.021Z] InitialReadForge.onBeforeSend: SKIP (fr=true syn=false hasRead=true)
[2026-08-08T07:41:36.132Z] LiveUpdateForge: EndTurn fallback flush
[2026-08-08T07:41:36.132Z] onEndTurn: naturalStop=undefined toolCalls=49 nudgeMsg=no
[2026-08-08T07:41:36.132Z] LiveUpdateForge: EndTurn fallback flush
[2026-08-08T07:41:36.132Z] onEndTurn: naturalStop=false toolCalls=49 nudgeMsg=no
[2026-08-08T07:42:20.130Z] LiveUpdateForge: AfterToolExec flush
[2026-08-08T07:42:20.198Z] InitialReadForge.onBeforeSend: SKIP (fr=true syn=false hasRead=true)
[2026-08-08T07:42:32.559Z] LiveUpdateForge: EndTurn fallback flush
[2026-08-08T07:42:32.559Z] onEndTurn: naturalStop=undefined toolCalls=50 nudgeMsg=no
[2026-08-08T07:42:32.560Z] LiveUpdateForge: EndTurn fallback flush
[2026-08-08T07:42:32.560Z] onEndTurn: naturalStop=false toolCalls=50 nudgeMsg=no
[2026-08-08T07:42:33.732Z] LiveUpdateForge: AfterToolExec flush
[2026-08-08T07:42:33.798Z] InitialReadForge.onBeforeSend: SKIP (fr=true syn=false hasRead=true)
[2026-08-08T07:42:46.841Z] LiveUpdateForge: EndTurn fallback flush
[2026-08-08T07:42:46.842Z] onEndTurn: naturalStop=undefined toolCalls=51 nudgeMsg=no
[2026-08-08T07:42:46.842Z] LiveUpdateForge: EndTurn fallback flush
[2026-08-08T07:42:46.842Z] onEndTurn: naturalStop=false toolCalls=51 nudgeMsg=no
[2026-08-08T07:42:46.875Z] LiveUpdateForge: AfterToolExec flush
[2026-08-08T07:42:46.941Z] InitialReadForge.onBeforeSend: SKIP (fr=true syn=false hasRead=true)
[2026-08-08T07:42:59.286Z] LiveUpdateForge: EndTurn fallback flush
[2026-08-08T07:42:59.286Z] onEndTurn: naturalStop=undefined toolCalls=52 nudgeMsg=no
[2026-08-08T07:42:59.287Z] LiveUpdateForge: EndTurn fallback flush
[2026-08-08T07:42:59.287Z] onEndTurn: naturalStop=false toolCalls=52 nudgeMsg=no
[2026-08-08T07:43:04.997Z] LiveUpdateForge: AfterToolExec flush
[2026-08-08T07:43:05.067Z] InitialReadForge.onBeforeSend: SKIP (fr=true syn=false hasRead=true)
[2026-08-08T07:43:18.759Z] LiveUpdateForge: EndTurn fallback flush
[2026-08-08T07:43:18.759Z] onEndTurn: naturalStop=undefined toolCalls=53 nudgeMsg=no
[2026-08-08T07:43:18.759Z] LiveUpdateForge: EndTurn fallback flush
[2026-08-08T07:43:18.760Z] onEndTurn: naturalStop=false toolCalls=53 nudgeMsg=no
[2026-08-08T07:44:20.860Z] LiveUpdateForge: AfterToolExec flush
[2026-08-08T07:44:20.928Z] InitialReadForge.onBeforeSend: SKIP (fr=true syn=false hasRead=true)
[2026-08-08T07:44:32.197Z] LiveUpdateForge: EndTurn fallback flush
[2026-08-08T07:44:32.197Z] onEndTurn: naturalStop=undefined toolCalls=54 nudgeMsg=no
[2026-08-08T07:44:32.197Z] LiveUpdateForge: EndTurn fallback flush
[2026-08-08T07:44:32.198Z] onEndTurn: naturalStop=false toolCalls=54 nudgeMsg=no
[2026-08-08T07:44:34.692Z] LiveUpdateForge: AfterToolExec flush
[2026-08-08T07:44:34.769Z] InitialReadForge.onBeforeSend: SKIP (fr=true syn=false hasRead=true)
[2026-08-08T07:44:47.631Z] LiveUpdateForge: EndTurn fallback flush
[2026-08-08T07:44:47.631Z] onEndTurn: naturalStop=undefined toolCalls=55 nudgeMsg=no
[2026-08-08T07:44:47.632Z] LiveUpdateForge: EndTurn fallback flush
[2026-08-08T07:44:47.632Z] onEndTurn: naturalStop=false toolCalls=55 nudgeMsg=no
[2026-08-08T07:44:49.789Z] LiveUpdateForge: AfterToolExec flush
[2026-08-08T07:44:49.865Z] InitialReadForge.onBeforeSend: SKIP (fr=true syn=false hasRead=true)
[2026-08-08T07:45:02.740Z] LiveUpdateForge: EndTurn fallback flush
[2026-08-08T07:45:02.740Z] onEndTurn: naturalStop=undefined toolCalls=56 nudgeMsg=no
[2026-08-08T07:45:02.741Z] LiveUpdateForge: EndTurn fallback flush
[2026-08-08T07:45:02.741Z] onEndTurn: naturalStop=false toolCalls=56 nudgeMsg=no
[2026-08-08T07:45:05.020Z] LiveUpdateForge: AfterToolExec flush
[2026-08-08T07:45:05.098Z] InitialReadForge.onBeforeSend: SKIP (fr=true syn=false hasRead=true)
[2026-08-08T07:45:16.921Z] LiveUpdateForge: EndTurn fallback flush
[2026-08-08T07:45:16.921Z] onEndTurn: naturalStop=undefined toolCalls=57 nudgeMsg=no
[2026-08-08T07:45:16.922Z] LiveUpdateForge: EndTurn fallback flush
[2026-08-08T07:45:16.922Z] onEndTurn: naturalStop=false toolCalls=57 nudgeMsg=no
[2026-08-08T07:45:19.352Z] LiveUpdateForge: AfterToolExec flush
[2026-08-08T07:45:19.417Z] InitialReadForge.onBeforeSend: SKIP (fr=true syn=false hasRead=true)
[2026-08-08T07:45:39.558Z] LiveUpdateForge: EndTurn fallback flush
[2026-08-08T07:45:39.558Z] onEndTurn: naturalStop=undefined toolCalls=58 nudgeMsg=no
[2026-08-08T07:45:39.558Z] LiveUpdateForge: EndTurn fallback flush
[2026-08-08T07:45:39.558Z] onEndTurn: naturalStop=false toolCalls=58 nudgeMsg=no
[2026-08-08T07:45:39.683Z] LiveUpdateForge: AfterToolExec flush
[2026-08-08T07:45:39.764Z] InitialReadForge.onBeforeSend: SKIP (fr=true syn=false hasRead=true)
[2026-08-08T07:45:49.775Z] LiveUpdateForge: EndTurn fallback flush
[2026-08-08T07:45:49.775Z] onEndTurn: naturalStop=undefined toolCalls=59 nudgeMsg=no
[2026-08-08T07:45:49.775Z] LiveUpdateForge: EndTurn fallback flush
[2026-08-08T07:45:49.775Z] onEndTurn: naturalStop=false toolCalls=59 nudgeMsg=no
[2026-08-08T07:45:49.827Z] LiveUpdateForge: AfterToolExec flush
[2026-08-08T07:45:49.886Z] InitialReadForge.onBeforeSend: SKIP (fr=true syn=false hasRead=true)
[2026-08-08T07:46:03.132Z] LiveUpdateForge: EndTurn fallback flush
[2026-08-08T07:46:03.132Z] onEndTurn: naturalStop=undefined toolCalls=60 nudgeMsg=no
[2026-08-08T07:46:03.132Z] LiveUpdateForge: EndTurn fallback flush
[2026-08-08T07:46:03.133Z] onEndTurn: naturalStop=false toolCalls=60 nudgeMsg=no
[2026-08-08T07:46:03.187Z] LiveUpdateForge: AfterToolExec flush
[2026-08-08T07:46:03.243Z] InitialReadForge.onBeforeSend: SKIP (fr=true syn=false hasRead=true)
[2026-08-08T07:46:19.238Z] LiveUpdateForge: EndTurn fallback flush
[2026-08-08T07:46:19.238Z] onEndTurn: naturalStop=undefined toolCalls=61 nudgeMsg=no
[2026-08-08T07:46:19.239Z] LiveUpdateForge: EndTurn fallback flush
[2026-08-08T07:46:19.239Z] onEndTurn: naturalStop=false toolCalls=61 nudgeMsg=no
[2026-08-08T07:46:19.295Z] LiveUpdateForge: AfterToolExec flush
[2026-08-08T07:46:19.355Z] InitialReadForge.onBeforeSend: SKIP (fr=true syn=false hasRead=true)
[2026-08-08T07:46:29.273Z] LiveUpdateForge: EndTurn fallback flush
[2026-08-08T07:46:29.273Z] onEndTurn: naturalStop=undefined toolCalls=62 nudgeMsg=no
[2026-08-08T07:46:29.273Z] LiveUpdateForge: EndTurn fallback flush
[2026-08-08T07:46:29.274Z] onEndTurn: naturalStop=false toolCalls=62 nudgeMsg=no
[2026-08-08T07:46:29.282Z] LiveUpdateForge: AfterToolExec flush
[2026-08-08T07:46:29.343Z] InitialReadForge.onBeforeSend: SKIP (fr=true syn=false hasRead=true)
[2026-08-08T07:46:45.956Z] LiveUpdateForge: EndTurn fallback flush
[2026-08-08T07:46:45.956Z] onEndTurn: naturalStop=undefined toolCalls=63 nudgeMsg=no
[2026-08-08T07:46:45.957Z] LiveUpdateForge: EndTurn fallback flush
[2026-08-08T07:46:45.957Z] onEndTurn: naturalStop=false toolCalls=63 nudgeMsg=no
[2026-08-08T07:46:45.964Z] LiveUpdateForge: AfterToolExec flush
[2026-08-08T07:46:46.033Z] InitialReadForge.onBeforeSend: SKIP (fr=true syn=false hasRead=true)
[2026-08-08T07:47:02.112Z] LiveUpdateForge: EndTurn fallback flush
[2026-08-08T07:47:02.112Z] onEndTurn: naturalStop=undefined toolCalls=64 nudgeMsg=no
[2026-08-08T07:47:02.113Z] LiveUpdateForge: EndTurn fallback flush
[2026-08-08T07:47:02.113Z] onEndTurn: naturalStop=false toolCalls=64 nudgeMsg=no
[2026-08-08T07:47:02.221Z] LiveUpdateForge: AfterToolExec flush
[2026-08-08T07:47:02.272Z] InitialReadForge.onBeforeSend: SKIP (fr=true syn=false hasRead=true)
[2026-08-08T07:47:13.557Z] LiveUpdateForge: EndTurn fallback flush
[2026-08-08T07:47:13.557Z] onEndTurn: naturalStop=undefined toolCalls=65 nudgeMsg=no
[2026-08-08T07:47:13.557Z] LiveUpdateForge: EndTurn fallback flush
[2026-08-08T07:47:13.558Z] onEndTurn: naturalStop=false toolCalls=65 nudgeMsg=no
[2026-08-08T07:47:13.592Z] LiveUpdateForge: AfterToolExec flush
[2026-08-08T07:47:13.640Z] InitialReadForge.onBeforeSend: SKIP (fr=true syn=false hasRead=true)
[2026-08-08T07:47:24.171Z] LiveUpdateForge: EndTurn fallback flush
[2026-08-08T07:47:24.171Z] onEndTurn: naturalStop=undefined toolCalls=66 nudgeMsg=no
[2026-08-08T07:47:24.171Z] LiveUpdateForge: EndTurn fallback flush
[2026-08-08T07:47:24.171Z] onEndTurn: naturalStop=false toolCalls=66 nudgeMsg=no
[2026-08-08T07:47:24.232Z] LiveUpdateForge: AfterToolExec flush
[2026-08-08T07:47:24.278Z] InitialReadForge.onBeforeSend: SKIP (fr=true syn=false hasRead=true)
[2026-08-08T07:47:36.127Z] LiveUpdateForge: EndTurn fallback flush
[2026-08-08T07:47:36.127Z] onEndTurn: naturalStop=undefined toolCalls=67 nudgeMsg=no
[2026-08-08T07:47:36.127Z] LiveUpdateForge: EndTurn fallback flush
[2026-08-08T07:47:36.127Z] onEndTurn: naturalStop=false toolCalls=67 nudgeMsg=no
[2026-08-08T07:47:36.165Z] LiveUpdateForge: AfterToolExec flush
[2026-08-08T07:47:36.214Z] InitialReadForge.onBeforeSend: SKIP (fr=true syn=false hasRead=true)
[2026-08-08T07:47:48.250Z] LiveUpdateForge: EndTurn fallback flush
[2026-08-08T07:47:48.250Z] onEndTurn: naturalStop=undefined toolCalls=68 nudgeMsg=no
[2026-08-08T07:47:48.250Z] LiveUpdateForge: EndTurn fallback flush
[2026-08-08T07:47:48.251Z] onEndTurn: naturalStop=false toolCalls=68 nudgeMsg=no
[2026-08-08T07:47:48.286Z] LiveUpdateForge: AfterToolExec flush
[2026-08-08T07:47:48.331Z] InitialReadForge.onBeforeSend: SKIP (fr=true syn=false hasRead=true)
[2026-08-08T07:47:57.897Z] LiveUpdateForge: EndTurn fallback flush
[2026-08-08T07:47:57.897Z] onEndTurn: naturalStop=undefined toolCalls=69 nudgeMsg=no
[2026-08-08T07:47:57.898Z] LiveUpdateForge: EndTurn fallback flush
[2026-08-08T07:47:57.898Z] onEndTurn: naturalStop=false toolCalls=69 nudgeMsg=no
[2026-08-08T07:47:57.931Z] LiveUpdateForge: AfterToolExec flush
[2026-08-08T07:47:57.982Z] InitialReadForge.onBeforeSend: SKIP (fr=true syn=false hasRead=true)
[2026-08-08T07:48:08.899Z] LiveUpdateForge: EndTurn fallback flush
[2026-08-08T07:48:08.899Z] onEndTurn: naturalStop=undefined toolCalls=70 nudgeMsg=no
[2026-08-08T07:48:08.900Z] LiveUpdateForge: EndTurn fallback flush
[2026-08-08T07:48:08.900Z] onEndTurn: naturalStop=false toolCalls=70 nudgeMsg=no
[2026-08-08T07:48:08.939Z] LiveUpdateForge: AfterToolExec flush
[2026-08-08T07:48:08.990Z] InitialReadForge.onBeforeSend: SKIP (fr=true syn=false hasRead=true)
[2026-08-08T07:48:18.602Z] LiveUpdateForge: EndTurn fallback flush
[2026-08-08T07:48:18.602Z] onEndTurn: naturalStop=undefined toolCalls=71 nudgeMsg=no
[2026-08-08T07:48:18.603Z] LiveUpdateForge: EndTurn fallback flush
[2026-08-08T07:48:18.603Z] onEndTurn: naturalStop=false toolCalls=71 nudgeMsg=no
[2026-08-08T07:48:18.729Z] LiveUpdateForge: AfterToolExec flush
[2026-08-08T07:48:18.779Z] InitialReadForge.onBeforeSend: SKIP (fr=true syn=false hasRead=true)
[2026-08-08T07:48:28.962Z] LiveUpdateForge: EndTurn fallback flush
[2026-08-08T07:48:28.962Z] onEndTurn: naturalStop=undefined toolCalls=72 nudgeMsg=no
[2026-08-08T07:48:28.963Z] LiveUpdateForge: EndTurn fallback flush
[2026-08-08T07:48:28.963Z] onEndTurn: naturalStop=false toolCalls=72 nudgeMsg=no
[2026-08-08T07:48:29.022Z] LiveUpdateForge: AfterToolExec flush
[2026-08-08T07:48:29.068Z] InitialReadForge.onBeforeSend: SKIP (fr=true syn=false hasRead=true)
[2026-08-08T07:48:39.323Z] LiveUpdateForge: EndTurn fallback flush
[2026-08-08T07:48:39.323Z] onEndTurn: naturalStop=undefined toolCalls=73 nudgeMsg=no
[2026-08-08T07:48:39.323Z] LiveUpdateForge: EndTurn fallback flush
[2026-08-08T07:48:39.324Z] onEndTurn: naturalStop=false toolCalls=73 nudgeMsg=no
[2026-08-08T07:48:39.332Z] LiveUpdateForge: AfterToolExec flush
[2026-08-08T07:48:39.398Z] InitialReadForge.onBeforeSend: SKIP (fr=true syn=false hasRead=true)
[2026-08-08T07:48:49.365Z] LiveUpdateForge: EndTurn fallback flush
[2026-08-08T07:48:49.366Z] onEndTurn: naturalStop=undefined toolCalls=74 nudgeMsg=no
[2026-08-08T07:48:49.366Z] LiveUpdateForge: EndTurn fallback flush
[2026-08-08T07:48:49.366Z] onEndTurn: naturalStop=false toolCalls=74 nudgeMsg=no
[2026-08-08T07:48:49.372Z] LiveUpdateForge: AfterToolExec flush
[2026-08-08T07:48:49.428Z] InitialReadForge.onBeforeSend: SKIP (fr=true syn=false hasRead=true)
[2026-08-08T07:49:02.584Z] LiveUpdateForge: EndTurn fallback flush
[2026-08-08T07:49:02.584Z] onEndTurn: naturalStop=undefined toolCalls=75 nudgeMsg=no
[2026-08-08T07:49:02.585Z] LiveUpdateForge: EndTurn fallback flush
[2026-08-08T07:49:02.585Z] onEndTurn: naturalStop=false toolCalls=75 nudgeMsg=no
[2026-08-08T07:49:02.592Z] LiveUpdateForge: AfterToolExec flush
[2026-08-08T07:49:02.653Z] InitialReadForge.onBeforeSend: SKIP (fr=true syn=false hasRead=true)
[2026-08-08T07:49:15.493Z] LiveUpdateForge: EndTurn fallback flush
[2026-08-08T07:49:15.493Z] onEndTurn: naturalStop=undefined toolCalls=76 nudgeMsg=no
[2026-08-08T07:49:15.493Z] LiveUpdateForge: EndTurn fallback flush
[2026-08-08T07:49:15.493Z] onEndTurn: naturalStop=false toolCalls=76 nudgeMsg=no
[2026-08-08T07:49:15.592Z] LiveUpdateForge: AfterToolExec flush
[2026-08-08T07:49:15.655Z] InitialReadForge.onBeforeSend: SKIP (fr=true syn=false hasRead=true)
[2026-08-08T07:49:26.005Z] LiveUpdateForge: EndTurn fallback flush
[2026-08-08T07:49:26.005Z] onEndTurn: naturalStop=undefined toolCalls=77 nudgeMsg=no
[2026-08-08T07:49:26.005Z] LiveUpdateForge: EndTurn fallback flush
[2026-08-08T07:49:26.006Z] onEndTurn: naturalStop=false toolCalls=77 nudgeMsg=no
[2026-08-08T07:50:04.337Z] LiveUpdateForge: AfterToolExec flush
[2026-08-08T07:50:04.411Z] InitialReadForge.onBeforeSend: SKIP (fr=true syn=false hasRead=true)
[2026-08-08T07:50:19.005Z] LiveUpdateForge: EndTurn fallback flush
[2026-08-08T07:50:19.005Z] onEndTurn: naturalStop=undefined toolCalls=78 nudgeMsg=no
[2026-08-08T07:50:19.006Z] LiveUpdateForge: EndTurn fallback flush
[2026-08-08T07:50:19.006Z] onEndTurn: naturalStop=false toolCalls=78 nudgeMsg=no
[2026-08-08T07:50:21.693Z] LiveUpdateForge: AfterToolExec flush
[2026-08-08T07:50:21.771Z] InitialReadForge.onBeforeSend: SKIP (fr=true syn=false hasRead=true)
[2026-08-08T07:50:32.969Z] LiveUpdateForge: EndTurn fallback flush
[2026-08-08T07:50:32.970Z] onEndTurn: naturalStop=undefined toolCalls=79 nudgeMsg=no
[2026-08-08T07:50:32.970Z] LiveUpdateForge: EndTurn fallback flush
[2026-08-08T07:50:32.970Z] onEndTurn: naturalStop=false toolCalls=79 nudgeMsg=no
[2026-08-08T07:50:33.024Z] LiveUpdateForge: AfterToolExec flush
[2026-08-08T07:50:33.084Z] InitialReadForge.onBeforeSend: SKIP (fr=true syn=false hasRead=true)
[2026-08-08T07:50:45.996Z] LiveUpdateForge: EndTurn fallback flush
[2026-08-08T07:50:45.996Z] onEndTurn: naturalStop=undefined toolCalls=80 nudgeMsg=no
[2026-08-08T07:50:45.996Z] LiveUpdateForge: EndTurn fallback flush
[2026-08-08T07:50:45.997Z] onEndTurn: naturalStop=false toolCalls=80 nudgeMsg=no
[2026-08-08T07:50:50.116Z] LiveUpdateForge: AfterToolExec flush
[2026-08-08T07:50:50.197Z] InitialReadForge.onBeforeSend: SKIP (fr=true syn=false hasRead=true)
[2026-08-08T07:51:02.270Z] LiveUpdateForge: EndTurn fallback flush
[2026-08-08T07:51:02.270Z] onEndTurn: naturalStop=undefined toolCalls=81 nudgeMsg=no
[2026-08-08T07:51:02.270Z] LiveUpdateForge: EndTurn fallback flush
[2026-08-08T07:51:02.270Z] onEndTurn: naturalStop=false toolCalls=81 nudgeMsg=no
[2026-08-08T07:51:08.217Z] LiveUpdateForge: AfterToolExec flush
[2026-08-08T07:51:08.301Z] InitialReadForge.onBeforeSend: SKIP (fr=true syn=false hasRead=true)
[2026-08-08T07:51:20.043Z] LiveUpdateForge: EndTurn fallback flush
[2026-08-08T07:51:20.043Z] onEndTurn: naturalStop=undefined toolCalls=82 nudgeMsg=no
[2026-08-08T07:51:20.043Z] LiveUpdateForge: EndTurn fallback flush
[2026-08-08T07:51:20.043Z] onEndTurn: naturalStop=false toolCalls=82 nudgeMsg=no
[2026-08-08T07:52:51.942Z] LiveUpdateForge: AfterToolExec flush
[2026-08-08T07:52:52.016Z] InitialReadForge.onBeforeSend: SKIP (fr=true syn=false hasRead=true)
[2026-08-08T07:53:05.286Z] LiveUpdateForge: EndTurn fallback flush
[2026-08-08T07:53:05.286Z] onEndTurn: naturalStop=undefined toolCalls=83 nudgeMsg=no
[2026-08-08T07:53:05.286Z] LiveUpdateForge: EndTurn fallback flush
[2026-08-08T07:53:05.287Z] onEndTurn: naturalStop=false toolCalls=83 nudgeMsg=no
[2026-08-08T07:53:07.627Z] LiveUpdateForge: AfterToolExec flush
[2026-08-08T07:53:07.697Z] InitialReadForge.onBeforeSend: SKIP (fr=true syn=false hasRead=true)
[2026-08-08T07:53:22.307Z] LiveUpdateForge: EndTurn fallback flush
[2026-08-08T07:53:22.307Z] onEndTurn: naturalStop=undefined toolCalls=84 nudgeMsg=no
[2026-08-08T07:53:22.308Z] LiveUpdateForge: EndTurn fallback flush
[2026-08-08T07:53:22.308Z] onEndTurn: naturalStop=false toolCalls=84 nudgeMsg=no
[2026-08-08T07:55:24.386Z] LiveUpdateForge: AfterToolExec flush
[2026-08-08T07:55:24.461Z] InitialReadForge.onBeforeSend: SKIP (fr=true syn=false hasRead=true)
[2026-08-08T07:55:36.789Z] LiveUpdateForge: EndTurn fallback flush
[2026-08-08T07:55:36.789Z] onEndTurn: naturalStop=undefined toolCalls=85 nudgeMsg=no
[2026-08-08T07:55:36.789Z] LiveUpdateForge: EndTurn fallback flush
[2026-08-08T07:55:36.789Z] onEndTurn: naturalStop=false toolCalls=85 nudgeMsg=no
[2026-08-08T07:55:39.443Z] LiveUpdateForge: AfterToolExec flush
[2026-08-08T07:55:39.515Z] InitialReadForge.onBeforeSend: SKIP (fr=true syn=false hasRead=true)
[2026-08-08T07:55:56.664Z] LiveUpdateForge: EndTurn fallback flush
[2026-08-08T07:55:56.664Z] onEndTurn: naturalStop=undefined toolCalls=86 nudgeMsg=no
[2026-08-08T07:55:56.664Z] LiveUpdateForge: EndTurn fallback flush
[2026-08-08T07:55:56.665Z] onEndTurn: naturalStop=false toolCalls=86 nudgeMsg=no
[2026-08-08T07:55:56.680Z] LiveUpdateForge: self-write on D:\xm\CacheHub\CODELY.md, baseline aligned
[2026-08-08T07:55:56.681Z] LiveUpdateForge: AfterToolExec flush
[2026-08-08T07:55:56.742Z] InitialReadForge.onBeforeSend: SKIP (fr=true syn=false hasRead=true)
[2026-08-08T07:56:10.585Z] LiveUpdateForge: EndTurn fallback flush
[2026-08-08T07:56:10.585Z] onEndTurn: naturalStop=undefined toolCalls=0 nudgeMsg=no
[2026-08-08T07:56:10.586Z] LiveUpdateForge: EndTurn fallback flush
[2026-08-08T07:56:10.586Z] onEndTurn: naturalStop=true toolCalls=0 nudgeMsg=no
[2026-08-08T07:56:35.571Z] ResumeDiffForge: running checkResumeConsistency
[2026-08-08T07:56:35.571Z] checkResumeConsistency: forgedTimestamps=[]
[2026-08-08T07:56:35.583Z] checkResumeConsistency: no changes detected
[2026-08-08T07:56:35.583Z] LiveUpdateForge: session reset, allowLiveUpdate = false
[2026-08-08T07:56:35.583Z] NudgeForge: ResumeComplete — restoring count from history
[2026-08-08T07:56:35.584Z] restoreNudgeCountFromHistory: found last write at idx=1520 count=0
[2026-08-08T07:56:35.690Z] LiveUpdateForge: allowLiveUpdate = true (first real BeforeSend)
[2026-08-08T07:56:35.691Z] InitialReadForge.onBeforeSend: SKIP (fr=false syn=false hasRead=true)
[2026-08-08T07:56:48.735Z] LiveUpdateForge: EndTurn fallback flush
[2026-08-08T07:56:48.735Z] onEndTurn: naturalStop=undefined toolCalls=0 nudgeMsg=no
[2026-08-08T07:56:48.735Z] LiveUpdateForge: EndTurn fallback flush
[2026-08-08T07:56:48.736Z] onEndTurn: naturalStop=false toolCalls=0 nudgeMsg=no
[2026-08-08T07:57:30.175Z] LiveUpdateForge: AfterToolExec flush
[2026-08-08T07:57:30.232Z] InitialReadForge.onBeforeSend: SKIP (fr=true syn=false hasRead=true)
[2026-08-08T07:57:44.477Z] LiveUpdateForge: EndTurn fallback flush
[2026-08-08T07:57:44.477Z] onEndTurn: naturalStop=undefined toolCalls=1 nudgeMsg=no
[2026-08-08T07:57:44.477Z] LiveUpdateForge: EndTurn fallback flush
[2026-08-08T07:57:44.477Z] onEndTurn: naturalStop=false toolCalls=1 nudgeMsg=no
[2026-08-08T07:57:46.918Z] LiveUpdateForge: AfterToolExec flush
[2026-08-08T07:57:46.974Z] InitialReadForge.onBeforeSend: SKIP (fr=true syn=false hasRead=true)
[2026-08-08T07:58:02.177Z] LiveUpdateForge: EndTurn fallback flush
[2026-08-08T07:58:02.178Z] onEndTurn: naturalStop=undefined toolCalls=2 nudgeMsg=no
[2026-08-08T07:58:02.178Z] LiveUpdateForge: EndTurn fallback flush
[2026-08-08T07:58:02.178Z] onEndTurn: naturalStop=false toolCalls=2 nudgeMsg=no
[2026-08-08T07:58:03.663Z] LiveUpdateForge: AfterToolExec flush
[2026-08-08T07:58:03.718Z] InitialReadForge.onBeforeSend: SKIP (fr=true syn=false hasRead=true)
[2026-08-08T07:58:14.315Z] LiveUpdateForge: EndTurn fallback flush
[2026-08-08T07:58:14.316Z] onEndTurn: naturalStop=undefined toolCalls=3 nudgeMsg=no
[2026-08-08T07:58:14.316Z] LiveUpdateForge: EndTurn fallback flush
[2026-08-08T07:58:14.316Z] onEndTurn: naturalStop=false toolCalls=3 nudgeMsg=no
[2026-08-08T07:58:16.318Z] LiveUpdateForge: AfterToolExec flush
[2026-08-08T07:58:16.370Z] InitialReadForge.onBeforeSend: SKIP (fr=true syn=false hasRead=true)
[2026-08-08T07:58:29.626Z] LiveUpdateForge: EndTurn fallback flush
[2026-08-08T07:58:29.627Z] onEndTurn: naturalStop=undefined toolCalls=4 nudgeMsg=no
[2026-08-08T07:58:29.627Z] LiveUpdateForge: EndTurn fallback flush
[2026-08-08T07:58:29.628Z] onEndTurn: naturalStop=false toolCalls=4 nudgeMsg=no
[2026-08-08T07:58:35.418Z] LiveUpdateForge: AfterToolExec flush
[2026-08-08T07:58:35.477Z] InitialReadForge.onBeforeSend: SKIP (fr=true syn=false hasRead=true)
[2026-08-08T07:58:52.919Z] LiveUpdateForge: EndTurn fallback flush
[2026-08-08T07:58:52.919Z] onEndTurn: naturalStop=undefined toolCalls=5 nudgeMsg=no
[2026-08-08T07:58:52.919Z] LiveUpdateForge: EndTurn fallback flush
[2026-08-08T07:58:52.919Z] onEndTurn: naturalStop=false toolCalls=5 nudgeMsg=no
[2026-08-08T07:58:57.464Z] LiveUpdateForge: AfterToolExec flush
[2026-08-08T07:58:57.523Z] InitialReadForge.onBeforeSend: SKIP (fr=true syn=false hasRead=true)
[2026-08-08T07:59:24.520Z] LiveUpdateForge: EndTurn fallback flush
[2026-08-08T07:59:24.520Z] onEndTurn: naturalStop=undefined toolCalls=6 nudgeMsg=no
[2026-08-08T07:59:24.521Z] LiveUpdateForge: EndTurn fallback flush
[2026-08-08T07:59:24.521Z] onEndTurn: naturalStop=false toolCalls=6 nudgeMsg=no
[2026-08-08T07:59:29.226Z] LiveUpdateForge: AfterToolExec flush
[2026-08-08T07:59:29.283Z] InitialReadForge.onBeforeSend: SKIP (fr=true syn=false hasRead=true)
[2026-08-08T07:59:44.737Z] LiveUpdateForge: EndTurn fallback flush
[2026-08-08T07:59:44.737Z] onEndTurn: naturalStop=undefined toolCalls=7 nudgeMsg=no
[2026-08-08T07:59:44.738Z] LiveUpdateForge: EndTurn fallback flush
[2026-08-08T07:59:44.738Z] onEndTurn: naturalStop=false toolCalls=7 nudgeMsg=no
[2026-08-08T07:59:54.982Z] LiveUpdateForge: AfterToolExec flush
[2026-08-08T07:59:55.050Z] InitialReadForge.onBeforeSend: SKIP (fr=true syn=false hasRead=true)
[2026-08-08T08:00:06.245Z] LiveUpdateForge: EndTurn fallback flush
[2026-08-08T08:00:06.245Z] onEndTurn: naturalStop=undefined toolCalls=8 nudgeMsg=no
[2026-08-08T08:00:06.246Z] LiveUpdateForge: EndTurn fallback flush
[2026-08-08T08:00:06.246Z] onEndTurn: naturalStop=false toolCalls=8 nudgeMsg=no
[2026-08-08T08:00:10.353Z] LiveUpdateForge: AfterToolExec flush
[2026-08-08T08:00:10.418Z] InitialReadForge.onBeforeSend: SKIP (fr=true syn=false hasRead=true)
[2026-08-08T08:00:25.141Z] LiveUpdateForge: EndTurn fallback flush
[2026-08-08T08:00:25.142Z] onEndTurn: naturalStop=undefined toolCalls=9 nudgeMsg=no
[2026-08-08T08:00:25.142Z] LiveUpdateForge: EndTurn fallback flush
[2026-08-08T08:00:25.143Z] onEndTurn: naturalStop=false toolCalls=9 nudgeMsg=no
[2026-08-08T08:00:25.151Z] LiveUpdateForge: AfterToolExec flush
[2026-08-08T08:00:25.203Z] InitialReadForge.onBeforeSend: SKIP (fr=true syn=false hasRead=true)
[2026-08-08T08:00:41.270Z] LiveUpdateForge: EndTurn fallback flush
[2026-08-08T08:00:41.270Z] onEndTurn: naturalStop=undefined toolCalls=10 nudgeMsg=no
[2026-08-08T08:00:41.271Z] LiveUpdateForge: EndTurn fallback flush
[2026-08-08T08:00:41.271Z] onEndTurn: naturalStop=false toolCalls=10 nudgeMsg=no
[2026-08-08T08:00:41.362Z] LiveUpdateForge: AfterToolExec flush
[2026-08-08T08:00:41.413Z] InitialReadForge.onBeforeSend: SKIP (fr=true syn=false hasRead=true)
[2026-08-08T08:00:53.253Z] LiveUpdateForge: EndTurn fallback flush
[2026-08-08T08:00:53.254Z] onEndTurn: naturalStop=undefined toolCalls=11 nudgeMsg=no
[2026-08-08T08:00:53.254Z] LiveUpdateForge: EndTurn fallback flush
[2026-08-08T08:00:53.254Z] onEndTurn: naturalStop=false toolCalls=11 nudgeMsg=no
[2026-08-08T08:00:53.507Z] LiveUpdateForge: AfterToolExec flush
[2026-08-08T08:00:53.556Z] InitialReadForge.onBeforeSend: SKIP (fr=true syn=false hasRead=true)
[2026-08-08T08:01:04.474Z] LiveUpdateForge: EndTurn fallback flush
[2026-08-08T08:01:04.474Z] onEndTurn: naturalStop=undefined toolCalls=12 nudgeMsg=no
[2026-08-08T08:01:04.475Z] LiveUpdateForge: EndTurn fallback flush
[2026-08-08T08:01:04.475Z] onEndTurn: naturalStop=false toolCalls=12 nudgeMsg=no
[2026-08-08T08:01:04.524Z] LiveUpdateForge: AfterToolExec flush
[2026-08-08T08:01:04.577Z] InitialReadForge.onBeforeSend: SKIP (fr=true syn=false hasRead=true)
[2026-08-08T08:01:13.739Z] LiveUpdateForge: EndTurn fallback flush
[2026-08-08T08:01:13.739Z] onEndTurn: naturalStop=undefined toolCalls=13 nudgeMsg=no
[2026-08-08T08:01:13.739Z] LiveUpdateForge: EndTurn fallback flush
[2026-08-08T08:01:13.740Z] onEndTurn: naturalStop=false toolCalls=13 nudgeMsg=no
[2026-08-08T08:01:13.747Z] LiveUpdateForge: AfterToolExec flush
[2026-08-08T08:01:13.804Z] InitialReadForge.onBeforeSend: SKIP (fr=true syn=false hasRead=true)
[2026-08-08T08:01:25.183Z] LiveUpdateForge: EndTurn fallback flush
[2026-08-08T08:01:25.184Z] onEndTurn: naturalStop=undefined toolCalls=14 nudgeMsg=no
[2026-08-08T08:01:25.184Z] LiveUpdateForge: EndTurn fallback flush
[2026-08-08T08:01:25.184Z] onEndTurn: naturalStop=false toolCalls=14 nudgeMsg=no
[2026-08-08T08:01:25.305Z] LiveUpdateForge: AfterToolExec flush
[2026-08-08T08:01:25.357Z] InitialReadForge.onBeforeSend: SKIP (fr=true syn=false hasRead=true)
[2026-08-08T08:01:35.517Z] LiveUpdateForge: EndTurn fallback flush
[2026-08-08T08:01:35.517Z] onEndTurn: naturalStop=undefined toolCalls=15 nudgeMsg=no
[2026-08-08T08:01:35.518Z] LiveUpdateForge: EndTurn fallback flush
[2026-08-08T08:01:35.519Z] onEndTurn: naturalStop=false toolCalls=15 nudgeMsg=no
[2026-08-08T08:02:11.665Z] LiveUpdateForge: AfterToolExec flush
[2026-08-08T08:02:11.729Z] InitialReadForge.onBeforeSend: SKIP (fr=true syn=false hasRead=true)
[2026-08-08T08:02:23.853Z] LiveUpdateForge: EndTurn fallback flush
[2026-08-08T08:02:23.854Z] onEndTurn: naturalStop=undefined toolCalls=16 nudgeMsg=no
[2026-08-08T08:02:23.854Z] LiveUpdateForge: EndTurn fallback flush
[2026-08-08T08:02:23.854Z] onEndTurn: naturalStop=false toolCalls=16 nudgeMsg=no
[2026-08-08T08:02:27.925Z] LiveUpdateForge: AfterToolExec flush
[2026-08-08T08:02:27.989Z] InitialReadForge.onBeforeSend: SKIP (fr=true syn=false hasRead=true)
[2026-08-08T08:02:42.905Z] LiveUpdateForge: EndTurn fallback flush
[2026-08-08T08:02:42.906Z] onEndTurn: naturalStop=undefined toolCalls=17 nudgeMsg=no
[2026-08-08T08:02:42.906Z] LiveUpdateForge: EndTurn fallback flush
[2026-08-08T08:02:42.906Z] onEndTurn: naturalStop=false toolCalls=17 nudgeMsg=no
[2026-08-08T08:02:42.956Z] LiveUpdateForge: AfterToolExec flush
[2026-08-08T08:02:43.010Z] InitialReadForge.onBeforeSend: SKIP (fr=true syn=false hasRead=true)
[2026-08-08T08:02:53.347Z] LiveUpdateForge: EndTurn fallback flush
[2026-08-08T08:02:53.348Z] onEndTurn: naturalStop=undefined toolCalls=18 nudgeMsg=no
[2026-08-08T08:02:53.348Z] LiveUpdateForge: EndTurn fallback flush
[2026-08-08T08:02:53.348Z] onEndTurn: naturalStop=false toolCalls=18 nudgeMsg=no
[2026-08-08T08:02:53.356Z] LiveUpdateForge: AfterToolExec flush
[2026-08-08T08:02:53.416Z] InitialReadForge.onBeforeSend: SKIP (fr=true syn=false hasRead=true)
[2026-08-08T08:03:10.379Z] LiveUpdateForge: EndTurn fallback flush
[2026-08-08T08:03:10.379Z] onEndTurn: naturalStop=undefined toolCalls=19 nudgeMsg=no
[2026-08-08T08:03:10.379Z] LiveUpdateForge: EndTurn fallback flush
[2026-08-08T08:03:10.380Z] onEndTurn: naturalStop=false toolCalls=19 nudgeMsg=no
[2026-08-08T08:03:10.420Z] LiveUpdateForge: AfterToolExec flush
[2026-08-08T08:03:10.477Z] InitialReadForge.onBeforeSend: SKIP (fr=true syn=false hasRead=true)
[2026-08-08T08:03:20.882Z] LiveUpdateForge: EndTurn fallback flush
[2026-08-08T08:03:20.883Z] onEndTurn: naturalStop=undefined toolCalls=20 nudgeMsg=no
[2026-08-08T08:03:20.883Z] LiveUpdateForge: EndTurn fallback flush
[2026-08-08T08:03:20.883Z] onEndTurn: naturalStop=false toolCalls=20 nudgeMsg=no
[2026-08-08T08:03:54.958Z] LiveUpdateForge: AfterToolExec flush
[2026-08-08T08:03:55.031Z] InitialReadForge.onBeforeSend: SKIP (fr=true syn=false hasRead=true)
[2026-08-08T08:04:05.188Z] LiveUpdateForge: EndTurn fallback flush
[2026-08-08T08:04:05.188Z] onEndTurn: naturalStop=undefined toolCalls=21 nudgeMsg=no
[2026-08-08T08:04:05.188Z] LiveUpdateForge: EndTurn fallback flush
[2026-08-08T08:04:05.189Z] onEndTurn: naturalStop=false toolCalls=21 nudgeMsg=no
[2026-08-08T08:04:06.362Z] LiveUpdateForge: AfterToolExec flush
[2026-08-08T08:04:06.425Z] InitialReadForge.onBeforeSend: SKIP (fr=true syn=false hasRead=true)
[2026-08-08T08:04:21.117Z] LiveUpdateForge: EndTurn fallback flush
[2026-08-08T08:04:21.118Z] onEndTurn: naturalStop=undefined toolCalls=22 nudgeMsg=no
[2026-08-08T08:04:21.118Z] LiveUpdateForge: EndTurn fallback flush
[2026-08-08T08:04:21.118Z] onEndTurn: naturalStop=false toolCalls=22 nudgeMsg=no
[2026-08-08T08:04:21.214Z] LiveUpdateForge: AfterToolExec flush
[2026-08-08T08:04:21.270Z] InitialReadForge.onBeforeSend: SKIP (fr=true syn=false hasRead=true)
[2026-08-08T08:04:32.029Z] LiveUpdateForge: EndTurn fallback flush
[2026-08-08T08:04:32.029Z] onEndTurn: naturalStop=undefined toolCalls=23 nudgeMsg=no
[2026-08-08T08:04:32.029Z] LiveUpdateForge: EndTurn fallback flush
[2026-08-08T08:04:32.030Z] onEndTurn: naturalStop=false toolCalls=23 nudgeMsg=no
[2026-08-08T08:04:39.550Z] LiveUpdateForge: AfterToolExec flush
[2026-08-08T08:04:39.623Z] InitialReadForge.onBeforeSend: SKIP (fr=true syn=false hasRead=true)
[2026-08-08T08:04:57.327Z] LiveUpdateForge: EndTurn fallback flush
[2026-08-08T08:04:57.328Z] onEndTurn: naturalStop=undefined toolCalls=24 nudgeMsg=no
[2026-08-08T08:04:57.328Z] LiveUpdateForge: EndTurn fallback flush
[2026-08-08T08:04:57.328Z] onEndTurn: naturalStop=false toolCalls=24 nudgeMsg=no
[2026-08-08T08:06:29.658Z] LiveUpdateForge: AfterToolExec flush
[2026-08-08T08:06:29.731Z] InitialReadForge.onBeforeSend: SKIP (fr=true syn=false hasRead=true)
[2026-08-08T08:06:42.750Z] LiveUpdateForge: EndTurn fallback flush
[2026-08-08T08:06:42.750Z] onEndTurn: naturalStop=undefined toolCalls=25 nudgeMsg=no
[2026-08-08T08:06:42.751Z] LiveUpdateForge: EndTurn fallback flush
[2026-08-08T08:06:42.751Z] onEndTurn: naturalStop=false toolCalls=25 nudgeMsg=no
[2026-08-08T08:06:42.852Z] LiveUpdateForge: AfterToolExec flush
[2026-08-08T08:06:42.902Z] InitialReadForge.onBeforeSend: SKIP (fr=true syn=false hasRead=true)
[2026-08-08T08:06:58.944Z] LiveUpdateForge: EndTurn fallback flush
[2026-08-08T08:06:58.944Z] onEndTurn: naturalStop=undefined toolCalls=26 nudgeMsg=no
[2026-08-08T08:06:58.944Z] LiveUpdateForge: EndTurn fallback flush
[2026-08-08T08:06:58.944Z] onEndTurn: naturalStop=false toolCalls=26 nudgeMsg=no
[2026-08-08T08:07:01.368Z] LiveUpdateForge: AfterToolExec flush
[2026-08-08T08:07:01.438Z] InitialReadForge.onBeforeSend: SKIP (fr=true syn=false hasRead=true)
[2026-08-08T08:07:12.737Z] LiveUpdateForge: EndTurn fallback flush
[2026-08-08T08:07:12.737Z] onEndTurn: naturalStop=undefined toolCalls=27 nudgeMsg=no
[2026-08-08T08:07:12.738Z] LiveUpdateForge: EndTurn fallback flush
[2026-08-08T08:07:12.739Z] onEndTurn: naturalStop=false toolCalls=27 nudgeMsg=no
[2026-08-08T08:08:15.758Z] LiveUpdateForge: AfterToolExec flush
[2026-08-08T08:08:15.841Z] InitialReadForge.onBeforeSend: SKIP (fr=true syn=false hasRead=true)
[2026-08-08T08:08:27.782Z] LiveUpdateForge: EndTurn fallback flush
[2026-08-08T08:08:27.782Z] onEndTurn: naturalStop=undefined toolCalls=28 nudgeMsg=no
[2026-08-08T08:08:27.783Z] LiveUpdateForge: EndTurn fallback flush
[2026-08-08T08:08:27.783Z] onEndTurn: naturalStop=false toolCalls=28 nudgeMsg=no
[2026-08-08T08:09:30.843Z] LiveUpdateForge: AfterToolExec flush
[2026-08-08T08:09:30.912Z] InitialReadForge.onBeforeSend: SKIP (fr=true syn=false hasRead=true)
[2026-08-08T08:09:48.364Z] LiveUpdateForge: EndTurn fallback flush
[2026-08-08T08:09:48.365Z] onEndTurn: naturalStop=undefined toolCalls=29 nudgeMsg=no
[2026-08-08T08:09:48.365Z] LiveUpdateForge: EndTurn fallback flush
[2026-08-08T08:09:48.365Z] onEndTurn: naturalStop=true toolCalls=29 nudgeMsg=no
[2026-08-08T08:09:51.574Z] ResumeDiffForge: running checkResumeConsistency
[2026-08-08T08:09:51.575Z] checkResumeConsistency: forgedTimestamps=[]
[2026-08-08T08:09:51.580Z] checkResumeConsistency: no changes detected
[2026-08-08T08:09:51.580Z] LiveUpdateForge: session reset, allowLiveUpdate = false
[2026-08-08T08:09:51.580Z] NudgeForge: ResumeComplete — restoring count from history
[2026-08-08T08:09:51.581Z] restoreNudgeCountFromHistory: found last write at idx=1520 count=29
[2026-08-08T08:09:51.679Z] LiveUpdateForge: allowLiveUpdate = true (first real BeforeSend)
[2026-08-08T08:09:51.679Z] InitialReadForge.onBeforeSend: SKIP (fr=false syn=false hasRead=true)
[2026-08-08T08:10:04.518Z] LiveUpdateForge: EndTurn fallback flush
[2026-08-08T08:10:04.518Z] onEndTurn: naturalStop=undefined toolCalls=29 nudgeMsg=no
[2026-08-08T08:10:04.518Z] LiveUpdateForge: EndTurn fallback flush
[2026-08-08T08:10:04.519Z] onEndTurn: naturalStop=false toolCalls=29 nudgeMsg=no
[2026-08-08T08:10:08.000Z] LiveUpdateForge: AfterToolExec flush
[2026-08-08T08:10:08.066Z] InitialReadForge.onBeforeSend: SKIP (fr=true syn=false hasRead=true)
[2026-08-08T08:10:36.421Z] LiveUpdateForge: EndTurn fallback flush
[2026-08-08T08:10:36.421Z] onEndTurn: naturalStop=undefined toolCalls=30 nudgeMsg=no
[2026-08-08T08:10:36.422Z] LiveUpdateForge: EndTurn fallback flush
[2026-08-08T08:10:36.422Z] onEndTurn: naturalStop=false toolCalls=30 nudgeMsg=no
[2026-08-08T08:11:13.758Z] LiveUpdateForge: AfterToolExec flush
[2026-08-08T08:11:13.822Z] InitialReadForge.onBeforeSend: SKIP (fr=true syn=false hasRead=true)
[2026-08-08T08:11:30.536Z] LiveUpdateForge: EndTurn fallback flush
[2026-08-08T08:11:30.536Z] onEndTurn: naturalStop=undefined toolCalls=31 nudgeMsg=no
[2026-08-08T08:11:30.537Z] LiveUpdateForge: EndTurn fallback flush
[2026-08-08T08:11:30.537Z] onEndTurn: naturalStop=false toolCalls=31 nudgeMsg=no
[2026-08-08T08:11:30.588Z] LiveUpdateForge: AfterToolExec flush
[2026-08-08T08:11:30.636Z] InitialReadForge.onBeforeSend: SKIP (fr=true syn=false hasRead=true)
[2026-08-08T08:11:41.255Z] LiveUpdateForge: EndTurn fallback flush
[2026-08-08T08:11:41.255Z] onEndTurn: naturalStop=undefined toolCalls=32 nudgeMsg=no
[2026-08-08T08:11:41.255Z] LiveUpdateForge: EndTurn fallback flush
[2026-08-08T08:11:41.256Z] onEndTurn: naturalStop=false toolCalls=32 nudgeMsg=no
[2026-08-08T08:11:41.262Z] LiveUpdateForge: AfterToolExec flush
[2026-08-08T08:11:41.309Z] InitialReadForge.onBeforeSend: SKIP (fr=true syn=false hasRead=true)
[2026-08-08T08:11:54.789Z] LiveUpdateForge: EndTurn fallback flush
[2026-08-08T08:11:54.789Z] onEndTurn: naturalStop=undefined toolCalls=33 nudgeMsg=no
[2026-08-08T08:11:54.789Z] LiveUpdateForge: EndTurn fallback flush
[2026-08-08T08:11:54.790Z] onEndTurn: naturalStop=false toolCalls=33 nudgeMsg=no
[2026-08-08T08:11:54.888Z] LiveUpdateForge: AfterToolExec flush
[2026-08-08T08:11:54.948Z] InitialReadForge.onBeforeSend: SKIP (fr=true syn=false hasRead=true)
[2026-08-08T08:12:05.304Z] LiveUpdateForge: EndTurn fallback flush
[2026-08-08T08:12:05.305Z] onEndTurn: naturalStop=undefined toolCalls=34 nudgeMsg=no
[2026-08-08T08:12:05.305Z] LiveUpdateForge: EndTurn fallback flush
[2026-08-08T08:12:05.305Z] onEndTurn: naturalStop=false toolCalls=34 nudgeMsg=no
[2026-08-08T08:12:38.094Z] LiveUpdateForge: AfterToolExec flush
[2026-08-08T08:12:38.156Z] InitialReadForge.onBeforeSend: SKIP (fr=true syn=false hasRead=true)
[2026-08-08T08:12:51.537Z] LiveUpdateForge: EndTurn fallback flush
[2026-08-08T08:12:51.538Z] onEndTurn: naturalStop=undefined toolCalls=35 nudgeMsg=no
[2026-08-08T08:12:51.538Z] LiveUpdateForge: EndTurn fallback flush
[2026-08-08T08:12:51.538Z] onEndTurn: naturalStop=false toolCalls=35 nudgeMsg=no
[2026-08-08T08:12:57.753Z] LiveUpdateForge: AfterToolExec flush
[2026-08-08T08:12:57.829Z] InitialReadForge.onBeforeSend: SKIP (fr=true syn=false hasRead=true)
[2026-08-08T08:13:10.247Z] LiveUpdateForge: EndTurn fallback flush
[2026-08-08T08:13:10.247Z] onEndTurn: naturalStop=undefined toolCalls=36 nudgeMsg=no
[2026-08-08T08:13:10.247Z] LiveUpdateForge: EndTurn fallback flush
[2026-08-08T08:13:10.247Z] onEndTurn: naturalStop=false toolCalls=36 nudgeMsg=no
[2026-08-08T08:14:43.513Z] LiveUpdateForge: AfterToolExec flush
[2026-08-08T08:14:43.580Z] InitialReadForge.onBeforeSend: SKIP (fr=true syn=false hasRead=true)
[2026-08-08T08:15:05.754Z] LiveUpdateForge: EndTurn fallback flush
[2026-08-08T08:15:05.754Z] onEndTurn: naturalStop=undefined toolCalls=37 nudgeMsg=no
[2026-08-08T08:15:05.754Z] LiveUpdateForge: EndTurn fallback flush
[2026-08-08T08:15:05.755Z] onEndTurn: naturalStop=true toolCalls=37 nudgeMsg=no
[2026-08-08T08:15:09.152Z] ResumeDiffForge: running checkResumeConsistency
[2026-08-08T08:15:09.153Z] checkResumeConsistency: forgedTimestamps=[]
[2026-08-08T08:15:09.165Z] checkResumeConsistency: no changes detected
[2026-08-08T08:15:09.165Z] LiveUpdateForge: session reset, allowLiveUpdate = false
[2026-08-08T08:15:09.165Z] NudgeForge: ResumeComplete — restoring count from history
[2026-08-08T08:15:09.166Z] restoreNudgeCountFromHistory: found last write at idx=1520 count=37
[2026-08-08T08:15:09.267Z] LiveUpdateForge: allowLiveUpdate = true (first real BeforeSend)
[2026-08-08T08:15:09.268Z] InitialReadForge.onBeforeSend: SKIP (fr=false syn=false hasRead=true)
[2026-08-08T08:15:22.223Z] LiveUpdateForge: EndTurn fallback flush
[2026-08-08T08:15:22.224Z] onEndTurn: naturalStop=undefined toolCalls=37 nudgeMsg=no
[2026-08-08T08:15:22.224Z] LiveUpdateForge: EndTurn fallback flush
[2026-08-08T08:15:22.225Z] onEndTurn: naturalStop=false toolCalls=37 nudgeMsg=no
[2026-08-08T08:15:25.721Z] LiveUpdateForge: AfterToolExec flush
[2026-08-08T08:15:25.792Z] InitialReadForge.onBeforeSend: SKIP (fr=true syn=false hasRead=true)
[2026-08-08T08:15:37.582Z] LiveUpdateForge: EndTurn fallback flush
[2026-08-08T08:15:37.582Z] onEndTurn: naturalStop=undefined toolCalls=38 nudgeMsg=no
[2026-08-08T08:15:37.582Z] LiveUpdateForge: EndTurn fallback flush
[2026-08-08T08:15:37.582Z] onEndTurn: naturalStop=false toolCalls=38 nudgeMsg=no
[2026-08-08T08:16:13.954Z] LiveUpdateForge: AfterToolExec flush
[2026-08-08T08:16:14.019Z] InitialReadForge.onBeforeSend: SKIP (fr=true syn=false hasRead=true)
[2026-08-08T08:16:31.342Z] LiveUpdateForge: EndTurn fallback flush
[2026-08-08T08:16:31.342Z] onEndTurn: naturalStop=undefined toolCalls=39 nudgeMsg=no
[2026-08-08T08:16:31.343Z] LiveUpdateForge: EndTurn fallback flush
[2026-08-08T08:16:31.343Z] onEndTurn: naturalStop=true toolCalls=39 nudgeMsg=no
[2026-08-08T08:16:35.096Z] ResumeDiffForge: running checkResumeConsistency
[2026-08-08T08:16:35.097Z] checkResumeConsistency: forgedTimestamps=[]
[2026-08-08T08:16:35.106Z] checkResumeConsistency: no changes detected
[2026-08-08T08:16:35.106Z] LiveUpdateForge: session reset, allowLiveUpdate = false
[2026-08-08T08:16:35.106Z] NudgeForge: ResumeComplete — restoring count from history
[2026-08-08T08:16:35.108Z] restoreNudgeCountFromHistory: found last write at idx=1520 count=39
[2026-08-08T08:16:35.213Z] LiveUpdateForge: allowLiveUpdate = true (first real BeforeSend)
[2026-08-08T08:16:35.214Z] InitialReadForge.onBeforeSend: SKIP (fr=false syn=false hasRead=true)
[2026-08-08T08:16:47.979Z] LiveUpdateForge: EndTurn fallback flush
[2026-08-08T08:16:47.980Z] onEndTurn: naturalStop=undefined toolCalls=39 nudgeMsg=no
[2026-08-08T08:16:47.980Z] LiveUpdateForge: EndTurn fallback flush
[2026-08-08T08:16:47.980Z] onEndTurn: naturalStop=false toolCalls=39 nudgeMsg=no
[2026-08-08T08:16:51.379Z] LiveUpdateForge: AfterToolExec flush
[2026-08-08T08:16:51.444Z] InitialReadForge.onBeforeSend: SKIP (fr=true syn=false hasRead=true)
[2026-08-08T08:17:05.019Z] LiveUpdateForge: EndTurn fallback flush
[2026-08-08T08:17:05.019Z] onEndTurn: naturalStop=undefined toolCalls=40 nudgeMsg=no
[2026-08-08T08:17:05.019Z] LiveUpdateForge: EndTurn fallback flush
[2026-08-08T08:17:05.020Z] onEndTurn: naturalStop=false toolCalls=40 nudgeMsg=no
[2026-08-08T08:17:38.204Z] LiveUpdateForge: AfterToolExec flush
[2026-08-08T08:17:38.267Z] InitialReadForge.onBeforeSend: SKIP (fr=true syn=false hasRead=true)
[2026-08-08T08:17:57.208Z] LiveUpdateForge: EndTurn fallback flush
[2026-08-08T08:17:57.209Z] onEndTurn: naturalStop=undefined toolCalls=41 nudgeMsg=no
[2026-08-08T08:17:57.209Z] LiveUpdateForge: EndTurn fallback flush
[2026-08-08T08:17:57.210Z] onEndTurn: naturalStop=true toolCalls=41 nudgeMsg=no
[2026-08-08T08:18:00.592Z] ResumeDiffForge: running checkResumeConsistency
[2026-08-08T08:18:00.593Z] checkResumeConsistency: forgedTimestamps=[]
[2026-08-08T08:18:00.600Z] checkResumeConsistency: no changes detected
[2026-08-08T08:18:00.600Z] LiveUpdateForge: session reset, allowLiveUpdate = false
[2026-08-08T08:18:00.600Z] NudgeForge: ResumeComplete — restoring count from history
[2026-08-08T08:18:00.601Z] restoreNudgeCountFromHistory: found last write at idx=1520 count=41
[2026-08-08T08:18:00.705Z] LiveUpdateForge: allowLiveUpdate = true (first real BeforeSend)
[2026-08-08T08:18:00.706Z] InitialReadForge.onBeforeSend: SKIP (fr=false syn=false hasRead=true)
[2026-08-08T08:18:13.666Z] LiveUpdateForge: EndTurn fallback flush
[2026-08-08T08:18:13.666Z] onEndTurn: naturalStop=undefined toolCalls=41 nudgeMsg=no
[2026-08-08T08:18:13.667Z] LiveUpdateForge: EndTurn fallback flush
[2026-08-08T08:18:13.667Z] onEndTurn: naturalStop=false toolCalls=41 nudgeMsg=no
[2026-08-08T08:18:17.036Z] LiveUpdateForge: AfterToolExec flush
[2026-08-08T08:18:17.108Z] InitialReadForge.onBeforeSend: SKIP (fr=true syn=false hasRead=true)
[2026-08-08T08:18:56.904Z] LiveUpdateForge: EndTurn fallback flush
[2026-08-08T08:18:56.905Z] onEndTurn: naturalStop=undefined toolCalls=42 nudgeMsg=no
[2026-08-08T08:18:56.905Z] LiveUpdateForge: EndTurn fallback flush
[2026-08-08T08:18:56.905Z] onEndTurn: naturalStop=false toolCalls=42 nudgeMsg=no
[2026-08-08T08:19:32.177Z] LiveUpdateForge: AfterToolExec flush
[2026-08-08T08:19:32.247Z] InitialReadForge.onBeforeSend: SKIP (fr=true syn=false hasRead=true)
[2026-08-08T08:19:50.966Z] LiveUpdateForge: EndTurn fallback flush
[2026-08-08T08:19:50.967Z] onEndTurn: naturalStop=undefined toolCalls=43 nudgeMsg=no
[2026-08-08T08:19:50.967Z] LiveUpdateForge: EndTurn fallback flush
[2026-08-08T08:19:50.968Z] onEndTurn: naturalStop=true toolCalls=43 nudgeMsg=no
[2026-08-08T08:19:54.240Z] ResumeDiffForge: running checkResumeConsistency
[2026-08-08T08:19:54.241Z] checkResumeConsistency: forgedTimestamps=[]
[2026-08-08T08:19:54.249Z] checkResumeConsistency: no changes detected
[2026-08-08T08:19:54.250Z] LiveUpdateForge: session reset, allowLiveUpdate = false
[2026-08-08T08:19:54.250Z] NudgeForge: ResumeComplete — restoring count from history
[2026-08-08T08:19:54.250Z] restoreNudgeCountFromHistory: found last write at idx=1520 count=43
[2026-08-08T08:19:54.357Z] LiveUpdateForge: allowLiveUpdate = true (first real BeforeSend)
[2026-08-08T08:19:54.358Z] InitialReadForge.onBeforeSend: SKIP (fr=false syn=false hasRead=true)
[2026-08-08T08:20:06.551Z] LiveUpdateForge: EndTurn fallback flush
[2026-08-08T08:20:06.551Z] onEndTurn: naturalStop=undefined toolCalls=43 nudgeMsg=no
[2026-08-08T08:20:06.552Z] LiveUpdateForge: EndTurn fallback flush
[2026-08-08T08:20:06.552Z] onEndTurn: naturalStop=false toolCalls=43 nudgeMsg=no
[2026-08-08T08:20:06.572Z] InitialReadForge.onBeforeSend: SKIP (fr=false syn=false hasRead=true)
[2026-08-08T08:20:18.726Z] LiveUpdateForge: EndTurn fallback flush
[2026-08-08T08:20:18.727Z] onEndTurn: naturalStop=undefined toolCalls=43 nudgeMsg=no
[2026-08-08T08:20:18.727Z] LiveUpdateForge: EndTurn fallback flush
[2026-08-08T08:20:18.727Z] onEndTurn: naturalStop=false toolCalls=43 nudgeMsg=no
[2026-08-08T08:20:22.040Z] LiveUpdateForge: AfterToolExec flush
[2026-08-08T08:20:22.103Z] InitialReadForge.onBeforeSend: SKIP (fr=true syn=false hasRead=true)
[2026-08-08T08:20:46.999Z] LiveUpdateForge: EndTurn fallback flush
[2026-08-08T08:20:46.999Z] onEndTurn: naturalStop=undefined toolCalls=44 nudgeMsg=no
[2026-08-08T08:20:47.000Z] LiveUpdateForge: EndTurn fallback flush
[2026-08-08T08:20:47.000Z] onEndTurn: naturalStop=false toolCalls=44 nudgeMsg=no
[2026-08-08T08:21:20.943Z] LiveUpdateForge: AfterToolExec flush
[2026-08-08T08:21:21.011Z] InitialReadForge.onBeforeSend: SKIP (fr=true syn=false hasRead=true)
[2026-08-08T08:21:36.179Z] LiveUpdateForge: EndTurn fallback flush
[2026-08-08T08:21:36.179Z] onEndTurn: naturalStop=undefined toolCalls=45 nudgeMsg=no
[2026-08-08T08:21:36.180Z] LiveUpdateForge: EndTurn fallback flush
[2026-08-08T08:21:36.180Z] onEndTurn: naturalStop=true toolCalls=45 nudgeMsg=no
[2026-08-08T10:58:54.930Z] MemoryForge: attached 5 listener(s)
[2026-08-08T10:58:54.930Z] InitialReadForge: armed one-shot BeforeSend after NewSessionStart
[2026-08-08T10:58:54.930Z] LiveUpdateForge: session reset, allowLiveUpdate = false
[2026-08-08T10:59:32.103Z] LiveUpdateForge: session reset, allowLiveUpdate = false
[2026-08-08T10:59:32.194Z] ResumeDiffForge: running checkResumeConsistency
[2026-08-08T10:59:32.194Z] checkResumeConsistency: forgedTimestamps=[]
[2026-08-08T10:59:32.198Z] checkResumeConsistency: no changes detected
[2026-08-08T10:59:32.199Z] LiveUpdateForge: session reset, allowLiveUpdate = false
[2026-08-08T10:59:32.199Z] NudgeForge: ResumeComplete — restoring count from history
[2026-08-08T10:59:32.200Z] restoreNudgeCountFromHistory: found last write at idx=1520 count=45
[2026-08-08T10:59:32.654Z] ResumeDiffForge: running checkResumeConsistency
[2026-08-08T10:59:32.655Z] checkResumeConsistency: forgedTimestamps=[]
[2026-08-08T10:59:32.670Z] checkResumeConsistency: no changes detected
[2026-08-08T10:59:32.671Z] LiveUpdateForge: session reset, allowLiveUpdate = false
[2026-08-08T10:59:32.671Z] NudgeForge: ResumeComplete — restoring count from history
[2026-08-08T10:59:32.671Z] restoreNudgeCountFromHistory: found last write at idx=1520 count=45
[2026-08-08T10:59:32.968Z] ResumeDiffForge: running checkResumeConsistency
[2026-08-08T10:59:32.969Z] checkResumeConsistency: forgedTimestamps=[]
[2026-08-08T10:59:32.987Z] checkResumeConsistency: no changes detected
[2026-08-08T10:59:32.988Z] LiveUpdateForge: session reset, allowLiveUpdate = false
[2026-08-08T10:59:32.988Z] NudgeForge: ResumeComplete — restoring count from history
[2026-08-08T10:59:32.989Z] restoreNudgeCountFromHistory: found last write at idx=1520 count=45
[2026-08-08T10:59:33.247Z] MemoryForge: attached 5 listener(s)
[2026-08-08T10:59:33.247Z] InitialReadForge: armed one-shot BeforeSend after NewSessionStart
[2026-08-08T10:59:33.247Z] LiveUpdateForge: session reset, allowLiveUpdate = false
[2026-08-08T10:59:33.264Z] MemoryForge: detached all listeners
[2026-08-08T10:59:33.265Z] ResumeDiffForge: running checkResumeConsistency
[2026-08-08T10:59:33.266Z] checkResumeConsistency: forgedTimestamps=[]
[2026-08-08T10:59:33.332Z] checkResumeConsistency: no changes detected
[2026-08-08T10:59:33.333Z] LiveUpdateForge: session reset, allowLiveUpdate = false
[2026-08-08T10:59:33.333Z] NudgeForge: ResumeComplete — restoring count from history
[2026-08-08T10:59:33.333Z] restoreNudgeCountFromHistory: found last write at idx=1520 count=45
[2026-08-08T10:59:33.347Z] LiveUpdateForge: allowLiveUpdate = true (first real BeforeSend)
[2026-08-08T10:59:33.347Z] InitialReadForge.onBeforeSend: SKIP (fr=false syn=false hasRead=true)
[2026-08-08T11:00:28.303Z] LiveUpdateForge: EndTurn fallback flush
[2026-08-08T11:00:28.303Z] onEndTurn: naturalStop=undefined toolCalls=45 nudgeMsg=no
[2026-08-08T11:00:28.304Z] LiveUpdateForge: EndTurn fallback flush
[2026-08-08T11:00:28.304Z] onEndTurn: naturalStop=false toolCalls=45 nudgeMsg=no
[2026-08-08T11:00:32.739Z] LiveUpdateForge: AfterToolExec flush
[2026-08-08T11:00:32.815Z] InitialReadForge.onBeforeSend: SKIP (fr=true syn=false hasRead=true)
[2026-08-08T11:01:42.063Z] LiveUpdateForge: EndTurn fallback flush
[2026-08-08T11:01:42.063Z] onEndTurn: naturalStop=undefined toolCalls=46 nudgeMsg=no
[2026-08-08T11:01:42.063Z] LiveUpdateForge: EndTurn fallback flush
[2026-08-08T11:01:42.064Z] onEndTurn: naturalStop=false toolCalls=46 nudgeMsg=no
[2026-08-08T11:02:26.903Z] LiveUpdateForge: AfterToolExec flush
[2026-08-08T11:02:26.968Z] InitialReadForge.onBeforeSend: SKIP (fr=true syn=false hasRead=true)
[2026-08-08T11:02:44.410Z] LiveUpdateForge: EndTurn fallback flush
[2026-08-08T11:02:44.410Z] onEndTurn: naturalStop=undefined toolCalls=47 nudgeMsg=no
[2026-08-08T11:02:44.410Z] LiveUpdateForge: EndTurn fallback flush
[2026-08-08T11:02:44.410Z] onEndTurn: naturalStop=true toolCalls=47 nudgeMsg=no
[2026-08-08T11:02:47.486Z] ResumeDiffForge: running checkResumeConsistency
[2026-08-08T11:02:47.487Z] checkResumeConsistency: forgedTimestamps=[]
[2026-08-08T11:02:47.496Z] checkResumeConsistency: no changes detected
[2026-08-08T11:02:47.496Z] LiveUpdateForge: session reset, allowLiveUpdate = false
[2026-08-08T11:02:47.496Z] NudgeForge: ResumeComplete — restoring count from history
[2026-08-08T11:02:47.497Z] restoreNudgeCountFromHistory: found last write at idx=1520 count=47
[2026-08-08T11:02:47.615Z] LiveUpdateForge: allowLiveUpdate = true (first real BeforeSend)
[2026-08-08T11:02:47.616Z] InitialReadForge.onBeforeSend: SKIP (fr=false syn=false hasRead=true)
[2026-08-08T11:02:59.421Z] LiveUpdateForge: EndTurn fallback flush
[2026-08-08T11:02:59.421Z] onEndTurn: naturalStop=undefined toolCalls=47 nudgeMsg=no
[2026-08-08T11:02:59.421Z] LiveUpdateForge: EndTurn fallback flush
[2026-08-08T11:02:59.421Z] onEndTurn: naturalStop=false toolCalls=47 nudgeMsg=no
[2026-08-08T11:03:37.101Z] LiveUpdateForge: AfterToolExec flush
[2026-08-08T11:03:37.170Z] InitialReadForge.onBeforeSend: SKIP (fr=true syn=false hasRead=true)
[2026-08-08T11:04:30.310Z] LiveUpdateForge: EndTurn fallback flush
[2026-08-08T11:04:30.311Z] onEndTurn: naturalStop=undefined toolCalls=48 nudgeMsg=no
[2026-08-08T11:04:30.312Z] LiveUpdateForge: EndTurn fallback flush
[2026-08-08T11:04:30.312Z] onEndTurn: naturalStop=true toolCalls=48 nudgeMsg=no
[2026-08-08T11:04:33.753Z] ResumeDiffForge: running checkResumeConsistency
[2026-08-08T11:04:33.754Z] checkResumeConsistency: forgedTimestamps=[]
[2026-08-08T11:04:33.761Z] checkResumeConsistency: no changes detected
[2026-08-08T11:04:33.762Z] LiveUpdateForge: session reset, allowLiveUpdate = false
[2026-08-08T11:04:33.762Z] NudgeForge: ResumeComplete — restoring count from history
[2026-08-08T11:04:33.762Z] restoreNudgeCountFromHistory: found last write at idx=1520 count=48
[2026-08-08T11:04:33.913Z] LiveUpdateForge: allowLiveUpdate = true (first real BeforeSend)
[2026-08-08T11:04:33.914Z] InitialReadForge.onBeforeSend: SKIP (fr=false syn=false hasRead=true)
[2026-08-08T11:04:47.403Z] LiveUpdateForge: EndTurn fallback flush
[2026-08-08T11:04:47.403Z] onEndTurn: naturalStop=undefined toolCalls=48 nudgeMsg=no
[2026-08-08T11:04:47.403Z] LiveUpdateForge: EndTurn fallback flush
[2026-08-08T11:04:47.404Z] onEndTurn: naturalStop=false toolCalls=48 nudgeMsg=no
[2026-08-08T11:05:25.782Z] LiveUpdateForge: AfterToolExec flush
[2026-08-08T11:05:25.862Z] InitialReadForge.onBeforeSend: SKIP (fr=true syn=false hasRead=true)
[2026-08-08T11:05:59.964Z] LiveUpdateForge: EndTurn fallback flush
[2026-08-08T11:05:59.965Z] onEndTurn: naturalStop=undefined toolCalls=49 nudgeMsg=no
[2026-08-08T11:05:59.965Z] LiveUpdateForge: EndTurn fallback flush
[2026-08-08T11:05:59.965Z] onEndTurn: naturalStop=true toolCalls=49 nudgeMsg=no
[2026-08-08T11:06:03.514Z] ResumeDiffForge: running checkResumeConsistency
[2026-08-08T11:06:03.515Z] checkResumeConsistency: forgedTimestamps=[]
[2026-08-08T11:06:03.526Z] checkResumeConsistency: no changes detected
[2026-08-08T11:06:03.526Z] LiveUpdateForge: session reset, allowLiveUpdate = false
[2026-08-08T11:06:03.526Z] NudgeForge: ResumeComplete — restoring count from history
[2026-08-08T11:06:03.527Z] restoreNudgeCountFromHistory: found last write at idx=1520 count=49
[2026-08-08T11:06:03.664Z] LiveUpdateForge: allowLiveUpdate = true (first real BeforeSend)
[2026-08-08T11:06:03.665Z] InitialReadForge.onBeforeSend: SKIP (fr=false syn=false hasRead=true)
[2026-08-08T11:06:16.558Z] LiveUpdateForge: EndTurn fallback flush
[2026-08-08T11:06:16.558Z] onEndTurn: naturalStop=undefined toolCalls=49 nudgeMsg=no
[2026-08-08T11:06:16.559Z] LiveUpdateForge: EndTurn fallback flush
[2026-08-08T11:06:16.559Z] onEndTurn: naturalStop=false toolCalls=49 nudgeMsg=no
[2026-08-08T11:06:53.962Z] LiveUpdateForge: AfterToolExec flush
[2026-08-08T11:06:54.028Z] InitialReadForge.onBeforeSend: SKIP (fr=true syn=false hasRead=true)
[2026-08-08T11:07:16.638Z] LiveUpdateForge: EndTurn fallback flush
[2026-08-08T11:07:16.638Z] onEndTurn: naturalStop=undefined toolCalls=50 nudgeMsg=no
[2026-08-08T11:07:16.639Z] LiveUpdateForge: EndTurn fallback flush
[2026-08-08T11:07:16.639Z] onEndTurn: naturalStop=true toolCalls=0 nudgeMsg=YES
[2026-08-08T11:07:16.643Z] InitialReadForge.onBeforeSend: SKIP (fr=false syn=false hasRead=true)
[2026-08-08T11:07:24.341Z] LiveUpdateForge: EndTurn fallback flush
[2026-08-08T11:07:24.341Z] onEndTurn: naturalStop=undefined toolCalls=0 nudgeMsg=no
[2026-08-08T11:07:24.341Z] LiveUpdateForge: EndTurn fallback flush
[2026-08-08T11:07:24.342Z] onEndTurn: naturalStop=false toolCalls=0 nudgeMsg=no
[2026-08-08T11:07:24.361Z] LiveUpdateForge: AfterToolExec flush
[2026-08-08T11:07:24.363Z] nudge: read_memory called (does NOT reset counter)
[2026-08-08T11:07:35.700Z] LiveUpdateForge: EndTurn fallback flush
[2026-08-08T11:07:35.700Z] onEndTurn: naturalStop=undefined toolCalls=1 nudgeMsg=no
[2026-08-08T11:07:35.701Z] LiveUpdateForge: EndTurn fallback flush
[2026-08-08T11:07:35.701Z] onEndTurn: naturalStop=false toolCalls=1 nudgeMsg=no
[2026-08-08T11:07:35.710Z] LiveUpdateForge: self-write on D:\xm\CacheHub\CODELY.md, baseline aligned
[2026-08-08T11:07:35.710Z] LiveUpdateForge: AfterToolExec flush
[2026-08-08T11:07:46.687Z] LiveUpdateForge: EndTurn fallback flush
[2026-08-08T11:07:46.687Z] onEndTurn: naturalStop=undefined toolCalls=0 nudgeMsg=no
[2026-08-08T11:07:46.688Z] LiveUpdateForge: EndTurn fallback flush
[2026-08-08T11:07:46.688Z] onEndTurn: naturalStop=false toolCalls=0 nudgeMsg=no
[2026-08-08T11:07:46.694Z] LiveUpdateForge: self-write on D:\xm\CacheHub\CODELY.md, baseline aligned
[2026-08-08T11:07:46.695Z] LiveUpdateForge: AfterToolExec flush
[2026-08-08T11:07:55.055Z] LiveUpdateForge: EndTurn fallback flush
[2026-08-08T11:07:55.055Z] onEndTurn: naturalStop=undefined toolCalls=0 nudgeMsg=no
[2026-08-08T11:07:55.055Z] LiveUpdateForge: EndTurn fallback flush
[2026-08-08T11:07:55.056Z] onEndTurn: naturalStop=true toolCalls=0 nudgeMsg=no
[2026-08-08T11:07:58.411Z] ResumeDiffForge: running checkResumeConsistency
[2026-08-08T11:07:58.412Z] checkResumeConsistency: forgedTimestamps=[["project","1970-01-01T00:00:00.000Z"]]
[2026-08-08T11:07:58.418Z] checkResumeConsistency: injecting 1 diff notification(s)
[2026-08-08T11:07:58.419Z] injectForgedHistory: role=user preview="[agent-auto] [memory-update 2026-08-08 19:07:46] project memory file has been mo"
[2026-08-08T11:07:58.472Z] injectForgedHistory: recordMessage persisted
[2026-08-08T11:07:58.472Z] LiveUpdateForge: session reset, allowLiveUpdate = false
[2026-08-08T11:07:58.473Z] NudgeForge: ResumeComplete — restoring count from history
[2026-08-08T11:07:58.473Z] restoreNudgeCountFromHistory: found last write at idx=1650 count=0
[2026-08-08T11:07:58.618Z] LiveUpdateForge: allowLiveUpdate = true (first real BeforeSend)
[2026-08-08T11:08:10.174Z] LiveUpdateForge: EndTurn fallback flush
[2026-08-08T11:08:10.174Z] onEndTurn: naturalStop=undefined toolCalls=0 nudgeMsg=no
[2026-08-08T11:08:10.175Z] LiveUpdateForge: EndTurn fallback flush
[2026-08-08T11:08:10.175Z] onEndTurn: naturalStop=false toolCalls=0 nudgeMsg=no
[2026-08-08T11:08:47.483Z] LiveUpdateForge: AfterToolExec flush
[2026-08-08T11:08:59.131Z] LiveUpdateForge: EndTurn fallback flush
[2026-08-08T11:08:59.131Z] onEndTurn: naturalStop=undefined toolCalls=1 nudgeMsg=no
[2026-08-08T11:08:59.131Z] LiveUpdateForge: EndTurn fallback flush
[2026-08-08T11:08:59.131Z] onEndTurn: naturalStop=true toolCalls=1 nudgeMsg=no
[2026-08-08T11:09:03.369Z] ResumeDiffForge: running checkResumeConsistency
[2026-08-08T11:09:03.369Z] checkResumeConsistency: forgedTimestamps=[["project","1970-01-01T00:00:00.000Z"]]
[2026-08-08T11:09:03.377Z] checkResumeConsistency: injecting 1 diff notification(s)
[2026-08-08T11:09:03.377Z] injectForgedHistory: role=user preview="[agent-auto] [memory-update 2026-08-08 19:07:46] project memory file has been mo"
[2026-08-08T11:09:03.430Z] injectForgedHistory: recordMessage persisted
[2026-08-08T11:09:03.431Z] LiveUpdateForge: session reset, allowLiveUpdate = false
[2026-08-08T11:09:03.431Z] NudgeForge: ResumeComplete — restoring count from history
[2026-08-08T11:09:03.431Z] restoreNudgeCountFromHistory: found last write at idx=1650 count=1
[2026-08-08T11:09:03.556Z] LiveUpdateForge: allowLiveUpdate = true (first real BeforeSend)
[2026-08-08T11:09:14.510Z] LiveUpdateForge: EndTurn fallback flush
[2026-08-08T11:09:14.510Z] onEndTurn: naturalStop=undefined toolCalls=1 nudgeMsg=no
[2026-08-08T11:09:14.510Z] LiveUpdateForge: EndTurn fallback flush
[2026-08-08T11:09:14.510Z] onEndTurn: naturalStop=false toolCalls=1 nudgeMsg=no
[2026-08-08T11:09:52.375Z] LiveUpdateForge: AfterToolExec flush
[2026-08-08T11:10:05.620Z] LiveUpdateForge: EndTurn fallback flush
[2026-08-08T11:10:05.620Z] onEndTurn: naturalStop=undefined toolCalls=2 nudgeMsg=no
[2026-08-08T11:10:05.620Z] LiveUpdateForge: EndTurn fallback flush
[2026-08-08T11:10:05.621Z] onEndTurn: naturalStop=true toolCalls=2 nudgeMsg=no
[2026-08-08T11:10:09.542Z] ResumeDiffForge: running checkResumeConsistency
[2026-08-08T11:10:09.542Z] checkResumeConsistency: forgedTimestamps=[["project","1970-01-01T00:00:00.000Z"]]
[2026-08-08T11:10:09.548Z] checkResumeConsistency: injecting 1 diff notification(s)
[2026-08-08T11:10:09.549Z] injectForgedHistory: role=user preview="[agent-auto] [memory-update 2026-08-08 19:07:46] project memory file has been mo"
[2026-08-08T11:10:09.604Z] injectForgedHistory: recordMessage persisted
[2026-08-08T11:10:09.604Z] LiveUpdateForge: session reset, allowLiveUpdate = false
[2026-08-08T11:10:09.604Z] NudgeForge: ResumeComplete — restoring count from history
[2026-08-08T11:10:09.606Z] restoreNudgeCountFromHistory: found last write at idx=1650 count=2
[2026-08-08T11:10:09.726Z] LiveUpdateForge: allowLiveUpdate = true (first real BeforeSend)
[2026-08-08T11:10:20.718Z] LiveUpdateForge: EndTurn fallback flush
[2026-08-08T11:10:20.718Z] onEndTurn: naturalStop=undefined toolCalls=2 nudgeMsg=no
[2026-08-08T11:10:20.719Z] LiveUpdateForge: EndTurn fallback flush
[2026-08-08T11:10:20.719Z] onEndTurn: naturalStop=false toolCalls=2 nudgeMsg=no
[2026-08-08T11:10:57.776Z] LiveUpdateForge: AfterToolExec flush
[2026-08-08T11:11:45.587Z] LiveUpdateForge: EndTurn fallback flush
[2026-08-08T11:11:45.588Z] onEndTurn: naturalStop=undefined toolCalls=3 nudgeMsg=no
[2026-08-08T11:11:45.588Z] LiveUpdateForge: EndTurn fallback flush
[2026-08-08T11:11:45.588Z] onEndTurn: naturalStop=true toolCalls=3 nudgeMsg=no
[2026-08-08T11:11:49.042Z] ResumeDiffForge: running checkResumeConsistency
[2026-08-08T11:11:49.043Z] checkResumeConsistency: forgedTimestamps=[["project","1970-01-01T00:00:00.000Z"]]
[2026-08-08T11:11:49.048Z] checkResumeConsistency: injecting 1 diff notification(s)
[2026-08-08T11:11:49.049Z] injectForgedHistory: role=user preview="[agent-auto] [memory-update 2026-08-08 19:07:46] project memory file has been mo"
[2026-08-08T11:11:49.100Z] injectForgedHistory: recordMessage persisted
[2026-08-08T11:11:49.100Z] LiveUpdateForge: session reset, allowLiveUpdate = false
[2026-08-08T11:11:49.100Z] NudgeForge: ResumeComplete — restoring count from history
[2026-08-08T11:11:49.102Z] restoreNudgeCountFromHistory: found last write at idx=1650 count=3
[2026-08-08T11:11:49.236Z] LiveUpdateForge: allowLiveUpdate = true (first real BeforeSend)
[2026-08-08T11:12:08.753Z] LiveUpdateForge: EndTurn fallback flush
[2026-08-08T11:12:08.753Z] onEndTurn: naturalStop=undefined toolCalls=3 nudgeMsg=no
[2026-08-08T11:12:08.754Z] LiveUpdateForge: EndTurn fallback flush
[2026-08-08T11:12:08.754Z] onEndTurn: naturalStop=false toolCalls=3 nudgeMsg=no
[2026-08-08T11:12:47.069Z] LiveUpdateForge: AfterToolExec flush
[2026-08-08T11:13:21.398Z] LiveUpdateForge: EndTurn fallback flush
[2026-08-08T11:13:21.398Z] onEndTurn: naturalStop=undefined toolCalls=4 nudgeMsg=no
[2026-08-08T11:13:21.398Z] LiveUpdateForge: EndTurn fallback flush
[2026-08-08T11:13:21.398Z] onEndTurn: naturalStop=true toolCalls=4 nudgeMsg=no
[2026-08-08T13:45:09.192Z] MemoryForge: attached 5 listener(s)
[2026-08-08T13:45:09.192Z] InitialReadForge: armed one-shot BeforeSend after NewSessionStart
[2026-08-08T13:45:09.193Z] LiveUpdateForge: session reset, allowLiveUpdate = false
[2026-08-08T13:45:24.278Z] LiveUpdateForge: session reset, allowLiveUpdate = false
[2026-08-08T13:45:24.376Z] ResumeDiffForge: running checkResumeConsistency
[2026-08-08T13:45:24.376Z] checkResumeConsistency: forgedTimestamps=[["project","1970-01-01T00:00:00.000Z"]]
[2026-08-08T13:45:24.383Z] checkResumeConsistency: injecting 1 diff notification(s)
[2026-08-08T13:45:24.383Z] injectForgedHistory: role=user preview="[agent-auto] [memory-update 2026-08-08 19:07:46] project memory file has been mo"
[2026-08-08T13:45:24.383Z] injectForgedHistory: recordMessage persisted
[2026-08-08T13:45:24.383Z] LiveUpdateForge: session reset, allowLiveUpdate = false
[2026-08-08T13:45:24.383Z] NudgeForge: ResumeComplete — restoring count from history
[2026-08-08T13:45:24.384Z] restoreNudgeCountFromHistory: found last write at idx=1650 count=4
[2026-08-08T13:46:33.041Z] CompactComplete: resetting forge state
[2026-08-08T13:47:48.104Z] MemoryForge: attached 5 listener(s)
[2026-08-08T13:47:48.104Z] InitialReadForge: armed one-shot BeforeSend after NewSessionStart
[2026-08-08T13:47:48.104Z] LiveUpdateForge: session reset, allowLiveUpdate = false
[2026-08-08T13:47:48.887Z] LiveUpdateForge: session reset, allowLiveUpdate = false
[2026-08-08T13:47:48.889Z] ResumeDiffForge: running checkResumeConsistency
[2026-08-08T13:47:48.889Z] checkResumeConsistency: forgedTimestamps=[]
[2026-08-08T13:47:48.892Z] checkResumeConsistency: no changes detected
[2026-08-08T13:47:48.892Z] LiveUpdateForge: session reset, allowLiveUpdate = false
[2026-08-08T13:47:48.892Z] NudgeForge: ResumeComplete — restoring count from history
[2026-08-08T13:47:48.892Z] restoreNudgeCountFromHistory: no reset point found, count=0
[2026-08-08T13:47:49.009Z] MemoryForge: attached 5 listener(s)
[2026-08-08T13:47:49.009Z] InitialReadForge: armed one-shot BeforeSend after NewSessionStart
[2026-08-08T13:47:49.010Z] LiveUpdateForge: session reset, allowLiveUpdate = false
[2026-08-08T13:47:53.535Z] ResumeDiffForge: running checkResumeConsistency
[2026-08-08T13:47:53.535Z] checkResumeConsistency: forgedTimestamps=[]
[2026-08-08T13:47:53.540Z] checkResumeConsistency: no changes detected
[2026-08-08T13:47:53.540Z] LiveUpdateForge: session reset, allowLiveUpdate = false
[2026-08-08T13:47:53.540Z] NudgeForge: ResumeComplete — restoring count from history
[2026-08-08T13:47:53.540Z] restoreNudgeCountFromHistory: no reset point found, count=0
[2026-08-08T13:48:03.224Z] LiveUpdateForge: session reset, allowLiveUpdate = false
[2026-08-08T13:48:03.225Z] ResumeDiffForge: no read_memory in history, backfilling forge
[2026-08-08T13:48:03.271Z] recordForgedToolExchange: toolName=read_memory callId=resume-forge-read-memory-backfill
[2026-08-08T13:48:03.271Z] recordForgedToolExchange: recordMessage + recordToolCalls persisted
[2026-08-08T13:48:03.272Z] injectForgedHistory: role=user preview=""
[2026-08-08T13:48:03.272Z] injectForgedHistory: recordMessage persisted
[2026-08-08T13:48:03.272Z] ResumeDiffForge: backfilled read_memory and baseline for 2 raw + 2 provider file(s)
[2026-08-08T13:48:03.273Z] LiveUpdateForge: session reset, allowLiveUpdate = false
[2026-08-08T13:48:03.273Z] NudgeForge: ResumeComplete — restoring count from history
[2026-08-08T13:48:03.273Z] restoreNudgeCountFromHistory: no reset point found, count=0
[2026-08-08T13:48:03.382Z] ResumeDiffForge: no read_memory in history, backfilling forge
[2026-08-08T13:48:03.420Z] recordForgedToolExchange: toolName=read_memory callId=resume-forge-read-memory-backfill
[2026-08-08T13:48:03.443Z] recordForgedToolExchange: recordMessage + recordToolCalls persisted
[2026-08-08T13:48:03.443Z] injectForgedHistory: role=user preview=""
[2026-08-08T13:48:03.456Z] injectForgedHistory: recordMessage persisted
[2026-08-08T13:48:03.459Z] ResumeDiffForge: backfilled read_memory and baseline for 2 raw + 2 provider file(s)
[2026-08-08T13:48:03.459Z] LiveUpdateForge: session reset, allowLiveUpdate = false
[2026-08-08T13:48:03.459Z] NudgeForge: ResumeComplete — restoring count from history
[2026-08-08T13:48:03.460Z] restoreNudgeCountFromHistory: no reset point found, count=0
[2026-08-08T13:48:03.474Z] ResumeDiffForge: no read_memory in history, backfilling forge
[2026-08-08T13:48:03.509Z] recordForgedToolExchange: toolName=read_memory callId=resume-forge-read-memory-backfill
[2026-08-08T13:48:03.531Z] recordForgedToolExchange: recordMessage + recordToolCalls persisted
[2026-08-08T13:48:03.532Z] injectForgedHistory: role=user preview=""
[2026-08-08T13:48:03.545Z] injectForgedHistory: recordMessage persisted
[2026-08-08T13:48:03.548Z] ResumeDiffForge: backfilled read_memory and baseline for 2 raw + 2 provider file(s)
[2026-08-08T13:48:03.548Z] LiveUpdateForge: session reset, allowLiveUpdate = false
[2026-08-08T13:48:03.548Z] NudgeForge: ResumeComplete — restoring count from history
[2026-08-08T13:48:03.548Z] restoreNudgeCountFromHistory: no reset point found, count=0
[2026-08-08T13:48:03.686Z] MemoryForge: attached 5 listener(s)
[2026-08-08T13:48:03.686Z] InitialReadForge: armed one-shot BeforeSend after NewSessionStart
[2026-08-08T13:48:03.687Z] LiveUpdateForge: session reset, allowLiveUpdate = false
[2026-08-08T13:48:03.688Z] MemoryForge: detached all listeners
[2026-08-08T13:48:03.688Z] ResumeDiffForge: running checkResumeConsistency
[2026-08-08T13:48:03.688Z] checkResumeConsistency: forgedTimestamps=[]
[2026-08-08T13:48:03.706Z] checkResumeConsistency: no changes detected
[2026-08-08T13:48:03.706Z] LiveUpdateForge: session reset, allowLiveUpdate = false
[2026-08-08T13:48:03.706Z] NudgeForge: ResumeComplete — restoring count from history
[2026-08-08T13:48:03.706Z] restoreNudgeCountFromHistory: no reset point found, count=0
[2026-08-08T13:48:03.715Z] LiveUpdateForge: allowLiveUpdate = true (first real BeforeSend)
[2026-08-08T13:48:03.715Z] InitialReadForge.onBeforeSend: SKIP (fr=false syn=false hasRead=true)
[2026-08-08T13:48:16.976Z] LiveUpdateForge: EndTurn fallback flush
[2026-08-08T13:48:16.976Z] onEndTurn: naturalStop=undefined toolCalls=0 nudgeMsg=no
[2026-08-08T13:48:16.976Z] LiveUpdateForge: EndTurn fallback flush
[2026-08-08T13:48:16.976Z] onEndTurn: naturalStop=false toolCalls=0 nudgeMsg=no
[2026-08-08T13:48:16.988Z] LiveUpdateForge: AfterToolExec flush
[2026-08-08T13:48:17.005Z] InitialReadForge.onBeforeSend: SKIP (fr=true syn=false hasRead=true)
[2026-08-08T13:48:26.808Z] LiveUpdateForge: EndTurn fallback flush
[2026-08-08T13:48:26.808Z] onEndTurn: naturalStop=undefined toolCalls=1 nudgeMsg=no
[2026-08-08T13:48:26.808Z] LiveUpdateForge: EndTurn fallback flush
[2026-08-08T13:48:26.808Z] onEndTurn: naturalStop=false toolCalls=1 nudgeMsg=no
[2026-08-08T13:50:07.840Z] LiveUpdateForge: AfterToolExec flush
[2026-08-08T13:50:07.920Z] InitialReadForge.onBeforeSend: SKIP (fr=true syn=false hasRead=true)
[2026-08-08T13:50:10.439Z] LiveUpdateForge: EndTurn fallback flush
[2026-08-08T13:50:10.440Z] onEndTurn: naturalStop=undefined toolCalls=2 nudgeMsg=no
[2026-08-08T13:50:10.440Z] LiveUpdateForge: EndTurn fallback flush
[2026-08-08T13:50:10.440Z] onEndTurn: naturalStop=false toolCalls=2 nudgeMsg=no
[2026-08-08T13:50:10.446Z] LiveUpdateForge: AfterToolExec flush
[2026-08-08T13:50:10.468Z] InitialReadForge.onBeforeSend: SKIP (fr=true syn=false hasRead=true)
[2026-08-08T13:50:14.503Z] LiveUpdateForge: EndTurn fallback flush
[2026-08-08T13:50:14.503Z] onEndTurn: naturalStop=undefined toolCalls=3 nudgeMsg=no
[2026-08-08T13:50:14.504Z] LiveUpdateForge: EndTurn fallback flush
[2026-08-08T13:50:14.504Z] onEndTurn: naturalStop=false toolCalls=3 nudgeMsg=no
[2026-08-08T13:50:14.506Z] LiveUpdateForge: AfterToolExec flush
[2026-08-08T13:50:14.527Z] InitialReadForge.onBeforeSend: SKIP (fr=true syn=false hasRead=true)
[2026-08-08T13:50:16.469Z] LiveUpdateForge: EndTurn fallback flush
[2026-08-08T13:50:16.469Z] onEndTurn: naturalStop=undefined toolCalls=4 nudgeMsg=no
[2026-08-08T13:50:16.469Z] LiveUpdateForge: EndTurn fallback flush
[2026-08-08T13:50:16.469Z] onEndTurn: naturalStop=false toolCalls=4 nudgeMsg=no
[2026-08-08T13:50:16.471Z] LiveUpdateForge: AfterToolExec flush
[2026-08-08T13:50:16.489Z] InitialReadForge.onBeforeSend: SKIP (fr=true syn=false hasRead=true)
[2026-08-08T13:50:19.313Z] LiveUpdateForge: EndTurn fallback flush
[2026-08-08T13:50:19.314Z] onEndTurn: naturalStop=undefined toolCalls=5 nudgeMsg=no
[2026-08-08T13:50:19.314Z] LiveUpdateForge: EndTurn fallback flush
[2026-08-08T13:50:19.314Z] onEndTurn: naturalStop=false toolCalls=5 nudgeMsg=no
[2026-08-08T13:50:19.318Z] LiveUpdateForge: AfterToolExec flush
[2026-08-08T13:50:19.334Z] InitialReadForge.onBeforeSend: SKIP (fr=true syn=false hasRead=true)
[2026-08-08T13:50:21.129Z] LiveUpdateForge: EndTurn fallback flush
[2026-08-08T13:50:21.130Z] onEndTurn: naturalStop=undefined toolCalls=6 nudgeMsg=no
[2026-08-08T13:50:21.130Z] LiveUpdateForge: EndTurn fallback flush
[2026-08-08T13:50:21.130Z] onEndTurn: naturalStop=false toolCalls=6 nudgeMsg=no
[2026-08-08T13:50:21.171Z] LiveUpdateForge: AfterToolExec flush
[2026-08-08T13:50:21.190Z] InitialReadForge.onBeforeSend: SKIP (fr=true syn=false hasRead=true)
[2026-08-08T13:50:23.799Z] LiveUpdateForge: EndTurn fallback flush
[2026-08-08T13:50:23.799Z] onEndTurn: naturalStop=undefined toolCalls=7 nudgeMsg=no
[2026-08-08T13:50:23.799Z] LiveUpdateForge: EndTurn fallback flush
[2026-08-08T13:50:23.800Z] onEndTurn: naturalStop=false toolCalls=7 nudgeMsg=no
[2026-08-08T13:50:27.939Z] LiveUpdateForge: AfterToolExec flush
[2026-08-08T13:50:27.956Z] InitialReadForge.onBeforeSend: SKIP (fr=true syn=false hasRead=true)
[2026-08-08T13:50:29.789Z] LiveUpdateForge: EndTurn fallback flush
[2026-08-08T13:50:29.789Z] onEndTurn: naturalStop=undefined toolCalls=8 nudgeMsg=no
[2026-08-08T13:50:29.789Z] LiveUpdateForge: EndTurn fallback flush
[2026-08-08T13:50:29.790Z] onEndTurn: naturalStop=false toolCalls=8 nudgeMsg=no
[2026-08-08T13:50:29.796Z] LiveUpdateForge: AfterToolExec flush
[2026-08-08T13:50:29.814Z] InitialReadForge.onBeforeSend: SKIP (fr=true syn=false hasRead=true)
[2026-08-08T13:50:33.572Z] LiveUpdateForge: EndTurn fallback flush
[2026-08-08T13:50:33.572Z] onEndTurn: naturalStop=undefined toolCalls=9 nudgeMsg=no
[2026-08-08T13:50:33.572Z] LiveUpdateForge: EndTurn fallback flush
[2026-08-08T13:50:33.572Z] onEndTurn: naturalStop=false toolCalls=9 nudgeMsg=no
[2026-08-08T13:50:33.577Z] LiveUpdateForge: AfterToolExec flush
[2026-08-08T13:50:33.595Z] InitialReadForge.onBeforeSend: SKIP (fr=true syn=false hasRead=true)
[2026-08-08T13:50:35.332Z] LiveUpdateForge: EndTurn fallback flush
[2026-08-08T13:50:35.333Z] onEndTurn: naturalStop=undefined toolCalls=10 nudgeMsg=no
[2026-08-08T13:50:35.333Z] LiveUpdateForge: EndTurn fallback flush
[2026-08-08T13:50:35.333Z] onEndTurn: naturalStop=false toolCalls=10 nudgeMsg=no
[2026-08-08T13:50:35.387Z] LiveUpdateForge: AfterToolExec flush
[2026-08-08T13:50:35.404Z] InitialReadForge.onBeforeSend: SKIP (fr=true syn=false hasRead=true)
[2026-08-08T13:50:37.777Z] LiveUpdateForge: EndTurn fallback flush
[2026-08-08T13:50:37.777Z] onEndTurn: naturalStop=undefined toolCalls=11 nudgeMsg=no
[2026-08-08T13:50:37.778Z] LiveUpdateForge: EndTurn fallback flush
[2026-08-08T13:50:37.778Z] onEndTurn: naturalStop=false toolCalls=11 nudgeMsg=no
[2026-08-08T13:50:37.780Z] LiveUpdateForge: AfterToolExec flush
[2026-08-08T13:50:37.797Z] InitialReadForge.onBeforeSend: SKIP (fr=true syn=false hasRead=true)
[2026-08-08T13:50:39.482Z] LiveUpdateForge: EndTurn fallback flush
[2026-08-08T13:50:39.483Z] onEndTurn: naturalStop=undefined toolCalls=12 nudgeMsg=no
[2026-08-08T13:50:39.483Z] LiveUpdateForge: EndTurn fallback flush
[2026-08-08T13:50:39.483Z] onEndTurn: naturalStop=false toolCalls=12 nudgeMsg=no
[2026-08-08T13:50:39.485Z] LiveUpdateForge: AfterToolExec flush
[2026-08-08T13:50:39.503Z] InitialReadForge.onBeforeSend: SKIP (fr=true syn=false hasRead=true)
[2026-08-08T13:50:43.303Z] LiveUpdateForge: EndTurn fallback flush
[2026-08-08T13:50:43.303Z] onEndTurn: naturalStop=undefined toolCalls=13 nudgeMsg=no
[2026-08-08T13:50:43.304Z] LiveUpdateForge: EndTurn fallback flush
[2026-08-08T13:50:43.304Z] onEndTurn: naturalStop=false toolCalls=13 nudgeMsg=no
[2026-08-08T13:50:43.305Z] LiveUpdateForge: AfterToolExec flush
[2026-08-08T13:50:43.324Z] InitialReadForge.onBeforeSend: SKIP (fr=true syn=false hasRead=true)
[2026-08-08T13:50:45.325Z] LiveUpdateForge: EndTurn fallback flush
[2026-08-08T13:50:45.325Z] onEndTurn: naturalStop=undefined toolCalls=14 nudgeMsg=no
[2026-08-08T13:50:45.326Z] LiveUpdateForge: EndTurn fallback flush
[2026-08-08T13:50:45.326Z] onEndTurn: naturalStop=false toolCalls=14 nudgeMsg=no
[2026-08-08T13:50:45.331Z] LiveUpdateForge: AfterToolExec flush
[2026-08-08T13:50:45.347Z] InitialReadForge.onBeforeSend: SKIP (fr=true syn=false hasRead=true)
[2026-08-08T13:50:47.948Z] LiveUpdateForge: EndTurn fallback flush
[2026-08-08T13:50:47.949Z] onEndTurn: naturalStop=undefined toolCalls=15 nudgeMsg=no
[2026-08-08T13:50:47.949Z] LiveUpdateForge: EndTurn fallback flush
[2026-08-08T13:50:47.949Z] onEndTurn: naturalStop=false toolCalls=15 nudgeMsg=no
[2026-08-08T13:50:47.951Z] LiveUpdateForge: AfterToolExec flush
[2026-08-08T13:50:47.971Z] InitialReadForge.onBeforeSend: SKIP (fr=true syn=false hasRead=true)
[2026-08-08T13:50:49.747Z] LiveUpdateForge: EndTurn fallback flush
[2026-08-08T13:50:49.747Z] onEndTurn: naturalStop=undefined toolCalls=16 nudgeMsg=no
[2026-08-08T13:50:49.747Z] LiveUpdateForge: EndTurn fallback flush
[2026-08-08T13:50:49.748Z] onEndTurn: naturalStop=false toolCalls=16 nudgeMsg=no
[2026-08-08T13:50:49.752Z] LiveUpdateForge: AfterToolExec flush
[2026-08-08T13:50:49.770Z] InitialReadForge.onBeforeSend: SKIP (fr=true syn=false hasRead=true)
[2026-08-08T13:50:52.696Z] LiveUpdateForge: EndTurn fallback flush
[2026-08-08T13:50:52.697Z] onEndTurn: naturalStop=undefined toolCalls=17 nudgeMsg=no
[2026-08-08T13:50:52.697Z] LiveUpdateForge: EndTurn fallback flush
[2026-08-08T13:50:52.697Z] onEndTurn: naturalStop=false toolCalls=17 nudgeMsg=no
[2026-08-08T13:50:52.702Z] LiveUpdateForge: AfterToolExec flush
[2026-08-08T13:50:52.720Z] InitialReadForge.onBeforeSend: SKIP (fr=true syn=false hasRead=true)
[2026-08-08T13:50:56.023Z] LiveUpdateForge: EndTurn fallback flush
[2026-08-08T13:50:56.023Z] onEndTurn: naturalStop=undefined toolCalls=18 nudgeMsg=no
[2026-08-08T13:50:56.024Z] LiveUpdateForge: EndTurn fallback flush
[2026-08-08T13:50:56.024Z] onEndTurn: naturalStop=false toolCalls=18 nudgeMsg=no
[2026-08-08T13:50:56.101Z] LiveUpdateForge: AfterToolExec flush
[2026-08-08T13:50:56.121Z] InitialReadForge.onBeforeSend: SKIP (fr=true syn=false hasRead=true)
[2026-08-08T13:50:59.088Z] LiveUpdateForge: EndTurn fallback flush
[2026-08-08T13:50:59.088Z] onEndTurn: naturalStop=undefined toolCalls=19 nudgeMsg=no
[2026-08-08T13:50:59.088Z] LiveUpdateForge: EndTurn fallback flush
[2026-08-08T13:50:59.089Z] onEndTurn: naturalStop=false toolCalls=19 nudgeMsg=no
[2026-08-08T13:50:59.090Z] LiveUpdateForge: AfterToolExec flush
[2026-08-08T13:50:59.107Z] InitialReadForge.onBeforeSend: SKIP (fr=true syn=false hasRead=true)
[2026-08-08T13:51:03.796Z] LiveUpdateForge: EndTurn fallback flush
[2026-08-08T13:51:03.796Z] onEndTurn: naturalStop=undefined toolCalls=20 nudgeMsg=no
[2026-08-08T13:51:03.796Z] LiveUpdateForge: EndTurn fallback flush
[2026-08-08T13:51:03.796Z] onEndTurn: naturalStop=false toolCalls=20 nudgeMsg=no
[2026-08-08T13:51:03.848Z] LiveUpdateForge: AfterToolExec flush
[2026-08-08T13:51:03.865Z] InitialReadForge.onBeforeSend: SKIP (fr=true syn=false hasRead=true)
[2026-08-08T13:51:05.934Z] LiveUpdateForge: EndTurn fallback flush
[2026-08-08T13:51:05.934Z] onEndTurn: naturalStop=undefined toolCalls=21 nudgeMsg=no
[2026-08-08T13:51:05.935Z] LiveUpdateForge: EndTurn fallback flush
[2026-08-08T13:51:05.935Z] onEndTurn: naturalStop=false toolCalls=21 nudgeMsg=no
[2026-08-08T13:51:05.986Z] LiveUpdateForge: AfterToolExec flush
[2026-08-08T13:51:06.004Z] InitialReadForge.onBeforeSend: SKIP (fr=true syn=false hasRead=true)
[2026-08-08T13:51:30.948Z] LiveUpdateForge: EndTurn fallback flush
[2026-08-08T13:51:30.948Z] onEndTurn: naturalStop=undefined toolCalls=22 nudgeMsg=no
[2026-08-08T13:51:30.948Z] LiveUpdateForge: EndTurn fallback flush
[2026-08-08T13:51:30.949Z] onEndTurn: naturalStop=false toolCalls=22 nudgeMsg=no
[2026-08-08T13:51:30.984Z] LiveUpdateForge: AfterToolExec flush
[2026-08-08T13:51:31.001Z] InitialReadForge.onBeforeSend: SKIP (fr=true syn=false hasRead=true)
[2026-08-08T13:51:32.698Z] LiveUpdateForge: EndTurn fallback flush
[2026-08-08T13:51:32.698Z] onEndTurn: naturalStop=undefined toolCalls=23 nudgeMsg=no
[2026-08-08T13:51:32.698Z] LiveUpdateForge: EndTurn fallback flush
[2026-08-08T13:51:32.698Z] onEndTurn: naturalStop=false toolCalls=23 nudgeMsg=no
[2026-08-08T13:51:32.716Z] LiveUpdateForge: AfterToolExec flush
[2026-08-08T13:51:32.735Z] InitialReadForge.onBeforeSend: SKIP (fr=true syn=false hasRead=true)
[2026-08-08T13:51:37.281Z] LiveUpdateForge: EndTurn fallback flush
[2026-08-08T13:51:37.281Z] onEndTurn: naturalStop=undefined toolCalls=24 nudgeMsg=no
[2026-08-08T13:51:37.281Z] LiveUpdateForge: EndTurn fallback flush
[2026-08-08T13:51:37.282Z] onEndTurn: naturalStop=false toolCalls=24 nudgeMsg=no
[2026-08-08T13:51:37.285Z] LiveUpdateForge: AfterToolExec flush
[2026-08-08T13:51:37.304Z] InitialReadForge.onBeforeSend: SKIP (fr=true syn=false hasRead=true)
[2026-08-08T13:51:40.036Z] LiveUpdateForge: EndTurn fallback flush
[2026-08-08T13:51:40.037Z] onEndTurn: naturalStop=undefined toolCalls=25 nudgeMsg=no
[2026-08-08T13:51:40.037Z] LiveUpdateForge: EndTurn fallback flush
[2026-08-08T13:51:40.037Z] onEndTurn: naturalStop=false toolCalls=25 nudgeMsg=no
[2026-08-08T13:51:40.039Z] LiveUpdateForge: AfterToolExec flush
[2026-08-08T13:51:40.057Z] InitialReadForge.onBeforeSend: SKIP (fr=true syn=false hasRead=true)
[2026-08-08T13:51:42.603Z] LiveUpdateForge: EndTurn fallback flush
[2026-08-08T13:51:42.603Z] onEndTurn: naturalStop=undefined toolCalls=26 nudgeMsg=no
[2026-08-08T13:51:42.603Z] LiveUpdateForge: EndTurn fallback flush
[2026-08-08T13:51:42.604Z] onEndTurn: naturalStop=false toolCalls=26 nudgeMsg=no
[2026-08-08T13:51:42.606Z] LiveUpdateForge: AfterToolExec flush
[2026-08-08T13:51:42.627Z] InitialReadForge.onBeforeSend: SKIP (fr=true syn=false hasRead=true)
[2026-08-08T13:51:45.285Z] LiveUpdateForge: EndTurn fallback flush
[2026-08-08T13:51:45.285Z] onEndTurn: naturalStop=undefined toolCalls=27 nudgeMsg=no
[2026-08-08T13:51:45.285Z] LiveUpdateForge: EndTurn fallback flush
[2026-08-08T13:51:45.285Z] onEndTurn: naturalStop=false toolCalls=27 nudgeMsg=no
[2026-08-08T13:51:45.288Z] LiveUpdateForge: AfterToolExec flush
[2026-08-08T13:51:45.308Z] InitialReadForge.onBeforeSend: SKIP (fr=true syn=false hasRead=true)
[2026-08-08T13:51:47.971Z] LiveUpdateForge: EndTurn fallback flush
[2026-08-08T13:51:47.971Z] onEndTurn: naturalStop=undefined toolCalls=28 nudgeMsg=no
[2026-08-08T13:51:47.971Z] LiveUpdateForge: EndTurn fallback flush
[2026-08-08T13:51:47.971Z] onEndTurn: naturalStop=false toolCalls=28 nudgeMsg=no
[2026-08-08T13:51:47.974Z] LiveUpdateForge: AfterToolExec flush
[2026-08-08T13:51:47.995Z] InitialReadForge.onBeforeSend: SKIP (fr=true syn=false hasRead=true)
[2026-08-08T13:51:51.021Z] LiveUpdateForge: EndTurn fallback flush
[2026-08-08T13:51:51.022Z] onEndTurn: naturalStop=undefined toolCalls=29 nudgeMsg=no
[2026-08-08T13:51:51.022Z] LiveUpdateForge: EndTurn fallback flush
[2026-08-08T13:51:51.022Z] onEndTurn: naturalStop=false toolCalls=29 nudgeMsg=no
[2026-08-08T13:51:51.026Z] LiveUpdateForge: AfterToolExec flush
[2026-08-08T13:51:51.045Z] InitialReadForge.onBeforeSend: SKIP (fr=true syn=false hasRead=true)
[2026-08-08T13:51:53.795Z] LiveUpdateForge: EndTurn fallback flush
[2026-08-08T13:51:53.795Z] onEndTurn: naturalStop=undefined toolCalls=30 nudgeMsg=no
[2026-08-08T13:51:53.795Z] LiveUpdateForge: EndTurn fallback flush
[2026-08-08T13:51:53.795Z] onEndTurn: naturalStop=false toolCalls=30 nudgeMsg=no
[2026-08-08T13:51:53.798Z] LiveUpdateForge: AfterToolExec flush
[2026-08-08T13:51:53.818Z] InitialReadForge.onBeforeSend: SKIP (fr=true syn=false hasRead=true)
[2026-08-08T13:51:56.065Z] LiveUpdateForge: EndTurn fallback flush
[2026-08-08T13:51:56.065Z] onEndTurn: naturalStop=undefined toolCalls=31 nudgeMsg=no
[2026-08-08T13:51:56.065Z] LiveUpdateForge: EndTurn fallback flush
[2026-08-08T13:51:56.066Z] onEndTurn: naturalStop=false toolCalls=31 nudgeMsg=no
[2026-08-08T13:51:56.071Z] LiveUpdateForge: AfterToolExec flush
[2026-08-08T13:51:56.086Z] InitialReadForge.onBeforeSend: SKIP (fr=true syn=false hasRead=true)
[2026-08-08T13:51:58.410Z] LiveUpdateForge: EndTurn fallback flush
[2026-08-08T13:51:58.410Z] onEndTurn: naturalStop=undefined toolCalls=32 nudgeMsg=no
[2026-08-08T13:51:58.410Z] LiveUpdateForge: EndTurn fallback flush
[2026-08-08T13:51:58.410Z] onEndTurn: naturalStop=false toolCalls=32 nudgeMsg=no
[2026-08-08T13:51:58.413Z] LiveUpdateForge: AfterToolExec flush
[2026-08-08T13:51:58.430Z] InitialReadForge.onBeforeSend: SKIP (fr=true syn=false hasRead=true)
[2026-08-08T13:52:00.718Z] LiveUpdateForge: EndTurn fallback flush
[2026-08-08T13:52:00.718Z] onEndTurn: naturalStop=undefined toolCalls=33 nudgeMsg=no
[2026-08-08T13:52:00.718Z] LiveUpdateForge: EndTurn fallback flush
[2026-08-08T13:52:00.719Z] onEndTurn: naturalStop=false toolCalls=33 nudgeMsg=no
[2026-08-08T13:52:00.721Z] LiveUpdateForge: AfterToolExec flush
[2026-08-08T13:52:00.741Z] InitialReadForge.onBeforeSend: SKIP (fr=true syn=false hasRead=true)
[2026-08-08T13:52:03.850Z] LiveUpdateForge: EndTurn fallback flush
[2026-08-08T13:52:03.851Z] onEndTurn: naturalStop=undefined toolCalls=34 nudgeMsg=no
[2026-08-08T13:52:03.851Z] LiveUpdateForge: EndTurn fallback flush
[2026-08-08T13:52:03.851Z] onEndTurn: naturalStop=false toolCalls=34 nudgeMsg=no
[2026-08-08T13:52:03.853Z] LiveUpdateForge: AfterToolExec flush
[2026-08-08T13:52:03.875Z] InitialReadForge.onBeforeSend: SKIP (fr=true syn=false hasRead=true)
[2026-08-08T13:52:06.453Z] LiveUpdateForge: EndTurn fallback flush
[2026-08-08T13:52:06.453Z] onEndTurn: naturalStop=undefined toolCalls=35 nudgeMsg=no
[2026-08-08T13:52:06.453Z] LiveUpdateForge: EndTurn fallback flush
[2026-08-08T13:52:06.453Z] onEndTurn: naturalStop=false toolCalls=35 nudgeMsg=no
[2026-08-08T13:52:06.455Z] LiveUpdateForge: AfterToolExec flush
[2026-08-08T13:52:06.476Z] InitialReadForge.onBeforeSend: SKIP (fr=true syn=false hasRead=true)
[2026-08-08T13:52:16.455Z] LiveUpdateForge: EndTurn fallback flush
[2026-08-08T13:52:16.456Z] onEndTurn: naturalStop=undefined toolCalls=36 nudgeMsg=no
[2026-08-08T13:52:16.456Z] LiveUpdateForge: EndTurn fallback flush
[2026-08-08T13:52:16.456Z] onEndTurn: naturalStop=false toolCalls=36 nudgeMsg=no
[2026-08-08T13:52:16.459Z] LiveUpdateForge: AfterToolExec flush
[2026-08-08T13:52:16.507Z] InitialReadForge.onBeforeSend: SKIP (fr=true syn=false hasRead=true)
[2026-08-08T13:52:45.742Z] LiveUpdateForge: EndTurn fallback flush
[2026-08-08T13:52:45.742Z] onEndTurn: naturalStop=undefined toolCalls=37 nudgeMsg=no
[2026-08-08T13:52:45.742Z] LiveUpdateForge: EndTurn fallback flush
[2026-08-08T13:52:45.742Z] onEndTurn: naturalStop=false toolCalls=37 nudgeMsg=no
[2026-08-08T13:52:45.807Z] LiveUpdateForge: AfterToolExec flush
[2026-08-08T13:52:45.826Z] InitialReadForge.onBeforeSend: SKIP (fr=true syn=false hasRead=true)
[2026-08-08T13:52:53.593Z] LiveUpdateForge: EndTurn fallback flush
[2026-08-08T13:52:53.593Z] onEndTurn: naturalStop=undefined toolCalls=38 nudgeMsg=no
[2026-08-08T13:52:53.593Z] LiveUpdateForge: EndTurn fallback flush
[2026-08-08T13:52:53.594Z] onEndTurn: naturalStop=false toolCalls=38 nudgeMsg=no
[2026-08-08T13:52:53.678Z] LiveUpdateForge: AfterToolExec flush
[2026-08-08T13:52:53.700Z] InitialReadForge.onBeforeSend: SKIP (fr=true syn=false hasRead=true)
[2026-08-08T13:52:56.602Z] LiveUpdateForge: EndTurn fallback flush
[2026-08-08T13:52:56.602Z] onEndTurn: naturalStop=undefined toolCalls=39 nudgeMsg=no
[2026-08-08T13:52:56.603Z] LiveUpdateForge: EndTurn fallback flush
[2026-08-08T13:52:56.603Z] onEndTurn: naturalStop=false toolCalls=39 nudgeMsg=no
[2026-08-08T13:52:56.644Z] LiveUpdateForge: AfterToolExec flush
[2026-08-08T13:52:56.666Z] InitialReadForge.onBeforeSend: SKIP (fr=true syn=false hasRead=true)
[2026-08-08T13:53:00.076Z] LiveUpdateForge: EndTurn fallback flush
[2026-08-08T13:53:00.077Z] onEndTurn: naturalStop=undefined toolCalls=40 nudgeMsg=no
[2026-08-08T13:53:00.077Z] LiveUpdateForge: EndTurn fallback flush
[2026-08-08T13:53:00.077Z] onEndTurn: naturalStop=false toolCalls=40 nudgeMsg=no
[2026-08-08T13:53:00.114Z] LiveUpdateForge: AfterToolExec flush
[2026-08-08T13:53:00.135Z] InitialReadForge.onBeforeSend: SKIP (fr=true syn=false hasRead=true)
[2026-08-08T13:53:02.922Z] LiveUpdateForge: EndTurn fallback flush
[2026-08-08T13:53:02.922Z] onEndTurn: naturalStop=undefined toolCalls=41 nudgeMsg=no
[2026-08-08T13:53:02.923Z] LiveUpdateForge: EndTurn fallback flush
[2026-08-08T13:53:02.923Z] onEndTurn: naturalStop=false toolCalls=41 nudgeMsg=no
[2026-08-08T13:53:02.980Z] LiveUpdateForge: AfterToolExec flush
[2026-08-08T13:53:03.000Z] InitialReadForge.onBeforeSend: SKIP (fr=true syn=false hasRead=true)
[2026-08-08T13:53:06.806Z] LiveUpdateForge: EndTurn fallback flush
[2026-08-08T13:53:06.806Z] onEndTurn: naturalStop=undefined toolCalls=42 nudgeMsg=no
[2026-08-08T13:53:06.806Z] LiveUpdateForge: EndTurn fallback flush
[2026-08-08T13:53:06.807Z] onEndTurn: naturalStop=false toolCalls=42 nudgeMsg=no
[2026-08-08T13:53:06.855Z] LiveUpdateForge: AfterToolExec flush
[2026-08-08T13:53:06.877Z] InitialReadForge.onBeforeSend: SKIP (fr=true syn=false hasRead=true)
[2026-08-08T13:53:10.012Z] LiveUpdateForge: EndTurn fallback flush
[2026-08-08T13:53:10.012Z] onEndTurn: naturalStop=undefined toolCalls=43 nudgeMsg=no
[2026-08-08T13:53:10.012Z] LiveUpdateForge: EndTurn fallback flush
[2026-08-08T13:53:10.012Z] onEndTurn: naturalStop=false toolCalls=43 nudgeMsg=no
[2026-08-08T13:53:10.062Z] LiveUpdateForge: AfterToolExec flush
[2026-08-08T13:53:10.083Z] InitialReadForge.onBeforeSend: SKIP (fr=true syn=false hasRead=true)
[2026-08-08T13:53:13.306Z] LiveUpdateForge: EndTurn fallback flush
[2026-08-08T13:53:13.306Z] onEndTurn: naturalStop=undefined toolCalls=44 nudgeMsg=no
[2026-08-08T13:53:13.307Z] LiveUpdateForge: EndTurn fallback flush
[2026-08-08T13:53:13.307Z] onEndTurn: naturalStop=false toolCalls=44 nudgeMsg=no
[2026-08-08T13:53:13.362Z] LiveUpdateForge: AfterToolExec flush
[2026-08-08T13:53:13.379Z] InitialReadForge.onBeforeSend: SKIP (fr=true syn=false hasRead=true)
[2026-08-08T13:53:16.466Z] LiveUpdateForge: EndTurn fallback flush
[2026-08-08T13:53:16.467Z] onEndTurn: naturalStop=undefined toolCalls=45 nudgeMsg=no
[2026-08-08T13:53:16.467Z] LiveUpdateForge: EndTurn fallback flush
[2026-08-08T13:53:16.467Z] onEndTurn: naturalStop=false toolCalls=45 nudgeMsg=no
[2026-08-08T13:53:26.807Z] LiveUpdateForge: AfterToolExec flush
[2026-08-08T13:53:26.834Z] InitialReadForge.onBeforeSend: SKIP (fr=true syn=false hasRead=true)
[2026-08-08T13:53:29.335Z] LiveUpdateForge: EndTurn fallback flush
[2026-08-08T13:53:29.336Z] onEndTurn: naturalStop=undefined toolCalls=46 nudgeMsg=no
[2026-08-08T13:53:29.336Z] LiveUpdateForge: EndTurn fallback flush
[2026-08-08T13:53:29.336Z] onEndTurn: naturalStop=false toolCalls=46 nudgeMsg=no
[2026-08-08T13:53:32.567Z] LiveUpdateForge: AfterToolExec flush
[2026-08-08T13:53:32.595Z] InitialReadForge.onBeforeSend: SKIP (fr=true syn=false hasRead=true)
[2026-08-08T13:53:36.072Z] LiveUpdateForge: EndTurn fallback flush
[2026-08-08T13:53:36.073Z] onEndTurn: naturalStop=undefined toolCalls=47 nudgeMsg=no
[2026-08-08T13:53:36.073Z] LiveUpdateForge: EndTurn fallback flush
[2026-08-08T13:53:36.073Z] onEndTurn: naturalStop=false toolCalls=47 nudgeMsg=no
[2026-08-08T13:53:36.082Z] LiveUpdateForge: AfterToolExec flush
[2026-08-08T13:53:36.102Z] InitialReadForge.onBeforeSend: SKIP (fr=true syn=false hasRead=true)
[2026-08-08T13:53:37.948Z] LiveUpdateForge: EndTurn fallback flush
[2026-08-08T13:53:37.948Z] onEndTurn: naturalStop=undefined toolCalls=48 nudgeMsg=no
[2026-08-08T13:53:37.948Z] LiveUpdateForge: EndTurn fallback flush
[2026-08-08T13:53:37.948Z] onEndTurn: naturalStop=false toolCalls=48 nudgeMsg=no
[2026-08-08T13:53:37.951Z] LiveUpdateForge: AfterToolExec flush
[2026-08-08T13:53:37.971Z] InitialReadForge.onBeforeSend: SKIP (fr=true syn=false hasRead=true)
[2026-08-08T13:53:40.485Z] LiveUpdateForge: EndTurn fallback flush
[2026-08-08T13:53:40.485Z] onEndTurn: naturalStop=undefined toolCalls=49 nudgeMsg=no
[2026-08-08T13:53:40.485Z] LiveUpdateForge: EndTurn fallback flush
[2026-08-08T13:53:40.485Z] onEndTurn: naturalStop=false toolCalls=49 nudgeMsg=no
[2026-08-08T13:53:40.488Z] LiveUpdateForge: AfterToolExec flush
[2026-08-08T13:53:40.508Z] InitialReadForge.onBeforeSend: SKIP (fr=true syn=false hasRead=true)
[2026-08-08T13:53:57.762Z] LiveUpdateForge: EndTurn fallback flush
[2026-08-08T13:53:57.762Z] onEndTurn: naturalStop=undefined toolCalls=50 nudgeMsg=no
[2026-08-08T13:53:57.763Z] LiveUpdateForge: EndTurn fallback flush
[2026-08-08T13:53:57.763Z] onEndTurn: naturalStop=false toolCalls=50 nudgeMsg=no
[2026-08-08T13:53:57.844Z] LiveUpdateForge: AfterToolExec flush
[2026-08-08T13:53:57.863Z] InitialReadForge.onBeforeSend: SKIP (fr=true syn=false hasRead=true)
[2026-08-08T13:54:00.913Z] LiveUpdateForge: EndTurn fallback flush
[2026-08-08T13:54:00.913Z] onEndTurn: naturalStop=undefined toolCalls=51 nudgeMsg=no
[2026-08-08T13:54:00.914Z] LiveUpdateForge: EndTurn fallback flush
[2026-08-08T13:54:00.914Z] onEndTurn: naturalStop=false toolCalls=51 nudgeMsg=no
[2026-08-08T13:54:09.337Z] LiveUpdateForge: AfterToolExec flush
[2026-08-08T13:54:09.361Z] InitialReadForge.onBeforeSend: SKIP (fr=true syn=false hasRead=true)
[2026-08-08T13:54:12.743Z] LiveUpdateForge: EndTurn fallback flush
[2026-08-08T13:54:12.744Z] onEndTurn: naturalStop=undefined toolCalls=52 nudgeMsg=no
[2026-08-08T13:54:12.744Z] LiveUpdateForge: EndTurn fallback flush
[2026-08-08T13:54:12.744Z] onEndTurn: naturalStop=false toolCalls=52 nudgeMsg=no
[2026-08-08T13:54:15.809Z] LiveUpdateForge: AfterToolExec flush
[2026-08-08T13:54:15.831Z] InitialReadForge.onBeforeSend: SKIP (fr=true syn=false hasRead=true)
[2026-08-08T13:54:18.420Z] LiveUpdateForge: EndTurn fallback flush
[2026-08-08T13:54:18.420Z] onEndTurn: naturalStop=undefined toolCalls=53 nudgeMsg=no
[2026-08-08T13:54:18.420Z] LiveUpdateForge: EndTurn fallback flush
[2026-08-08T13:54:18.420Z] onEndTurn: naturalStop=false toolCalls=53 nudgeMsg=no
[2026-08-08T13:54:19.727Z] LiveUpdateForge: AfterToolExec flush
[2026-08-08T13:54:19.747Z] InitialReadForge.onBeforeSend: SKIP (fr=true syn=false hasRead=true)
[2026-08-08T13:54:25.524Z] LiveUpdateForge: EndTurn fallback flush
[2026-08-08T13:54:25.525Z] onEndTurn: naturalStop=undefined toolCalls=54 nudgeMsg=no
[2026-08-08T13:54:25.525Z] LiveUpdateForge: EndTurn fallback flush
[2026-08-08T13:54:25.525Z] onEndTurn: naturalStop=false toolCalls=54 nudgeMsg=no
[2026-08-08T13:54:25.587Z] LiveUpdateForge: AfterToolExec flush
[2026-08-08T13:54:25.608Z] InitialReadForge.onBeforeSend: SKIP (fr=true syn=false hasRead=true)
[2026-08-08T13:54:28.227Z] LiveUpdateForge: EndTurn fallback flush
[2026-08-08T13:54:28.227Z] onEndTurn: naturalStop=undefined toolCalls=55 nudgeMsg=no
[2026-08-08T13:54:28.227Z] LiveUpdateForge: EndTurn fallback flush
[2026-08-08T13:54:28.228Z] onEndTurn: naturalStop=false toolCalls=55 nudgeMsg=no
[2026-08-08T13:54:29.976Z] LiveUpdateForge: AfterToolExec flush
[2026-08-08T13:54:29.996Z] InitialReadForge.onBeforeSend: SKIP (fr=true syn=false hasRead=true)
[2026-08-08T13:54:32.422Z] LiveUpdateForge: EndTurn fallback flush
[2026-08-08T13:54:32.422Z] onEndTurn: naturalStop=undefined toolCalls=56 nudgeMsg=no
[2026-08-08T13:54:32.422Z] LiveUpdateForge: EndTurn fallback flush
[2026-08-08T13:54:32.422Z] onEndTurn: naturalStop=false toolCalls=56 nudgeMsg=no
[2026-08-08T13:54:40.541Z] LiveUpdateForge: AfterToolExec flush
[2026-08-08T13:54:40.570Z] InitialReadForge.onBeforeSend: SKIP (fr=true syn=false hasRead=true)
[2026-08-08T13:54:43.046Z] LiveUpdateForge: EndTurn fallback flush
[2026-08-08T13:54:43.046Z] onEndTurn: naturalStop=undefined toolCalls=57 nudgeMsg=no
[2026-08-08T13:54:43.046Z] LiveUpdateForge: EndTurn fallback flush
[2026-08-08T13:54:43.047Z] onEndTurn: naturalStop=false toolCalls=57 nudgeMsg=no
[2026-08-08T13:54:47.148Z] LiveUpdateForge: AfterToolExec flush
[2026-08-08T13:54:47.171Z] InitialReadForge.onBeforeSend: SKIP (fr=true syn=false hasRead=true)
[2026-08-08T13:54:49.357Z] LiveUpdateForge: EndTurn fallback flush
[2026-08-08T13:54:49.357Z] onEndTurn: naturalStop=undefined toolCalls=58 nudgeMsg=no
[2026-08-08T13:54:49.357Z] LiveUpdateForge: EndTurn fallback flush
[2026-08-08T13:54:49.358Z] onEndTurn: naturalStop=false toolCalls=58 nudgeMsg=no
[2026-08-08T13:54:49.361Z] LiveUpdateForge: AfterToolExec flush
[2026-08-08T13:54:49.381Z] InitialReadForge.onBeforeSend: SKIP (fr=true syn=false hasRead=true)
[2026-08-08T13:54:53.153Z] LiveUpdateForge: EndTurn fallback flush
[2026-08-08T13:54:53.153Z] onEndTurn: naturalStop=undefined toolCalls=59 nudgeMsg=no
[2026-08-08T13:54:53.153Z] LiveUpdateForge: EndTurn fallback flush
[2026-08-08T13:54:53.154Z] onEndTurn: naturalStop=false toolCalls=59 nudgeMsg=no
[2026-08-08T13:54:53.156Z] LiveUpdateForge: AfterToolExec flush
[2026-08-08T13:54:53.177Z] InitialReadForge.onBeforeSend: SKIP (fr=true syn=false hasRead=true)
[2026-08-08T13:55:09.094Z] LiveUpdateForge: EndTurn fallback flush
[2026-08-08T13:55:09.094Z] onEndTurn: naturalStop=undefined toolCalls=60 nudgeMsg=no
[2026-08-08T13:55:09.094Z] LiveUpdateForge: EndTurn fallback flush
[2026-08-08T13:55:09.095Z] onEndTurn: naturalStop=false toolCalls=60 nudgeMsg=no
[2026-08-08T13:55:09.102Z] LiveUpdateForge: AfterToolExec flush
[2026-08-08T13:55:09.123Z] InitialReadForge.onBeforeSend: SKIP (fr=true syn=false hasRead=true)
[2026-08-08T13:55:11.972Z] LiveUpdateForge: EndTurn fallback flush
[2026-08-08T13:55:11.973Z] onEndTurn: naturalStop=undefined toolCalls=61 nudgeMsg=no
[2026-08-08T13:55:11.973Z] LiveUpdateForge: EndTurn fallback flush
[2026-08-08T13:55:11.974Z] onEndTurn: naturalStop=false toolCalls=61 nudgeMsg=no
[2026-08-08T13:55:11.977Z] LiveUpdateForge: AfterToolExec flush
[2026-08-08T13:55:12.000Z] InitialReadForge.onBeforeSend: SKIP (fr=true syn=false hasRead=true)
[2026-08-08T13:55:16.084Z] LiveUpdateForge: EndTurn fallback flush
[2026-08-08T13:55:16.084Z] onEndTurn: naturalStop=undefined toolCalls=62 nudgeMsg=no
[2026-08-08T13:55:16.084Z] LiveUpdateForge: EndTurn fallback flush
[2026-08-08T13:55:16.085Z] onEndTurn: naturalStop=false toolCalls=62 nudgeMsg=no
[2026-08-08T13:55:16.087Z] LiveUpdateForge: AfterToolExec flush
[2026-08-08T13:55:16.110Z] InitialReadForge.onBeforeSend: SKIP (fr=true syn=false hasRead=true)
[2026-08-08T13:55:22.023Z] LiveUpdateForge: EndTurn fallback flush
[2026-08-08T13:55:22.023Z] onEndTurn: naturalStop=undefined toolCalls=63 nudgeMsg=no
[2026-08-08T13:55:22.024Z] LiveUpdateForge: EndTurn fallback flush
[2026-08-08T13:55:22.024Z] onEndTurn: naturalStop=false toolCalls=63 nudgeMsg=no
[2026-08-08T13:55:22.093Z] LiveUpdateForge: AfterToolExec flush
[2026-08-08T13:55:22.117Z] InitialReadForge.onBeforeSend: SKIP (fr=true syn=false hasRead=true)
[2026-08-08T13:55:24.564Z] LiveUpdateForge: EndTurn fallback flush
[2026-08-08T13:55:24.565Z] onEndTurn: naturalStop=undefined toolCalls=64 nudgeMsg=no
[2026-08-08T13:55:24.565Z] LiveUpdateForge: EndTurn fallback flush
[2026-08-08T13:55:24.566Z] onEndTurn: naturalStop=false toolCalls=64 nudgeMsg=no
[2026-08-08T13:55:24.568Z] LiveUpdateForge: AfterToolExec flush
[2026-08-08T13:55:24.592Z] InitialReadForge.onBeforeSend: SKIP (fr=true syn=false hasRead=true)
[2026-08-08T13:55:27.702Z] LiveUpdateForge: EndTurn fallback flush
[2026-08-08T13:55:27.702Z] onEndTurn: naturalStop=undefined toolCalls=65 nudgeMsg=no
[2026-08-08T13:55:27.702Z] LiveUpdateForge: EndTurn fallback flush
[2026-08-08T13:55:27.703Z] onEndTurn: naturalStop=false toolCalls=65 nudgeMsg=no
[2026-08-08T13:55:27.708Z] LiveUpdateForge: AfterToolExec flush
[2026-08-08T13:55:27.728Z] InitialReadForge.onBeforeSend: SKIP (fr=true syn=false hasRead=true)
[2026-08-08T13:55:36.553Z] LiveUpdateForge: EndTurn fallback flush
[2026-08-08T13:55:36.553Z] onEndTurn: naturalStop=undefined toolCalls=66 nudgeMsg=no
[2026-08-08T13:55:36.553Z] LiveUpdateForge: EndTurn fallback flush
[2026-08-08T13:55:36.554Z] onEndTurn: naturalStop=false toolCalls=66 nudgeMsg=no
[2026-08-08T13:55:36.594Z] LiveUpdateForge: AfterToolExec flush
[2026-08-08T13:55:36.618Z] InitialReadForge.onBeforeSend: SKIP (fr=true syn=false hasRead=true)
[2026-08-08T13:55:39.936Z] LiveUpdateForge: EndTurn fallback flush
[2026-08-08T13:55:39.936Z] onEndTurn: naturalStop=undefined toolCalls=67 nudgeMsg=no
[2026-08-08T13:55:39.937Z] LiveUpdateForge: EndTurn fallback flush
[2026-08-08T13:55:39.937Z] onEndTurn: naturalStop=false toolCalls=67 nudgeMsg=no
[2026-08-08T13:55:39.939Z] LiveUpdateForge: AfterToolExec flush
[2026-08-08T13:55:39.960Z] InitialReadForge.onBeforeSend: SKIP (fr=true syn=false hasRead=true)
[2026-08-08T13:55:43.028Z] LiveUpdateForge: EndTurn fallback flush
[2026-08-08T13:55:43.029Z] onEndTurn: naturalStop=undefined toolCalls=68 nudgeMsg=no
[2026-08-08T13:55:43.029Z] LiveUpdateForge: EndTurn fallback flush
[2026-08-08T13:55:43.029Z] onEndTurn: naturalStop=false toolCalls=68 nudgeMsg=no
[2026-08-08T13:55:43.035Z] LiveUpdateForge: AfterToolExec flush
[2026-08-08T13:55:43.060Z] InitialReadForge.onBeforeSend: SKIP (fr=true syn=false hasRead=true)
[2026-08-08T13:55:45.396Z] LiveUpdateForge: EndTurn fallback flush
[2026-08-08T13:55:45.396Z] onEndTurn: naturalStop=undefined toolCalls=69 nudgeMsg=no
[2026-08-08T13:55:45.397Z] LiveUpdateForge: EndTurn fallback flush
[2026-08-08T13:55:45.398Z] onEndTurn: naturalStop=false toolCalls=69 nudgeMsg=no
[2026-08-08T13:55:45.400Z] LiveUpdateForge: AfterToolExec flush
[2026-08-08T13:55:45.423Z] InitialReadForge.onBeforeSend: SKIP (fr=true syn=false hasRead=true)
[2026-08-08T13:55:52.999Z] LiveUpdateForge: EndTurn fallback flush
[2026-08-08T13:55:52.999Z] onEndTurn: naturalStop=undefined toolCalls=70 nudgeMsg=no
[2026-08-08T13:55:52.999Z] LiveUpdateForge: EndTurn fallback flush
[2026-08-08T13:55:53.000Z] onEndTurn: naturalStop=false toolCalls=70 nudgeMsg=no
[2026-08-08T13:55:53.061Z] LiveUpdateForge: AfterToolExec flush
[2026-08-08T13:55:53.085Z] InitialReadForge.onBeforeSend: SKIP (fr=true syn=false hasRead=true)
[2026-08-08T13:55:57.462Z] LiveUpdateForge: EndTurn fallback flush
[2026-08-08T13:55:57.463Z] onEndTurn: naturalStop=undefined toolCalls=71 nudgeMsg=no
[2026-08-08T13:55:57.463Z] LiveUpdateForge: EndTurn fallback flush
[2026-08-08T13:55:57.463Z] onEndTurn: naturalStop=false toolCalls=71 nudgeMsg=no
[2026-08-08T13:55:57.528Z] LiveUpdateForge: AfterToolExec flush
[2026-08-08T13:55:57.552Z] InitialReadForge.onBeforeSend: SKIP (fr=true syn=false hasRead=true)
[2026-08-08T13:56:05.854Z] LiveUpdateForge: EndTurn fallback flush
[2026-08-08T13:56:05.855Z] onEndTurn: naturalStop=undefined toolCalls=72 nudgeMsg=no
[2026-08-08T13:56:05.855Z] LiveUpdateForge: EndTurn fallback flush
[2026-08-08T13:56:05.856Z] onEndTurn: naturalStop=false toolCalls=72 nudgeMsg=no
[2026-08-08T13:56:05.903Z] LiveUpdateForge: AfterToolExec flush
[2026-08-08T13:56:05.928Z] InitialReadForge.onBeforeSend: SKIP (fr=true syn=false hasRead=true)
[2026-08-08T13:56:10.349Z] LiveUpdateForge: EndTurn fallback flush
[2026-08-08T13:56:10.349Z] onEndTurn: naturalStop=undefined toolCalls=73 nudgeMsg=no
[2026-08-08T13:56:10.350Z] LiveUpdateForge: EndTurn fallback flush
[2026-08-08T13:56:10.350Z] onEndTurn: naturalStop=false toolCalls=73 nudgeMsg=no
[2026-08-08T13:56:10.394Z] LiveUpdateForge: AfterToolExec flush
[2026-08-08T13:56:10.416Z] InitialReadForge.onBeforeSend: SKIP (fr=true syn=false hasRead=true)
[2026-08-08T13:56:13.095Z] LiveUpdateForge: EndTurn fallback flush
[2026-08-08T13:56:13.095Z] onEndTurn: naturalStop=undefined toolCalls=74 nudgeMsg=no
[2026-08-08T13:56:13.095Z] LiveUpdateForge: EndTurn fallback flush
[2026-08-08T13:56:13.096Z] onEndTurn: naturalStop=false toolCalls=74 nudgeMsg=no
[2026-08-08T13:56:13.101Z] LiveUpdateForge: AfterToolExec flush
[2026-08-08T13:56:13.124Z] InitialReadForge.onBeforeSend: SKIP (fr=true syn=false hasRead=true)
[2026-08-08T13:56:15.144Z] LiveUpdateForge: EndTurn fallback flush
[2026-08-08T13:56:15.144Z] onEndTurn: naturalStop=undefined toolCalls=75 nudgeMsg=no
[2026-08-08T13:56:15.145Z] LiveUpdateForge: EndTurn fallback flush
[2026-08-08T13:56:15.145Z] onEndTurn: naturalStop=false toolCalls=75 nudgeMsg=no
[2026-08-08T13:56:15.148Z] LiveUpdateForge: AfterToolExec flush
[2026-08-08T13:56:15.172Z] InitialReadForge.onBeforeSend: SKIP (fr=true syn=false hasRead=true)
[2026-08-08T13:56:18.338Z] LiveUpdateForge: EndTurn fallback flush
[2026-08-08T13:56:18.338Z] onEndTurn: naturalStop=undefined toolCalls=76 nudgeMsg=no
[2026-08-08T13:56:18.338Z] LiveUpdateForge: EndTurn fallback flush
[2026-08-08T13:56:18.339Z] onEndTurn: naturalStop=false toolCalls=76 nudgeMsg=no
[2026-08-08T13:56:18.345Z] LiveUpdateForge: AfterToolExec flush
[2026-08-08T13:56:18.366Z] InitialReadForge.onBeforeSend: SKIP (fr=true syn=false hasRead=true)
[2026-08-08T13:56:22.371Z] LiveUpdateForge: EndTurn fallback flush
[2026-08-08T13:56:22.371Z] onEndTurn: naturalStop=undefined toolCalls=77 nudgeMsg=no
[2026-08-08T13:56:22.372Z] LiveUpdateForge: EndTurn fallback flush
[2026-08-08T13:56:22.372Z] onEndTurn: naturalStop=false toolCalls=77 nudgeMsg=no
[2026-08-08T13:56:22.436Z] LiveUpdateForge: AfterToolExec flush
[2026-08-08T13:56:22.459Z] InitialReadForge.onBeforeSend: SKIP (fr=true syn=false hasRead=true)
[2026-08-08T13:56:27.467Z] LiveUpdateForge: EndTurn fallback flush
[2026-08-08T13:56:27.467Z] onEndTurn: naturalStop=undefined toolCalls=78 nudgeMsg=no
[2026-08-08T13:56:27.468Z] LiveUpdateForge: EndTurn fallback flush
[2026-08-08T13:56:27.468Z] onEndTurn: naturalStop=false toolCalls=78 nudgeMsg=no
[2026-08-08T13:56:27.504Z] LiveUpdateForge: AfterToolExec flush
[2026-08-08T13:56:27.525Z] InitialReadForge.onBeforeSend: SKIP (fr=true syn=false hasRead=true)
[2026-08-08T13:56:31.980Z] LiveUpdateForge: EndTurn fallback flush
[2026-08-08T13:56:31.980Z] onEndTurn: naturalStop=undefined toolCalls=79 nudgeMsg=no
[2026-08-08T13:56:31.981Z] LiveUpdateForge: EndTurn fallback flush
[2026-08-08T13:56:31.981Z] onEndTurn: naturalStop=false toolCalls=79 nudgeMsg=no
[2026-08-08T13:56:32.025Z] LiveUpdateForge: AfterToolExec flush
[2026-08-08T13:56:32.047Z] InitialReadForge.onBeforeSend: SKIP (fr=true syn=false hasRead=true)
[2026-08-08T13:56:35.246Z] LiveUpdateForge: EndTurn fallback flush
[2026-08-08T13:56:35.246Z] onEndTurn: naturalStop=undefined toolCalls=80 nudgeMsg=no
[2026-08-08T13:56:35.247Z] LiveUpdateForge: EndTurn fallback flush
[2026-08-08T13:56:35.247Z] onEndTurn: naturalStop=false toolCalls=80 nudgeMsg=no
[2026-08-08T13:56:35.254Z] LiveUpdateForge: AfterToolExec flush
[2026-08-08T13:56:35.277Z] InitialReadForge.onBeforeSend: SKIP (fr=true syn=false hasRead=true)
[2026-08-08T13:56:37.988Z] LiveUpdateForge: EndTurn fallback flush
[2026-08-08T13:56:37.989Z] onEndTurn: naturalStop=undefined toolCalls=81 nudgeMsg=no
[2026-08-08T13:56:37.989Z] LiveUpdateForge: EndTurn fallback flush
[2026-08-08T13:56:37.989Z] onEndTurn: naturalStop=false toolCalls=81 nudgeMsg=no
[2026-08-08T13:56:37.996Z] LiveUpdateForge: AfterToolExec flush
[2026-08-08T13:56:38.018Z] InitialReadForge.onBeforeSend: SKIP (fr=true syn=false hasRead=true)
[2026-08-08T13:56:44.752Z] LiveUpdateForge: EndTurn fallback flush
[2026-08-08T13:56:44.752Z] onEndTurn: naturalStop=undefined toolCalls=82 nudgeMsg=no
[2026-08-08T13:56:44.752Z] LiveUpdateForge: EndTurn fallback flush
[2026-08-08T13:56:44.752Z] onEndTurn: naturalStop=false toolCalls=82 nudgeMsg=no
[2026-08-08T13:56:44.805Z] LiveUpdateForge: AfterToolExec flush
[2026-08-08T13:56:44.830Z] InitialReadForge.onBeforeSend: SKIP (fr=true syn=false hasRead=true)
[2026-08-08T13:56:47.484Z] LiveUpdateForge: EndTurn fallback flush
[2026-08-08T13:56:47.484Z] onEndTurn: naturalStop=undefined toolCalls=83 nudgeMsg=no
[2026-08-08T13:56:47.484Z] LiveUpdateForge: EndTurn fallback flush
[2026-08-08T13:56:47.484Z] onEndTurn: naturalStop=false toolCalls=83 nudgeMsg=no
[2026-08-08T13:56:47.583Z] LiveUpdateForge: AfterToolExec flush
[2026-08-08T13:56:47.604Z] InitialReadForge.onBeforeSend: SKIP (fr=true syn=false hasRead=true)
[2026-08-08T13:56:49.809Z] LiveUpdateForge: EndTurn fallback flush
[2026-08-08T13:56:49.810Z] onEndTurn: naturalStop=undefined toolCalls=84 nudgeMsg=no
[2026-08-08T13:56:49.810Z] LiveUpdateForge: EndTurn fallback flush
[2026-08-08T13:56:49.810Z] onEndTurn: naturalStop=false toolCalls=84 nudgeMsg=no
[2026-08-08T13:56:49.816Z] LiveUpdateForge: AfterToolExec flush
[2026-08-08T13:56:49.838Z] InitialReadForge.onBeforeSend: SKIP (fr=true syn=false hasRead=true)
[2026-08-08T13:56:53.423Z] LiveUpdateForge: EndTurn fallback flush
[2026-08-08T13:56:53.423Z] onEndTurn: naturalStop=undefined toolCalls=85 nudgeMsg=no
[2026-08-08T13:56:53.423Z] LiveUpdateForge: EndTurn fallback flush
[2026-08-08T13:56:53.423Z] onEndTurn: naturalStop=false toolCalls=85 nudgeMsg=no
[2026-08-08T13:56:53.482Z] LiveUpdateForge: AfterToolExec flush
[2026-08-08T13:56:53.504Z] InitialReadForge.onBeforeSend: SKIP (fr=true syn=false hasRead=true)
[2026-08-08T13:56:57.120Z] LiveUpdateForge: EndTurn fallback flush
[2026-08-08T13:56:57.120Z] onEndTurn: naturalStop=undefined toolCalls=86 nudgeMsg=no
[2026-08-08T13:56:57.120Z] LiveUpdateForge: EndTurn fallback flush
[2026-08-08T13:56:57.121Z] onEndTurn: naturalStop=false toolCalls=86 nudgeMsg=no
[2026-08-08T13:56:57.123Z] LiveUpdateForge: AfterToolExec flush
[2026-08-08T13:56:57.148Z] InitialReadForge.onBeforeSend: SKIP (fr=true syn=false hasRead=true)
[2026-08-08T13:56:59.375Z] LiveUpdateForge: EndTurn fallback flush
[2026-08-08T13:56:59.376Z] onEndTurn: naturalStop=undefined toolCalls=87 nudgeMsg=no
[2026-08-08T13:56:59.376Z] LiveUpdateForge: EndTurn fallback flush
[2026-08-08T13:56:59.377Z] onEndTurn: naturalStop=false toolCalls=87 nudgeMsg=no
[2026-08-08T13:56:59.384Z] LiveUpdateForge: AfterToolExec flush
[2026-08-08T13:56:59.410Z] InitialReadForge.onBeforeSend: SKIP (fr=true syn=false hasRead=true)
[2026-08-08T13:57:05.700Z] LiveUpdateForge: EndTurn fallback flush
[2026-08-08T13:57:05.700Z] onEndTurn: naturalStop=undefined toolCalls=88 nudgeMsg=no
[2026-08-08T13:57:05.701Z] LiveUpdateForge: EndTurn fallback flush
[2026-08-08T13:57:05.701Z] onEndTurn: naturalStop=false toolCalls=88 nudgeMsg=no
[2026-08-08T13:57:05.753Z] LiveUpdateForge: AfterToolExec flush
[2026-08-08T13:57:05.777Z] InitialReadForge.onBeforeSend: SKIP (fr=true syn=false hasRead=true)
[2026-08-08T13:57:09.089Z] LiveUpdateForge: EndTurn fallback flush
[2026-08-08T13:57:09.089Z] onEndTurn: naturalStop=undefined toolCalls=89 nudgeMsg=no
[2026-08-08T13:57:09.089Z] LiveUpdateForge: EndTurn fallback flush
[2026-08-08T13:57:09.090Z] onEndTurn: naturalStop=false toolCalls=89 nudgeMsg=no
[2026-08-08T13:57:09.094Z] LiveUpdateForge: AfterToolExec flush
[2026-08-08T13:57:09.117Z] InitialReadForge.onBeforeSend: SKIP (fr=true syn=false hasRead=true)
[2026-08-08T13:57:12.995Z] LiveUpdateForge: EndTurn fallback flush
[2026-08-08T13:57:12.995Z] onEndTurn: naturalStop=undefined toolCalls=90 nudgeMsg=no
[2026-08-08T13:57:12.996Z] LiveUpdateForge: EndTurn fallback flush
[2026-08-08T13:57:12.996Z] onEndTurn: naturalStop=false toolCalls=90 nudgeMsg=no
[2026-08-08T13:57:13.032Z] LiveUpdateForge: AfterToolExec flush
[2026-08-08T13:57:13.070Z] InitialReadForge.onBeforeSend: SKIP (fr=true syn=false hasRead=true)
[2026-08-08T13:57:15.646Z] LiveUpdateForge: EndTurn fallback flush
[2026-08-08T13:57:15.646Z] onEndTurn: naturalStop=undefined toolCalls=91 nudgeMsg=no
[2026-08-08T13:57:15.646Z] LiveUpdateForge: EndTurn fallback flush
[2026-08-08T13:57:15.647Z] onEndTurn: naturalStop=false toolCalls=91 nudgeMsg=no
[2026-08-08T13:57:21.578Z] LiveUpdateForge: AfterToolExec flush
[2026-08-08T13:57:21.601Z] InitialReadForge.onBeforeSend: SKIP (fr=true syn=false hasRead=true)
[2026-08-08T13:57:24.089Z] LiveUpdateForge: EndTurn fallback flush
[2026-08-08T13:57:24.089Z] onEndTurn: naturalStop=undefined toolCalls=92 nudgeMsg=no
[2026-08-08T13:57:24.089Z] LiveUpdateForge: EndTurn fallback flush
[2026-08-08T13:57:24.089Z] onEndTurn: naturalStop=false toolCalls=92 nudgeMsg=no
[2026-08-08T13:57:24.094Z] LiveUpdateForge: AfterToolExec flush
[2026-08-08T13:57:24.119Z] InitialReadForge.onBeforeSend: SKIP (fr=true syn=false hasRead=true)
[2026-08-08T13:57:26.676Z] LiveUpdateForge: EndTurn fallback flush
[2026-08-08T13:57:26.677Z] onEndTurn: naturalStop=undefined toolCalls=93 nudgeMsg=no
[2026-08-08T13:57:26.677Z] LiveUpdateForge: EndTurn fallback flush
[2026-08-08T13:57:26.678Z] onEndTurn: naturalStop=false toolCalls=93 nudgeMsg=no
[2026-08-08T13:57:26.683Z] LiveUpdateForge: AfterToolExec flush
[2026-08-08T13:57:26.705Z] InitialReadForge.onBeforeSend: SKIP (fr=true syn=false hasRead=true)
[2026-08-08T13:57:48.644Z] LiveUpdateForge: EndTurn fallback flush
[2026-08-08T13:57:48.644Z] onEndTurn: naturalStop=undefined toolCalls=94 nudgeMsg=no
[2026-08-08T13:57:48.645Z] LiveUpdateForge: EndTurn fallback flush
[2026-08-08T13:57:48.645Z] onEndTurn: naturalStop=false toolCalls=94 nudgeMsg=no
[2026-08-08T13:57:48.706Z] LiveUpdateForge: AfterToolExec flush
[2026-08-08T13:57:48.727Z] InitialReadForge.onBeforeSend: SKIP (fr=true syn=false hasRead=true)
[2026-08-08T13:57:52.393Z] LiveUpdateForge: EndTurn fallback flush
[2026-08-08T13:57:52.394Z] onEndTurn: naturalStop=undefined toolCalls=95 nudgeMsg=no
[2026-08-08T13:57:52.394Z] LiveUpdateForge: EndTurn fallback flush
[2026-08-08T13:57:52.395Z] onEndTurn: naturalStop=false toolCalls=95 nudgeMsg=no
[2026-08-08T13:57:56.819Z] LiveUpdateForge: AfterToolExec flush
[2026-08-08T13:57:56.845Z] InitialReadForge.onBeforeSend: SKIP (fr=true syn=false hasRead=true)
[2026-08-08T13:57:59.461Z] LiveUpdateForge: EndTurn fallback flush
[2026-08-08T13:57:59.461Z] onEndTurn: naturalStop=undefined toolCalls=96 nudgeMsg=no
[2026-08-08T13:57:59.462Z] LiveUpdateForge: EndTurn fallback flush
[2026-08-08T13:57:59.462Z] onEndTurn: naturalStop=false toolCalls=96 nudgeMsg=no
[2026-08-08T13:57:59.566Z] LiveUpdateForge: AfterToolExec flush
[2026-08-08T13:57:59.588Z] InitialReadForge.onBeforeSend: SKIP (fr=true syn=false hasRead=true)
[2026-08-08T13:58:03.526Z] LiveUpdateForge: EndTurn fallback flush
[2026-08-08T13:58:03.526Z] onEndTurn: naturalStop=undefined toolCalls=97 nudgeMsg=no
[2026-08-08T13:58:03.527Z] LiveUpdateForge: EndTurn fallback flush
[2026-08-08T13:58:03.527Z] onEndTurn: naturalStop=false toolCalls=97 nudgeMsg=no
[2026-08-08T13:58:03.558Z] LiveUpdateForge: AfterToolExec flush
[2026-08-08T13:58:03.582Z] InitialReadForge.onBeforeSend: SKIP (fr=true syn=false hasRead=true)
[2026-08-08T13:58:06.735Z] LiveUpdateForge: EndTurn fallback flush
[2026-08-08T13:58:06.735Z] onEndTurn: naturalStop=undefined toolCalls=98 nudgeMsg=no
[2026-08-08T13:58:06.735Z] LiveUpdateForge: EndTurn fallback flush
[2026-08-08T13:58:06.736Z] onEndTurn: naturalStop=false toolCalls=98 nudgeMsg=no
[2026-08-08T13:58:13.745Z] LiveUpdateForge: AfterToolExec flush
[2026-08-08T13:58:13.775Z] InitialReadForge.onBeforeSend: SKIP (fr=true syn=false hasRead=true)
[2026-08-08T13:58:17.980Z] LiveUpdateForge: EndTurn fallback flush
[2026-08-08T13:58:17.980Z] onEndTurn: naturalStop=undefined toolCalls=99 nudgeMsg=no
[2026-08-08T13:58:17.980Z] LiveUpdateForge: EndTurn fallback flush
[2026-08-08T13:58:17.980Z] onEndTurn: naturalStop=false toolCalls=99 nudgeMsg=no
[2026-08-08T13:58:19.427Z] LiveUpdateForge: AfterToolExec flush
[2026-08-08T13:58:19.451Z] InitialReadForge.onBeforeSend: SKIP (fr=true syn=false hasRead=true)
[2026-08-08T13:58:26.119Z] LiveUpdateForge: EndTurn fallback flush
[2026-08-08T13:58:26.120Z] onEndTurn: naturalStop=undefined toolCalls=100 nudgeMsg=no
[2026-08-08T13:58:26.120Z] LiveUpdateForge: EndTurn fallback flush
[2026-08-08T13:58:26.120Z] onEndTurn: naturalStop=false toolCalls=100 nudgeMsg=no
[2026-08-08T13:58:26.196Z] LiveUpdateForge: AfterToolExec flush
[2026-08-08T13:58:26.218Z] InitialReadForge.onBeforeSend: SKIP (fr=true syn=false hasRead=true)
[2026-08-08T13:58:28.945Z] LiveUpdateForge: EndTurn fallback flush
[2026-08-08T13:58:28.945Z] onEndTurn: naturalStop=undefined toolCalls=101 nudgeMsg=no
[2026-08-08T13:58:28.946Z] LiveUpdateForge: EndTurn fallback flush
[2026-08-08T13:58:28.946Z] onEndTurn: naturalStop=false toolCalls=101 nudgeMsg=no
[2026-08-08T13:58:30.691Z] LiveUpdateForge: AfterToolExec flush
[2026-08-08T13:58:30.717Z] InitialReadForge.onBeforeSend: SKIP (fr=true syn=false hasRead=true)
[2026-08-08T13:58:33.544Z] LiveUpdateForge: EndTurn fallback flush
[2026-08-08T13:58:33.544Z] onEndTurn: naturalStop=undefined toolCalls=102 nudgeMsg=no
[2026-08-08T13:58:33.545Z] LiveUpdateForge: EndTurn fallback flush
[2026-08-08T13:58:33.545Z] onEndTurn: naturalStop=false toolCalls=102 nudgeMsg=no
[2026-08-08T13:58:35.973Z] LiveUpdateForge: AfterToolExec flush
[2026-08-08T13:58:36.000Z] InitialReadForge.onBeforeSend: SKIP (fr=true syn=false hasRead=true)
[2026-08-08T13:58:38.853Z] LiveUpdateForge: EndTurn fallback flush
[2026-08-08T13:58:38.853Z] onEndTurn: naturalStop=undefined toolCalls=103 nudgeMsg=no
[2026-08-08T13:58:38.854Z] LiveUpdateForge: EndTurn fallback flush
[2026-08-08T13:58:38.854Z] onEndTurn: naturalStop=false toolCalls=103 nudgeMsg=no
[2026-08-08T13:58:42.246Z] LiveUpdateForge: AfterToolExec flush
[2026-08-08T13:58:42.273Z] InitialReadForge.onBeforeSend: SKIP (fr=true syn=false hasRead=true)
[2026-08-08T13:58:44.582Z] LiveUpdateForge: EndTurn fallback flush
[2026-08-08T13:58:44.583Z] onEndTurn: naturalStop=undefined toolCalls=104 nudgeMsg=no
[2026-08-08T13:58:44.583Z] LiveUpdateForge: EndTurn fallback flush
[2026-08-08T13:58:44.583Z] onEndTurn: naturalStop=false toolCalls=104 nudgeMsg=no
[2026-08-08T13:58:44.587Z] LiveUpdateForge: AfterToolExec flush
[2026-08-08T13:58:44.613Z] InitialReadForge.onBeforeSend: SKIP (fr=true syn=false hasRead=true)
[2026-08-08T13:58:47.475Z] LiveUpdateForge: EndTurn fallback flush
[2026-08-08T13:58:47.475Z] onEndTurn: naturalStop=undefined toolCalls=105 nudgeMsg=no
[2026-08-08T13:58:47.476Z] LiveUpdateForge: EndTurn fallback flush
[2026-08-08T13:58:47.476Z] onEndTurn: naturalStop=false toolCalls=105 nudgeMsg=no
[2026-08-08T13:58:47.479Z] LiveUpdateForge: AfterToolExec flush
[2026-08-08T13:58:47.502Z] InitialReadForge.onBeforeSend: SKIP (fr=true syn=false hasRead=true)
[2026-08-08T13:58:53.825Z] LiveUpdateForge: EndTurn fallback flush
[2026-08-08T13:58:53.825Z] onEndTurn: naturalStop=undefined toolCalls=106 nudgeMsg=no
[2026-08-08T13:58:53.825Z] LiveUpdateForge: EndTurn fallback flush
[2026-08-08T13:58:53.826Z] onEndTurn: naturalStop=false toolCalls=106 nudgeMsg=no
[2026-08-08T13:58:53.882Z] LiveUpdateForge: AfterToolExec flush
[2026-08-08T13:58:53.907Z] InitialReadForge.onBeforeSend: SKIP (fr=true syn=false hasRead=true)
[2026-08-08T13:58:57.092Z] LiveUpdateForge: EndTurn fallback flush
[2026-08-08T13:58:57.092Z] onEndTurn: naturalStop=undefined toolCalls=107 nudgeMsg=no
[2026-08-08T13:58:57.092Z] LiveUpdateForge: EndTurn fallback flush
[2026-08-08T13:58:57.092Z] onEndTurn: naturalStop=false toolCalls=107 nudgeMsg=no
[2026-08-08T13:58:57.146Z] LiveUpdateForge: AfterToolExec flush
[2026-08-08T13:58:57.168Z] InitialReadForge.onBeforeSend: SKIP (fr=true syn=false hasRead=true)
[2026-08-08T13:58:59.953Z] LiveUpdateForge: EndTurn fallback flush
[2026-08-08T13:58:59.953Z] onEndTurn: naturalStop=undefined toolCalls=108 nudgeMsg=no
[2026-08-08T13:58:59.954Z] LiveUpdateForge: EndTurn fallback flush
[2026-08-08T13:58:59.954Z] onEndTurn: naturalStop=false toolCalls=108 nudgeMsg=no
[2026-08-08T13:58:59.961Z] LiveUpdateForge: AfterToolExec flush
[2026-08-08T13:58:59.985Z] InitialReadForge.onBeforeSend: SKIP (fr=true syn=false hasRead=true)
[2026-08-08T13:59:10.864Z] LiveUpdateForge: EndTurn fallback flush
[2026-08-08T13:59:10.864Z] onEndTurn: naturalStop=undefined toolCalls=109 nudgeMsg=no
[2026-08-08T13:59:10.864Z] LiveUpdateForge: EndTurn fallback flush
[2026-08-08T13:59:10.864Z] onEndTurn: naturalStop=false toolCalls=109 nudgeMsg=no
[2026-08-08T13:59:10.914Z] LiveUpdateForge: AfterToolExec flush
[2026-08-08T13:59:10.938Z] InitialReadForge.onBeforeSend: SKIP (fr=true syn=false hasRead=true)
[2026-08-08T13:59:45.520Z] LiveUpdateForge: EndTurn fallback flush
[2026-08-08T13:59:45.520Z] onEndTurn: naturalStop=undefined toolCalls=110 nudgeMsg=no
[2026-08-08T13:59:45.520Z] LiveUpdateForge: EndTurn fallback flush
[2026-08-08T13:59:45.521Z] onEndTurn: naturalStop=false toolCalls=110 nudgeMsg=no
[2026-08-08T13:59:45.592Z] LiveUpdateForge: AfterToolExec flush
[2026-08-08T13:59:45.615Z] InitialReadForge.onBeforeSend: SKIP (fr=true syn=false hasRead=true)
[2026-08-08T13:59:48.395Z] LiveUpdateForge: EndTurn fallback flush
[2026-08-08T13:59:48.395Z] onEndTurn: naturalStop=undefined toolCalls=111 nudgeMsg=no
[2026-08-08T13:59:48.395Z] LiveUpdateForge: EndTurn fallback flush
[2026-08-08T13:59:48.396Z] onEndTurn: naturalStop=false toolCalls=111 nudgeMsg=no
[2026-08-08T13:59:48.399Z] LiveUpdateForge: AfterToolExec flush
[2026-08-08T13:59:48.422Z] InitialReadForge.onBeforeSend: SKIP (fr=true syn=false hasRead=true)
[2026-08-08T13:59:51.941Z] LiveUpdateForge: EndTurn fallback flush
[2026-08-08T13:59:51.942Z] onEndTurn: naturalStop=undefined toolCalls=112 nudgeMsg=no
[2026-08-08T13:59:51.942Z] LiveUpdateForge: EndTurn fallback flush
[2026-08-08T13:59:51.943Z] onEndTurn: naturalStop=false toolCalls=112 nudgeMsg=no
[2026-08-08T13:59:51.948Z] LiveUpdateForge: AfterToolExec flush
[2026-08-08T13:59:51.972Z] InitialReadForge.onBeforeSend: SKIP (fr=true syn=false hasRead=true)
[2026-08-08T13:59:56.702Z] LiveUpdateForge: EndTurn fallback flush
[2026-08-08T13:59:56.702Z] onEndTurn: naturalStop=undefined toolCalls=113 nudgeMsg=no
[2026-08-08T13:59:56.702Z] LiveUpdateForge: EndTurn fallback flush
[2026-08-08T13:59:56.703Z] onEndTurn: naturalStop=false toolCalls=113 nudgeMsg=no
[2026-08-08T13:59:56.764Z] LiveUpdateForge: AfterToolExec flush
[2026-08-08T13:59:56.790Z] InitialReadForge.onBeforeSend: SKIP (fr=true syn=false hasRead=true)
[2026-08-08T13:59:59.693Z] LiveUpdateForge: EndTurn fallback flush
[2026-08-08T13:59:59.693Z] onEndTurn: naturalStop=undefined toolCalls=114 nudgeMsg=no
[2026-08-08T13:59:59.693Z] LiveUpdateForge: EndTurn fallback flush
[2026-08-08T13:59:59.694Z] onEndTurn: naturalStop=false toolCalls=114 nudgeMsg=no
[2026-08-08T13:59:59.699Z] LiveUpdateForge: AfterToolExec flush
[2026-08-08T13:59:59.721Z] InitialReadForge.onBeforeSend: SKIP (fr=true syn=false hasRead=true)
[2026-08-08T14:00:05.845Z] LiveUpdateForge: EndTurn fallback flush
[2026-08-08T14:00:05.846Z] onEndTurn: naturalStop=undefined toolCalls=115 nudgeMsg=no
[2026-08-08T14:00:05.846Z] LiveUpdateForge: EndTurn fallback flush
[2026-08-08T14:00:05.847Z] onEndTurn: naturalStop=false toolCalls=115 nudgeMsg=no
[2026-08-08T14:00:05.906Z] LiveUpdateForge: AfterToolExec flush
[2026-08-08T14:00:05.931Z] InitialReadForge.onBeforeSend: SKIP (fr=true syn=false hasRead=true)
[2026-08-08T14:00:09.114Z] LiveUpdateForge: EndTurn fallback flush
[2026-08-08T14:00:09.114Z] onEndTurn: naturalStop=undefined toolCalls=116 nudgeMsg=no
[2026-08-08T14:00:09.115Z] LiveUpdateForge: EndTurn fallback flush
[2026-08-08T14:00:09.115Z] onEndTurn: naturalStop=false toolCalls=116 nudgeMsg=no
[2026-08-08T14:00:09.120Z] LiveUpdateForge: AfterToolExec flush
[2026-08-08T14:00:09.147Z] InitialReadForge.onBeforeSend: SKIP (fr=true syn=false hasRead=true)
[2026-08-08T14:00:12.217Z] LiveUpdateForge: EndTurn fallback flush
[2026-08-08T14:00:12.217Z] onEndTurn: naturalStop=undefined toolCalls=117 nudgeMsg=no
[2026-08-08T14:00:12.217Z] LiveUpdateForge: EndTurn fallback flush
[2026-08-08T14:00:12.217Z] onEndTurn: naturalStop=false toolCalls=117 nudgeMsg=no
[2026-08-08T14:00:12.223Z] LiveUpdateForge: AfterToolExec flush
[2026-08-08T14:00:12.247Z] InitialReadForge.onBeforeSend: SKIP (fr=true syn=false hasRead=true)
[2026-08-08T14:00:15.694Z] LiveUpdateForge: EndTurn fallback flush
[2026-08-08T14:00:15.695Z] onEndTurn: naturalStop=undefined toolCalls=118 nudgeMsg=no
[2026-08-08T14:00:15.695Z] LiveUpdateForge: EndTurn fallback flush
[2026-08-08T14:00:15.695Z] onEndTurn: naturalStop=false toolCalls=118 nudgeMsg=no
[2026-08-08T14:00:15.702Z] LiveUpdateForge: AfterToolExec flush
[2026-08-08T14:00:15.727Z] InitialReadForge.onBeforeSend: SKIP (fr=true syn=false hasRead=true)
[2026-08-08T14:00:31.318Z] LiveUpdateForge: EndTurn fallback flush
[2026-08-08T14:00:31.318Z] onEndTurn: naturalStop=undefined toolCalls=119 nudgeMsg=no
[2026-08-08T14:00:31.318Z] LiveUpdateForge: EndTurn fallback flush
[2026-08-08T14:00:31.318Z] onEndTurn: naturalStop=false toolCalls=119 nudgeMsg=no
[2026-08-08T14:00:31.396Z] LiveUpdateForge: AfterToolExec flush
[2026-08-08T14:00:31.421Z] InitialReadForge.onBeforeSend: SKIP (fr=true syn=false hasRead=true)
[2026-08-08T14:00:34.278Z] LiveUpdateForge: EndTurn fallback flush
[2026-08-08T14:00:34.278Z] onEndTurn: naturalStop=undefined toolCalls=120 nudgeMsg=no
[2026-08-08T14:00:34.278Z] LiveUpdateForge: EndTurn fallback flush
[2026-08-08T14:00:34.279Z] onEndTurn: naturalStop=false toolCalls=120 nudgeMsg=no
[2026-08-08T14:00:39.112Z] LiveUpdateForge: AfterToolExec flush
[2026-08-08T14:00:39.144Z] InitialReadForge.onBeforeSend: SKIP (fr=true syn=false hasRead=true)
[2026-08-08T14:00:43.981Z] LiveUpdateForge: EndTurn fallback flush
[2026-08-08T14:00:43.981Z] onEndTurn: naturalStop=undefined toolCalls=121 nudgeMsg=no
[2026-08-08T14:00:43.981Z] LiveUpdateForge: EndTurn fallback flush
[2026-08-08T14:00:43.982Z] onEndTurn: naturalStop=false toolCalls=121 nudgeMsg=no
[2026-08-08T14:00:44.035Z] LiveUpdateForge: AfterToolExec flush
[2026-08-08T14:00:44.061Z] InitialReadForge.onBeforeSend: SKIP (fr=true syn=false hasRead=true)
[2026-08-08T14:00:48.598Z] LiveUpdateForge: EndTurn fallback flush
[2026-08-08T14:00:48.599Z] onEndTurn: naturalStop=undefined toolCalls=122 nudgeMsg=no
[2026-08-08T14:00:48.599Z] LiveUpdateForge: EndTurn fallback flush
[2026-08-08T14:00:48.599Z] onEndTurn: naturalStop=false toolCalls=122 nudgeMsg=no
[2026-08-08T14:00:48.648Z] LiveUpdateForge: AfterToolExec flush
[2026-08-08T14:00:48.671Z] InitialReadForge.onBeforeSend: SKIP (fr=true syn=false hasRead=true)
[2026-08-08T14:00:51.627Z] LiveUpdateForge: EndTurn fallback flush
[2026-08-08T14:00:51.627Z] onEndTurn: naturalStop=undefined toolCalls=123 nudgeMsg=no
[2026-08-08T14:00:51.627Z] LiveUpdateForge: EndTurn fallback flush
[2026-08-08T14:00:51.628Z] onEndTurn: naturalStop=false toolCalls=123 nudgeMsg=no
[2026-08-08T14:00:55.554Z] LiveUpdateForge: AfterToolExec flush
[2026-08-08T14:00:55.583Z] InitialReadForge.onBeforeSend: SKIP (fr=true syn=false hasRead=true)
[2026-08-08T14:01:24.001Z] LiveUpdateForge: EndTurn fallback flush
[2026-08-08T14:01:24.001Z] onEndTurn: naturalStop=undefined toolCalls=124 nudgeMsg=no
[2026-08-08T14:01:24.002Z] LiveUpdateForge: EndTurn fallback flush
[2026-08-08T14:01:24.002Z] onEndTurn: naturalStop=false toolCalls=124 nudgeMsg=no
[2026-08-08T14:01:24.080Z] LiveUpdateForge: AfterToolExec flush
[2026-08-08T14:01:24.107Z] InitialReadForge.onBeforeSend: SKIP (fr=true syn=false hasRead=true)
[2026-08-08T14:01:28.234Z] LiveUpdateForge: EndTurn fallback flush
[2026-08-08T14:01:28.234Z] onEndTurn: naturalStop=undefined toolCalls=125 nudgeMsg=no
[2026-08-08T14:01:28.235Z] LiveUpdateForge: EndTurn fallback flush
[2026-08-08T14:01:28.235Z] onEndTurn: naturalStop=false toolCalls=125 nudgeMsg=no
[2026-08-08T14:01:32.984Z] LiveUpdateForge: AfterToolExec flush
[2026-08-08T14:01:33.019Z] InitialReadForge.onBeforeSend: SKIP (fr=true syn=false hasRead=true)
[2026-08-08T14:01:36.869Z] LiveUpdateForge: EndTurn fallback flush
[2026-08-08T14:01:36.870Z] onEndTurn: naturalStop=undefined toolCalls=126 nudgeMsg=no
[2026-08-08T14:01:36.870Z] LiveUpdateForge: EndTurn fallback flush
[2026-08-08T14:01:36.870Z] onEndTurn: naturalStop=false toolCalls=126 nudgeMsg=no
[2026-08-08T14:01:36.938Z] LiveUpdateForge: AfterToolExec flush
[2026-08-08T14:01:36.968Z] InitialReadForge.onBeforeSend: SKIP (fr=true syn=false hasRead=true)
[2026-08-08T14:01:40.087Z] LiveUpdateForge: EndTurn fallback flush
[2026-08-08T14:01:40.088Z] onEndTurn: naturalStop=undefined toolCalls=127 nudgeMsg=no
[2026-08-08T14:01:40.088Z] LiveUpdateForge: EndTurn fallback flush
[2026-08-08T14:01:40.088Z] onEndTurn: naturalStop=false toolCalls=127 nudgeMsg=no
[2026-08-08T14:01:40.183Z] LiveUpdateForge: AfterToolExec flush
[2026-08-08T14:01:40.209Z] InitialReadForge.onBeforeSend: SKIP (fr=true syn=false hasRead=true)
[2026-08-08T14:01:44.524Z] LiveUpdateForge: EndTurn fallback flush
[2026-08-08T14:01:44.524Z] onEndTurn: naturalStop=undefined toolCalls=128 nudgeMsg=no
[2026-08-08T14:01:44.524Z] LiveUpdateForge: EndTurn fallback flush
[2026-08-08T14:01:44.525Z] onEndTurn: naturalStop=false toolCalls=128 nudgeMsg=no
[2026-08-08T14:01:44.530Z] LiveUpdateForge: AfterToolExec flush
[2026-08-08T14:01:44.561Z] InitialReadForge.onBeforeSend: SKIP (fr=true syn=false hasRead=true)
[2026-08-08T14:01:47.230Z] LiveUpdateForge: EndTurn fallback flush
[2026-08-08T14:01:47.231Z] onEndTurn: naturalStop=undefined toolCalls=129 nudgeMsg=no
[2026-08-08T14:01:47.231Z] LiveUpdateForge: EndTurn fallback flush
[2026-08-08T14:01:47.231Z] onEndTurn: naturalStop=false toolCalls=129 nudgeMsg=no
[2026-08-08T14:01:47.239Z] LiveUpdateForge: AfterToolExec flush
[2026-08-08T14:01:47.263Z] InitialReadForge.onBeforeSend: SKIP (fr=true syn=false hasRead=true)
[2026-08-08T14:01:50.946Z] LiveUpdateForge: EndTurn fallback flush
[2026-08-08T14:01:50.946Z] onEndTurn: naturalStop=undefined toolCalls=130 nudgeMsg=no
[2026-08-08T14:01:50.947Z] LiveUpdateForge: EndTurn fallback flush
[2026-08-08T14:01:50.947Z] onEndTurn: naturalStop=false toolCalls=130 nudgeMsg=no
[2026-08-08T14:01:51.000Z] LiveUpdateForge: AfterToolExec flush
[2026-08-08T14:01:51.028Z] InitialReadForge.onBeforeSend: SKIP (fr=true syn=false hasRead=true)
[2026-08-08T14:01:54.403Z] LiveUpdateForge: EndTurn fallback flush
[2026-08-08T14:01:54.403Z] onEndTurn: naturalStop=undefined toolCalls=131 nudgeMsg=no
[2026-08-08T14:01:54.403Z] LiveUpdateForge: EndTurn fallback flush
[2026-08-08T14:01:54.404Z] onEndTurn: naturalStop=false toolCalls=131 nudgeMsg=no
[2026-08-08T14:01:54.497Z] LiveUpdateForge: AfterToolExec flush
[2026-08-08T14:01:54.522Z] InitialReadForge.onBeforeSend: SKIP (fr=true syn=false hasRead=true)
[2026-08-08T14:01:57.156Z] LiveUpdateForge: EndTurn fallback flush
[2026-08-08T14:01:57.156Z] onEndTurn: naturalStop=undefined toolCalls=132 nudgeMsg=no
[2026-08-08T14:01:57.156Z] LiveUpdateForge: EndTurn fallback flush
[2026-08-08T14:01:57.157Z] onEndTurn: naturalStop=false toolCalls=132 nudgeMsg=no
[2026-08-08T14:01:57.265Z] LiveUpdateForge: AfterToolExec flush
[2026-08-08T14:01:57.291Z] InitialReadForge.onBeforeSend: SKIP (fr=true syn=false hasRead=true)
[2026-08-08T14:02:00.836Z] LiveUpdateForge: EndTurn fallback flush
[2026-08-08T14:02:00.836Z] onEndTurn: naturalStop=undefined toolCalls=133 nudgeMsg=no
[2026-08-08T14:02:00.836Z] LiveUpdateForge: EndTurn fallback flush
[2026-08-08T14:02:00.837Z] onEndTurn: naturalStop=false toolCalls=133 nudgeMsg=no
[2026-08-08T14:02:00.843Z] LiveUpdateForge: AfterToolExec flush
[2026-08-08T14:02:00.871Z] InitialReadForge.onBeforeSend: SKIP (fr=true syn=false hasRead=true)
[2026-08-08T14:02:03.614Z] LiveUpdateForge: EndTurn fallback flush
[2026-08-08T14:02:03.615Z] onEndTurn: naturalStop=undefined toolCalls=134 nudgeMsg=no
[2026-08-08T14:02:03.615Z] LiveUpdateForge: EndTurn fallback flush
[2026-08-08T14:02:03.615Z] onEndTurn: naturalStop=false toolCalls=134 nudgeMsg=no
[2026-08-08T14:02:03.620Z] LiveUpdateForge: AfterToolExec flush
[2026-08-08T14:02:03.643Z] InitialReadForge.onBeforeSend: SKIP (fr=true syn=false hasRead=true)
[2026-08-08T14:02:42.694Z] LiveUpdateForge: EndTurn fallback flush
[2026-08-08T14:02:42.694Z] onEndTurn: naturalStop=undefined toolCalls=135 nudgeMsg=no
[2026-08-08T14:02:42.694Z] LiveUpdateForge: EndTurn fallback flush
[2026-08-08T14:02:42.695Z] onEndTurn: naturalStop=false toolCalls=135 nudgeMsg=no
[2026-08-08T14:02:42.729Z] LiveUpdateForge: AfterToolExec flush
[2026-08-08T14:02:42.758Z] InitialReadForge.onBeforeSend: SKIP (fr=true syn=false hasRead=true)
[2026-08-08T14:02:46.158Z] LiveUpdateForge: EndTurn fallback flush
[2026-08-08T14:02:46.158Z] onEndTurn: naturalStop=undefined toolCalls=136 nudgeMsg=no
[2026-08-08T14:02:46.159Z] LiveUpdateForge: EndTurn fallback flush
[2026-08-08T14:02:46.159Z] onEndTurn: naturalStop=false toolCalls=136 nudgeMsg=no
[2026-08-08T14:02:52.746Z] LiveUpdateForge: AfterToolExec flush
[2026-08-08T14:02:52.779Z] InitialReadForge.onBeforeSend: SKIP (fr=true syn=false hasRead=true)
[2026-08-08T14:02:57.477Z] LiveUpdateForge: EndTurn fallback flush
[2026-08-08T14:02:57.478Z] onEndTurn: naturalStop=undefined toolCalls=137 nudgeMsg=no
[2026-08-08T14:02:57.478Z] LiveUpdateForge: EndTurn fallback flush
[2026-08-08T14:02:57.478Z] onEndTurn: naturalStop=false toolCalls=137 nudgeMsg=no
[2026-08-08T14:03:03.419Z] LiveUpdateForge: AfterToolExec flush
[2026-08-08T14:03:03.452Z] InitialReadForge.onBeforeSend: SKIP (fr=true syn=false hasRead=true)
[2026-08-08T14:03:08.340Z] LiveUpdateForge: EndTurn fallback flush
[2026-08-08T14:03:08.340Z] onEndTurn: naturalStop=undefined toolCalls=138 nudgeMsg=no
[2026-08-08T14:03:08.341Z] LiveUpdateForge: EndTurn fallback flush
[2026-08-08T14:03:08.341Z] onEndTurn: naturalStop=false toolCalls=138 nudgeMsg=no
[2026-08-08T14:03:08.440Z] LiveUpdateForge: AfterToolExec flush
[2026-08-08T14:03:08.467Z] InitialReadForge.onBeforeSend: SKIP (fr=true syn=false hasRead=true)
[2026-08-08T14:03:19.751Z] LiveUpdateForge: EndTurn fallback flush
[2026-08-08T14:03:19.751Z] onEndTurn: naturalStop=undefined toolCalls=139 nudgeMsg=no
[2026-08-08T14:03:19.752Z] LiveUpdateForge: EndTurn fallback flush
[2026-08-08T14:03:19.752Z] onEndTurn: naturalStop=false toolCalls=139 nudgeMsg=no
[2026-08-08T14:03:19.857Z] LiveUpdateForge: AfterToolExec flush
[2026-08-08T14:03:19.882Z] InitialReadForge.onBeforeSend: SKIP (fr=true syn=false hasRead=true)
[2026-08-08T14:03:27.953Z] LiveUpdateForge: EndTurn fallback flush
[2026-08-08T14:03:27.954Z] onEndTurn: naturalStop=undefined toolCalls=140 nudgeMsg=no
[2026-08-08T14:03:27.954Z] LiveUpdateForge: EndTurn fallback flush
[2026-08-08T14:03:27.954Z] onEndTurn: naturalStop=false toolCalls=140 nudgeMsg=no
[2026-08-08T14:03:27.960Z] LiveUpdateForge: AfterToolExec flush
[2026-08-08T14:03:27.984Z] InitialReadForge.onBeforeSend: SKIP (fr=true syn=false hasRead=true)
[2026-08-08T14:03:31.674Z] LiveUpdateForge: EndTurn fallback flush
[2026-08-08T14:03:31.674Z] onEndTurn: naturalStop=undefined toolCalls=141 nudgeMsg=no
[2026-08-08T14:03:31.675Z] LiveUpdateForge: EndTurn fallback flush
[2026-08-08T14:03:31.675Z] onEndTurn: naturalStop=false toolCalls=141 nudgeMsg=no
[2026-08-08T14:03:31.733Z] LiveUpdateForge: AfterToolExec flush
[2026-08-08T14:03:31.761Z] InitialReadForge.onBeforeSend: SKIP (fr=true syn=false hasRead=true)
[2026-08-08T14:03:35.402Z] LiveUpdateForge: EndTurn fallback flush
[2026-08-08T14:03:35.402Z] onEndTurn: naturalStop=undefined toolCalls=142 nudgeMsg=no
[2026-08-08T14:03:35.402Z] LiveUpdateForge: EndTurn fallback flush
[2026-08-08T14:03:35.402Z] onEndTurn: naturalStop=false toolCalls=142 nudgeMsg=no
[2026-08-08T14:03:35.408Z] LiveUpdateForge: AfterToolExec flush
[2026-08-08T14:03:35.432Z] InitialReadForge.onBeforeSend: SKIP (fr=true syn=false hasRead=true)
[2026-08-08T14:03:46.769Z] LiveUpdateForge: EndTurn fallback flush
[2026-08-08T14:03:46.769Z] onEndTurn: naturalStop=undefined toolCalls=143 nudgeMsg=no
[2026-08-08T14:03:46.770Z] LiveUpdateForge: EndTurn fallback flush
[2026-08-08T14:03:46.770Z] onEndTurn: naturalStop=false toolCalls=143 nudgeMsg=no
[2026-08-08T14:03:46.816Z] LiveUpdateForge: AfterToolExec flush
[2026-08-08T14:03:46.845Z] InitialReadForge.onBeforeSend: SKIP (fr=true syn=false hasRead=true)
[2026-08-08T14:03:50.691Z] LiveUpdateForge: EndTurn fallback flush
[2026-08-08T14:03:50.691Z] onEndTurn: naturalStop=undefined toolCalls=144 nudgeMsg=no
[2026-08-08T14:03:50.691Z] LiveUpdateForge: EndTurn fallback flush
[2026-08-08T14:03:50.692Z] onEndTurn: naturalStop=false toolCalls=144 nudgeMsg=no
[2026-08-08T14:03:50.735Z] LiveUpdateForge: AfterToolExec flush
[2026-08-08T14:03:50.762Z] InitialReadForge.onBeforeSend: SKIP (fr=true syn=false hasRead=true)
[2026-08-08T14:03:58.900Z] LiveUpdateForge: EndTurn fallback flush
[2026-08-08T14:03:58.900Z] onEndTurn: naturalStop=undefined toolCalls=145 nudgeMsg=no
[2026-08-08T14:03:58.900Z] LiveUpdateForge: EndTurn fallback flush
[2026-08-08T14:03:58.900Z] onEndTurn: naturalStop=false toolCalls=145 nudgeMsg=no
[2026-08-08T14:04:05.930Z] LiveUpdateForge: AfterToolExec flush
[2026-08-08T14:04:05.966Z] InitialReadForge.onBeforeSend: SKIP (fr=true syn=false hasRead=true)
[2026-08-08T14:04:11.624Z] LiveUpdateForge: EndTurn fallback flush
[2026-08-08T14:04:11.624Z] onEndTurn: naturalStop=undefined toolCalls=146 nudgeMsg=no
[2026-08-08T14:04:11.624Z] LiveUpdateForge: EndTurn fallback flush
[2026-08-08T14:04:11.625Z] onEndTurn: naturalStop=false toolCalls=146 nudgeMsg=no
[2026-08-08T14:04:11.681Z] LiveUpdateForge: AfterToolExec flush
[2026-08-08T14:04:11.711Z] InitialReadForge.onBeforeSend: SKIP (fr=true syn=false hasRead=true)
[2026-08-08T14:04:15.072Z] LiveUpdateForge: EndTurn fallback flush
[2026-08-08T14:04:15.072Z] onEndTurn: naturalStop=undefined toolCalls=147 nudgeMsg=no
[2026-08-08T14:04:15.072Z] LiveUpdateForge: EndTurn fallback flush
[2026-08-08T14:04:15.072Z] onEndTurn: naturalStop=false toolCalls=147 nudgeMsg=no
[2026-08-08T14:04:15.079Z] LiveUpdateForge: AfterToolExec flush
[2026-08-08T14:04:15.104Z] InitialReadForge.onBeforeSend: SKIP (fr=true syn=false hasRead=true)
[2026-08-08T14:04:20.151Z] LiveUpdateForge: EndTurn fallback flush
[2026-08-08T14:04:20.151Z] onEndTurn: naturalStop=undefined toolCalls=148 nudgeMsg=no
[2026-08-08T14:04:20.151Z] LiveUpdateForge: EndTurn fallback flush
[2026-08-08T14:04:20.151Z] onEndTurn: naturalStop=false toolCalls=148 nudgeMsg=no
[2026-08-08T14:04:20.243Z] LiveUpdateForge: AfterToolExec flush
[2026-08-08T14:04:20.269Z] InitialReadForge.onBeforeSend: SKIP (fr=true syn=false hasRead=true)
[2026-08-08T14:04:24.021Z] LiveUpdateForge: EndTurn fallback flush
[2026-08-08T14:04:24.021Z] onEndTurn: naturalStop=undefined toolCalls=149 nudgeMsg=no
[2026-08-08T14:04:24.022Z] LiveUpdateForge: EndTurn fallback flush
[2026-08-08T14:04:24.022Z] onEndTurn: naturalStop=false toolCalls=149 nudgeMsg=no
[2026-08-08T14:04:24.068Z] LiveUpdateForge: AfterToolExec flush
[2026-08-08T14:04:24.092Z] InitialReadForge.onBeforeSend: SKIP (fr=true syn=false hasRead=true)
[2026-08-08T14:04:27.199Z] LiveUpdateForge: EndTurn fallback flush
[2026-08-08T14:04:27.199Z] onEndTurn: naturalStop=undefined toolCalls=150 nudgeMsg=no
[2026-08-08T14:04:27.199Z] LiveUpdateForge: EndTurn fallback flush
[2026-08-08T14:04:27.199Z] onEndTurn: naturalStop=false toolCalls=150 nudgeMsg=no
[2026-08-08T14:04:27.254Z] LiveUpdateForge: AfterToolExec flush
[2026-08-08T14:04:27.281Z] InitialReadForge.onBeforeSend: SKIP (fr=true syn=false hasRead=true)
[2026-08-08T14:04:30.515Z] LiveUpdateForge: EndTurn fallback flush
[2026-08-08T14:04:30.515Z] onEndTurn: naturalStop=undefined toolCalls=151 nudgeMsg=no
[2026-08-08T14:04:30.515Z] LiveUpdateForge: EndTurn fallback flush
[2026-08-08T14:04:30.515Z] onEndTurn: naturalStop=false toolCalls=151 nudgeMsg=no
[2026-08-08T14:04:30.521Z] LiveUpdateForge: AfterToolExec flush
[2026-08-08T14:04:30.546Z] InitialReadForge.onBeforeSend: SKIP (fr=true syn=false hasRead=true)
[2026-08-08T14:04:33.511Z] LiveUpdateForge: EndTurn fallback flush
[2026-08-08T14:04:33.511Z] onEndTurn: naturalStop=undefined toolCalls=152 nudgeMsg=no
[2026-08-08T14:04:33.511Z] LiveUpdateForge: EndTurn fallback flush
[2026-08-08T14:04:33.512Z] onEndTurn: naturalStop=false toolCalls=152 nudgeMsg=no
[2026-08-08T14:04:33.566Z] LiveUpdateForge: AfterToolExec flush
[2026-08-08T14:04:33.592Z] InitialReadForge.onBeforeSend: SKIP (fr=true syn=false hasRead=true)
[2026-08-08T14:04:36.650Z] LiveUpdateForge: EndTurn fallback flush
[2026-08-08T14:04:36.651Z] onEndTurn: naturalStop=undefined toolCalls=153 nudgeMsg=no
[2026-08-08T14:04:36.651Z] LiveUpdateForge: EndTurn fallback flush
[2026-08-08T14:04:36.652Z] onEndTurn: naturalStop=false toolCalls=153 nudgeMsg=no
[2026-08-08T14:04:36.658Z] LiveUpdateForge: AfterToolExec flush
[2026-08-08T14:04:36.683Z] InitialReadForge.onBeforeSend: SKIP (fr=true syn=false hasRead=true)
[2026-08-08T14:04:41.121Z] LiveUpdateForge: EndTurn fallback flush
[2026-08-08T14:04:41.122Z] onEndTurn: naturalStop=undefined toolCalls=154 nudgeMsg=no
[2026-08-08T14:04:41.122Z] LiveUpdateForge: EndTurn fallback flush
[2026-08-08T14:04:41.122Z] onEndTurn: naturalStop=false toolCalls=154 nudgeMsg=no
[2026-08-08T14:04:41.192Z] LiveUpdateForge: AfterToolExec flush
[2026-08-08T14:04:41.219Z] InitialReadForge.onBeforeSend: SKIP (fr=true syn=false hasRead=true)
[2026-08-08T14:04:45.043Z] LiveUpdateForge: EndTurn fallback flush
[2026-08-08T14:04:45.043Z] onEndTurn: naturalStop=undefined toolCalls=155 nudgeMsg=no
[2026-08-08T14:04:45.043Z] LiveUpdateForge: EndTurn fallback flush
[2026-08-08T14:04:45.043Z] onEndTurn: naturalStop=false toolCalls=155 nudgeMsg=no
[2026-08-08T14:04:45.093Z] LiveUpdateForge: AfterToolExec flush
[2026-08-08T14:04:45.119Z] InitialReadForge.onBeforeSend: SKIP (fr=true syn=false hasRead=true)
[2026-08-08T14:04:49.207Z] LiveUpdateForge: EndTurn fallback flush
[2026-08-08T14:04:49.208Z] onEndTurn: naturalStop=undefined toolCalls=156 nudgeMsg=no
[2026-08-08T14:04:49.208Z] LiveUpdateForge: EndTurn fallback flush
[2026-08-08T14:04:49.208Z] onEndTurn: naturalStop=false toolCalls=156 nudgeMsg=no
[2026-08-08T14:04:55.593Z] LiveUpdateForge: AfterToolExec flush
[2026-08-08T14:04:55.624Z] InitialReadForge.onBeforeSend: SKIP (fr=true syn=false hasRead=true)
[2026-08-08T14:04:59.101Z] LiveUpdateForge: EndTurn fallback flush
[2026-08-08T14:04:59.101Z] onEndTurn: naturalStop=undefined toolCalls=157 nudgeMsg=no
[2026-08-08T14:04:59.102Z] LiveUpdateForge: EndTurn fallback flush
[2026-08-08T14:04:59.102Z] onEndTurn: naturalStop=false toolCalls=157 nudgeMsg=no
[2026-08-08T14:04:59.107Z] LiveUpdateForge: AfterToolExec flush
[2026-08-08T14:04:59.134Z] InitialReadForge.onBeforeSend: SKIP (fr=true syn=false hasRead=true)
[2026-08-08T14:05:05.379Z] LiveUpdateForge: EndTurn fallback flush
[2026-08-08T14:05:05.380Z] onEndTurn: naturalStop=undefined toolCalls=158 nudgeMsg=no
[2026-08-08T14:05:05.380Z] LiveUpdateForge: EndTurn fallback flush
[2026-08-08T14:05:05.380Z] onEndTurn: naturalStop=false toolCalls=158 nudgeMsg=no
[2026-08-08T14:05:05.386Z] LiveUpdateForge: AfterToolExec flush
[2026-08-08T14:05:05.412Z] InitialReadForge.onBeforeSend: SKIP (fr=true syn=false hasRead=true)
[2026-08-08T14:05:10.442Z] LiveUpdateForge: EndTurn fallback flush
[2026-08-08T14:05:10.442Z] onEndTurn: naturalStop=undefined toolCalls=159 nudgeMsg=no
[2026-08-08T14:05:10.442Z] LiveUpdateForge: EndTurn fallback flush
[2026-08-08T14:05:10.443Z] onEndTurn: naturalStop=false toolCalls=159 nudgeMsg=no
[2026-08-08T14:05:10.526Z] LiveUpdateForge: AfterToolExec flush
[2026-08-08T14:05:10.554Z] InitialReadForge.onBeforeSend: SKIP (fr=true syn=false hasRead=true)
[2026-08-08T14:05:13.715Z] LiveUpdateForge: EndTurn fallback flush
[2026-08-08T14:05:13.715Z] onEndTurn: naturalStop=undefined toolCalls=160 nudgeMsg=no
[2026-08-08T14:05:13.715Z] LiveUpdateForge: EndTurn fallback flush
[2026-08-08T14:05:13.715Z] onEndTurn: naturalStop=false toolCalls=160 nudgeMsg=no
[2026-08-08T14:05:20.938Z] LiveUpdateForge: AfterToolExec flush
[2026-08-08T14:05:20.970Z] InitialReadForge.onBeforeSend: SKIP (fr=true syn=false hasRead=true)
[2026-08-08T14:05:24.481Z] LiveUpdateForge: EndTurn fallback flush
[2026-08-08T14:05:24.481Z] onEndTurn: naturalStop=undefined toolCalls=161 nudgeMsg=no
[2026-08-08T14:05:24.481Z] LiveUpdateForge: EndTurn fallback flush
[2026-08-08T14:05:24.481Z] onEndTurn: naturalStop=false toolCalls=161 nudgeMsg=no
[2026-08-08T14:05:37.986Z] LiveUpdateForge: AfterToolExec flush
[2026-08-08T14:05:38.026Z] InitialReadForge.onBeforeSend: SKIP (fr=true syn=false hasRead=true)
[2026-08-08T14:05:43.357Z] LiveUpdateForge: EndTurn fallback flush
[2026-08-08T14:05:43.358Z] onEndTurn: naturalStop=undefined toolCalls=162 nudgeMsg=no
[2026-08-08T14:05:43.358Z] LiveUpdateForge: EndTurn fallback flush
[2026-08-08T14:05:43.358Z] onEndTurn: naturalStop=false toolCalls=162 nudgeMsg=no
[2026-08-08T14:05:44.935Z] LiveUpdateForge: AfterToolExec flush
[2026-08-08T14:05:44.973Z] InitialReadForge.onBeforeSend: SKIP (fr=true syn=false hasRead=true)
[2026-08-08T14:05:53.042Z] LiveUpdateForge: EndTurn fallback flush
[2026-08-08T14:05:53.043Z] onEndTurn: naturalStop=undefined toolCalls=163 nudgeMsg=no
[2026-08-08T14:05:53.043Z] LiveUpdateForge: EndTurn fallback flush
[2026-08-08T14:05:53.044Z] onEndTurn: naturalStop=false toolCalls=163 nudgeMsg=no
[2026-08-08T14:05:53.090Z] LiveUpdateForge: AfterToolExec flush
[2026-08-08T14:05:53.118Z] InitialReadForge.onBeforeSend: SKIP (fr=true syn=false hasRead=true)
[2026-08-08T14:05:56.738Z] LiveUpdateForge: EndTurn fallback flush
[2026-08-08T14:05:56.738Z] onEndTurn: naturalStop=undefined toolCalls=164 nudgeMsg=no
[2026-08-08T14:05:56.738Z] LiveUpdateForge: EndTurn fallback flush
[2026-08-08T14:05:56.739Z] onEndTurn: naturalStop=false toolCalls=164 nudgeMsg=no
[2026-08-08T14:05:58.405Z] LiveUpdateForge: AfterToolExec flush
[2026-08-08T14:05:58.435Z] InitialReadForge.onBeforeSend: SKIP (fr=true syn=false hasRead=true)
[2026-08-08T14:06:01.957Z] LiveUpdateForge: EndTurn fallback flush
[2026-08-08T14:06:01.957Z] onEndTurn: naturalStop=undefined toolCalls=165 nudgeMsg=no
[2026-08-08T14:06:01.958Z] LiveUpdateForge: EndTurn fallback flush
[2026-08-08T14:06:01.958Z] onEndTurn: naturalStop=false toolCalls=165 nudgeMsg=no
[2026-08-08T14:06:04.411Z] LiveUpdateForge: AfterToolExec flush
[2026-08-08T14:06:04.446Z] InitialReadForge.onBeforeSend: SKIP (fr=true syn=false hasRead=true)
[2026-08-08T14:06:07.334Z] LiveUpdateForge: EndTurn fallback flush
[2026-08-08T14:06:07.334Z] onEndTurn: naturalStop=undefined toolCalls=166 nudgeMsg=no
[2026-08-08T14:06:07.334Z] LiveUpdateForge: EndTurn fallback flush
[2026-08-08T14:06:07.335Z] onEndTurn: naturalStop=false toolCalls=166 nudgeMsg=no
[2026-08-08T14:06:10.637Z] LiveUpdateForge: AfterToolExec flush
[2026-08-08T14:06:10.668Z] InitialReadForge.onBeforeSend: SKIP (fr=true syn=false hasRead=true)
[2026-08-08T14:06:14.147Z] LiveUpdateForge: EndTurn fallback flush
[2026-08-08T14:06:14.148Z] onEndTurn: naturalStop=undefined toolCalls=167 nudgeMsg=no
[2026-08-08T14:06:14.148Z] LiveUpdateForge: EndTurn fallback flush
[2026-08-08T14:06:14.148Z] onEndTurn: naturalStop=false toolCalls=167 nudgeMsg=no
[2026-08-08T14:06:14.153Z] LiveUpdateForge: AfterToolExec flush
[2026-08-08T14:06:14.180Z] InitialReadForge.onBeforeSend: SKIP (fr=true syn=false hasRead=true)
[2026-08-08T14:06:17.221Z] LiveUpdateForge: EndTurn fallback flush
[2026-08-08T14:06:17.221Z] onEndTurn: naturalStop=undefined toolCalls=168 nudgeMsg=no
[2026-08-08T14:06:17.221Z] LiveUpdateForge: EndTurn fallback flush
[2026-08-08T14:06:17.221Z] onEndTurn: naturalStop=false toolCalls=168 nudgeMsg=no
[2026-08-08T14:06:17.225Z] LiveUpdateForge: AfterToolExec flush
[2026-08-08T14:06:17.253Z] InitialReadForge.onBeforeSend: SKIP (fr=true syn=false hasRead=true)
[2026-08-08T14:07:00.080Z] LiveUpdateForge: EndTurn fallback flush
[2026-08-08T14:07:00.080Z] onEndTurn: naturalStop=undefined toolCalls=169 nudgeMsg=no
[2026-08-08T14:07:00.080Z] LiveUpdateForge: EndTurn fallback flush
[2026-08-08T14:07:00.081Z] onEndTurn: naturalStop=false toolCalls=169 nudgeMsg=no
[2026-08-08T14:07:00.151Z] LiveUpdateForge: AfterToolExec flush
[2026-08-08T14:07:00.178Z] InitialReadForge.onBeforeSend: SKIP (fr=true syn=false hasRead=true)
[2026-08-08T14:07:17.423Z] LiveUpdateForge: EndTurn fallback flush
[2026-08-08T14:07:17.424Z] onEndTurn: naturalStop=undefined toolCalls=170 nudgeMsg=no
[2026-08-08T14:07:17.424Z] LiveUpdateForge: EndTurn fallback flush
[2026-08-08T14:07:17.424Z] onEndTurn: naturalStop=false toolCalls=170 nudgeMsg=no
[2026-08-08T14:07:17.499Z] LiveUpdateForge: AfterToolExec flush
[2026-08-08T14:07:17.528Z] InitialReadForge.onBeforeSend: SKIP (fr=true syn=false hasRead=true)
[2026-08-08T14:07:21.031Z] LiveUpdateForge: EndTurn fallback flush
[2026-08-08T14:07:21.032Z] onEndTurn: naturalStop=undefined toolCalls=171 nudgeMsg=no
[2026-08-08T14:07:21.032Z] LiveUpdateForge: EndTurn fallback flush
[2026-08-08T14:07:21.032Z] onEndTurn: naturalStop=false toolCalls=171 nudgeMsg=no
[2026-08-08T14:07:21.085Z] LiveUpdateForge: AfterToolExec flush
[2026-08-08T14:07:21.113Z] InitialReadForge.onBeforeSend: SKIP (fr=true syn=false hasRead=true)
[2026-08-08T14:07:23.917Z] LiveUpdateForge: EndTurn fallback flush
[2026-08-08T14:07:23.917Z] onEndTurn: naturalStop=undefined toolCalls=172 nudgeMsg=no
[2026-08-08T14:07:23.918Z] LiveUpdateForge: EndTurn fallback flush
[2026-08-08T14:07:23.918Z] onEndTurn: naturalStop=false toolCalls=172 nudgeMsg=no
[2026-08-08T14:07:23.926Z] LiveUpdateForge: AfterToolExec flush
[2026-08-08T14:07:23.953Z] InitialReadForge.onBeforeSend: SKIP (fr=true syn=false hasRead=true)
[2026-08-08T14:07:30.775Z] LiveUpdateForge: EndTurn fallback flush
[2026-08-08T14:07:30.776Z] onEndTurn: naturalStop=undefined toolCalls=173 nudgeMsg=no
[2026-08-08T14:07:30.776Z] LiveUpdateForge: EndTurn fallback flush
[2026-08-08T14:07:30.777Z] onEndTurn: naturalStop=false toolCalls=173 nudgeMsg=no
[2026-08-08T14:07:30.783Z] LiveUpdateForge: AfterToolExec flush
[2026-08-08T14:07:30.811Z] InitialReadForge.onBeforeSend: SKIP (fr=true syn=false hasRead=true)
[2026-08-08T14:07:34.266Z] LiveUpdateForge: EndTurn fallback flush
[2026-08-08T14:07:34.267Z] onEndTurn: naturalStop=undefined toolCalls=174 nudgeMsg=no
[2026-08-08T14:07:34.267Z] LiveUpdateForge: EndTurn fallback flush
[2026-08-08T14:07:34.267Z] onEndTurn: naturalStop=false toolCalls=174 nudgeMsg=no
[2026-08-08T14:07:34.273Z] LiveUpdateForge: AfterToolExec flush
[2026-08-08T14:07:34.303Z] InitialReadForge.onBeforeSend: SKIP (fr=true syn=false hasRead=true)
[2026-08-08T14:07:38.271Z] LiveUpdateForge: EndTurn fallback flush
[2026-08-08T14:07:38.271Z] onEndTurn: naturalStop=undefined toolCalls=175 nudgeMsg=no
[2026-08-08T14:07:38.272Z] LiveUpdateForge: EndTurn fallback flush
[2026-08-08T14:07:38.272Z] onEndTurn: naturalStop=false toolCalls=175 nudgeMsg=no
[2026-08-08T14:07:38.277Z] LiveUpdateForge: AfterToolExec flush
[2026-08-08T14:07:38.305Z] InitialReadForge.onBeforeSend: SKIP (fr=true syn=false hasRead=true)
[2026-08-08T14:07:45.658Z] LiveUpdateForge: EndTurn fallback flush
[2026-08-08T14:07:45.658Z] onEndTurn: naturalStop=undefined toolCalls=176 nudgeMsg=no
[2026-08-08T14:07:45.659Z] LiveUpdateForge: EndTurn fallback flush
[2026-08-08T14:07:45.659Z] onEndTurn: naturalStop=false toolCalls=176 nudgeMsg=no
[2026-08-08T14:07:45.727Z] LiveUpdateForge: AfterToolExec flush
[2026-08-08T14:07:45.755Z] InitialReadForge.onBeforeSend: SKIP (fr=true syn=false hasRead=true)
[2026-08-08T14:07:49.662Z] LiveUpdateForge: EndTurn fallback flush
[2026-08-08T14:07:49.662Z] onEndTurn: naturalStop=undefined toolCalls=177 nudgeMsg=no
[2026-08-08T14:07:49.662Z] LiveUpdateForge: EndTurn fallback flush
[2026-08-08T14:07:49.662Z] onEndTurn: naturalStop=false toolCalls=177 nudgeMsg=no
[2026-08-08T14:07:49.668Z] LiveUpdateForge: AfterToolExec flush
[2026-08-08T14:07:49.694Z] InitialReadForge.onBeforeSend: SKIP (fr=true syn=false hasRead=true)
[2026-08-08T14:07:57.694Z] LiveUpdateForge: EndTurn fallback flush
[2026-08-08T14:07:57.694Z] onEndTurn: naturalStop=undefined toolCalls=178 nudgeMsg=no
[2026-08-08T14:07:57.695Z] LiveUpdateForge: EndTurn fallback flush
[2026-08-08T14:07:57.695Z] onEndTurn: naturalStop=false toolCalls=178 nudgeMsg=no
[2026-08-08T14:07:57.771Z] LiveUpdateForge: AfterToolExec flush
[2026-08-08T14:07:57.800Z] InitialReadForge.onBeforeSend: SKIP (fr=true syn=false hasRead=true)
[2026-08-08T14:08:02.860Z] LiveUpdateForge: EndTurn fallback flush
[2026-08-08T14:08:02.860Z] onEndTurn: naturalStop=undefined toolCalls=179 nudgeMsg=no
[2026-08-08T14:08:02.860Z] LiveUpdateForge: EndTurn fallback flush
[2026-08-08T14:08:02.860Z] onEndTurn: naturalStop=false toolCalls=179 nudgeMsg=no
[2026-08-08T14:08:02.905Z] LiveUpdateForge: AfterToolExec flush
[2026-08-08T14:08:02.935Z] InitialReadForge.onBeforeSend: SKIP (fr=true syn=false hasRead=true)
[2026-08-08T14:08:06.799Z] LiveUpdateForge: EndTurn fallback flush
[2026-08-08T14:08:06.799Z] onEndTurn: naturalStop=undefined toolCalls=180 nudgeMsg=no
[2026-08-08T14:08:06.799Z] LiveUpdateForge: EndTurn fallback flush
[2026-08-08T14:08:06.799Z] onEndTurn: naturalStop=false toolCalls=180 nudgeMsg=no
[2026-08-08T14:08:06.805Z] LiveUpdateForge: AfterToolExec flush
[2026-08-08T14:08:06.832Z] InitialReadForge.onBeforeSend: SKIP (fr=true syn=false hasRead=true)
[2026-08-08T14:08:09.946Z] LiveUpdateForge: EndTurn fallback flush
[2026-08-08T14:08:09.946Z] onEndTurn: naturalStop=undefined toolCalls=181 nudgeMsg=no
[2026-08-08T14:08:09.947Z] LiveUpdateForge: EndTurn fallback flush
[2026-08-08T14:08:09.947Z] onEndTurn: naturalStop=false toolCalls=181 nudgeMsg=no
[2026-08-08T14:08:09.953Z] LiveUpdateForge: AfterToolExec flush
[2026-08-08T14:08:09.981Z] InitialReadForge.onBeforeSend: SKIP (fr=true syn=false hasRead=true)
[2026-08-08T14:08:14.702Z] LiveUpdateForge: EndTurn fallback flush
[2026-08-08T14:08:14.702Z] onEndTurn: naturalStop=undefined toolCalls=182 nudgeMsg=no
[2026-08-08T14:08:14.702Z] LiveUpdateForge: EndTurn fallback flush
[2026-08-08T14:08:14.703Z] onEndTurn: naturalStop=false toolCalls=182 nudgeMsg=no
[2026-08-08T14:08:14.743Z] LiveUpdateForge: AfterToolExec flush
[2026-08-08T14:08:14.769Z] InitialReadForge.onBeforeSend: SKIP (fr=true syn=false hasRead=true)
[2026-08-08T14:08:19.422Z] LiveUpdateForge: EndTurn fallback flush
[2026-08-08T14:08:19.423Z] onEndTurn: naturalStop=undefined toolCalls=183 nudgeMsg=no
[2026-08-08T14:08:19.423Z] LiveUpdateForge: EndTurn fallback flush
[2026-08-08T14:08:19.423Z] onEndTurn: naturalStop=false toolCalls=183 nudgeMsg=no
[2026-08-08T14:08:22.093Z] LiveUpdateForge: AfterToolExec flush
[2026-08-08T14:08:22.124Z] InitialReadForge.onBeforeSend: SKIP (fr=true syn=false hasRead=true)
[2026-08-08T14:08:27.164Z] LiveUpdateForge: EndTurn fallback flush
[2026-08-08T14:08:27.165Z] onEndTurn: naturalStop=undefined toolCalls=184 nudgeMsg=no
[2026-08-08T14:08:27.165Z] LiveUpdateForge: EndTurn fallback flush
[2026-08-08T14:08:27.165Z] onEndTurn: naturalStop=false toolCalls=184 nudgeMsg=no
[2026-08-08T14:08:27.209Z] LiveUpdateForge: AfterToolExec flush
[2026-08-08T14:08:27.236Z] InitialReadForge.onBeforeSend: SKIP (fr=true syn=false hasRead=true)
[2026-08-08T14:08:30.423Z] LiveUpdateForge: EndTurn fallback flush
[2026-08-08T14:08:30.423Z] onEndTurn: naturalStop=undefined toolCalls=185 nudgeMsg=no
[2026-08-08T14:08:30.424Z] LiveUpdateForge: EndTurn fallback flush
[2026-08-08T14:08:30.424Z] onEndTurn: naturalStop=false toolCalls=185 nudgeMsg=no
[2026-08-08T14:08:34.745Z] LiveUpdateForge: AfterToolExec flush
[2026-08-08T14:08:34.776Z] InitialReadForge.onBeforeSend: SKIP (fr=true syn=false hasRead=true)
[2026-08-08T14:08:39.101Z] LiveUpdateForge: EndTurn fallback flush
[2026-08-08T14:08:39.102Z] onEndTurn: naturalStop=undefined toolCalls=186 nudgeMsg=no
[2026-08-08T14:08:39.102Z] LiveUpdateForge: EndTurn fallback flush
[2026-08-08T14:08:39.102Z] onEndTurn: naturalStop=false toolCalls=186 nudgeMsg=no
[2026-08-08T14:08:39.154Z] LiveUpdateForge: AfterToolExec flush
[2026-08-08T14:08:39.180Z] InitialReadForge.onBeforeSend: SKIP (fr=true syn=false hasRead=true)
[2026-08-08T14:08:43.179Z] LiveUpdateForge: EndTurn fallback flush
[2026-08-08T14:08:43.180Z] onEndTurn: naturalStop=undefined toolCalls=187 nudgeMsg=no
[2026-08-08T14:08:43.180Z] LiveUpdateForge: EndTurn fallback flush
[2026-08-08T14:08:43.180Z] onEndTurn: naturalStop=false toolCalls=187 nudgeMsg=no
[2026-08-08T14:08:43.224Z] LiveUpdateForge: AfterToolExec flush
[2026-08-08T14:08:43.252Z] InitialReadForge.onBeforeSend: SKIP (fr=true syn=false hasRead=true)
[2026-08-08T14:08:46.440Z] LiveUpdateForge: EndTurn fallback flush
[2026-08-08T14:08:46.440Z] onEndTurn: naturalStop=undefined toolCalls=188 nudgeMsg=no
[2026-08-08T14:08:46.441Z] LiveUpdateForge: EndTurn fallback flush
[2026-08-08T14:08:46.441Z] onEndTurn: naturalStop=false toolCalls=188 nudgeMsg=no
[2026-08-08T14:08:49.532Z] LiveUpdateForge: AfterToolExec flush
[2026-08-08T14:08:49.569Z] InitialReadForge.onBeforeSend: SKIP (fr=true syn=false hasRead=true)
[2026-08-08T14:08:54.442Z] LiveUpdateForge: EndTurn fallback flush
[2026-08-08T14:08:54.442Z] onEndTurn: naturalStop=undefined toolCalls=189 nudgeMsg=no
[2026-08-08T14:08:54.443Z] LiveUpdateForge: EndTurn fallback flush
[2026-08-08T14:08:54.443Z] onEndTurn: naturalStop=false toolCalls=189 nudgeMsg=no
[2026-08-08T14:08:54.507Z] LiveUpdateForge: AfterToolExec flush
[2026-08-08T14:08:54.537Z] InitialReadForge.onBeforeSend: SKIP (fr=true syn=false hasRead=true)
[2026-08-08T14:08:58.603Z] LiveUpdateForge: EndTurn fallback flush
[2026-08-08T14:08:58.603Z] onEndTurn: naturalStop=undefined toolCalls=190 nudgeMsg=no
[2026-08-08T14:08:58.603Z] LiveUpdateForge: EndTurn fallback flush
[2026-08-08T14:08:58.604Z] onEndTurn: naturalStop=false toolCalls=190 nudgeMsg=no
[2026-08-08T14:08:58.642Z] LiveUpdateForge: AfterToolExec flush
[2026-08-08T14:08:58.672Z] InitialReadForge.onBeforeSend: SKIP (fr=true syn=false hasRead=true)
[2026-08-08T14:09:02.319Z] LiveUpdateForge: EndTurn fallback flush
[2026-08-08T14:09:02.319Z] onEndTurn: naturalStop=undefined toolCalls=191 nudgeMsg=no
[2026-08-08T14:09:02.319Z] LiveUpdateForge: EndTurn fallback flush
[2026-08-08T14:09:02.319Z] onEndTurn: naturalStop=false toolCalls=191 nudgeMsg=no
[2026-08-08T14:09:05.879Z] LiveUpdateForge: AfterToolExec flush
[2026-08-08T14:09:05.910Z] InitialReadForge.onBeforeSend: SKIP (fr=true syn=false hasRead=true)
[2026-08-08T14:09:09.182Z] LiveUpdateForge: EndTurn fallback flush
[2026-08-08T14:09:09.182Z] onEndTurn: naturalStop=undefined toolCalls=192 nudgeMsg=no
[2026-08-08T14:09:09.183Z] LiveUpdateForge: EndTurn fallback flush
[2026-08-08T14:09:09.183Z] onEndTurn: naturalStop=false toolCalls=192 nudgeMsg=no
[2026-08-08T14:09:09.190Z] LiveUpdateForge: AfterToolExec flush
[2026-08-08T14:09:09.219Z] InitialReadForge.onBeforeSend: SKIP (fr=true syn=false hasRead=true)
[2026-08-08T14:09:36.461Z] LiveUpdateForge: EndTurn fallback flush
[2026-08-08T14:09:36.462Z] onEndTurn: naturalStop=undefined toolCalls=193 nudgeMsg=no
[2026-08-08T14:09:36.462Z] LiveUpdateForge: EndTurn fallback flush
[2026-08-08T14:09:36.462Z] onEndTurn: naturalStop=false toolCalls=193 nudgeMsg=no
[2026-08-08T14:09:36.553Z] LiveUpdateForge: AfterToolExec flush
[2026-08-08T14:09:36.583Z] InitialReadForge.onBeforeSend: SKIP (fr=true syn=false hasRead=true)
[2026-08-08T14:09:39.750Z] LiveUpdateForge: EndTurn fallback flush
[2026-08-08T14:09:39.750Z] onEndTurn: naturalStop=undefined toolCalls=194 nudgeMsg=no
[2026-08-08T14:09:39.750Z] LiveUpdateForge: EndTurn fallback flush
[2026-08-08T14:09:39.751Z] onEndTurn: naturalStop=false toolCalls=194 nudgeMsg=no
[2026-08-08T14:09:46.274Z] LiveUpdateForge: AfterToolExec flush
[2026-08-08T14:09:46.311Z] InitialReadForge.onBeforeSend: SKIP (fr=true syn=false hasRead=true)
[2026-08-08T14:09:50.500Z] LiveUpdateForge: EndTurn fallback flush
[2026-08-08T14:09:50.500Z] onEndTurn: naturalStop=undefined toolCalls=195 nudgeMsg=no
[2026-08-08T14:09:50.500Z] LiveUpdateForge: EndTurn fallback flush
[2026-08-08T14:09:50.501Z] onEndTurn: naturalStop=false toolCalls=195 nudgeMsg=no
[2026-08-08T14:10:03.717Z] LiveUpdateForge: AfterToolExec flush
[2026-08-08T14:10:03.752Z] InitialReadForge.onBeforeSend: SKIP (fr=true syn=false hasRead=true)
[2026-08-08T14:10:08.140Z] LiveUpdateForge: EndTurn fallback flush
[2026-08-08T14:10:08.140Z] onEndTurn: naturalStop=undefined toolCalls=196 nudgeMsg=no
[2026-08-08T14:10:08.141Z] LiveUpdateForge: EndTurn fallback flush
[2026-08-08T14:10:08.141Z] onEndTurn: naturalStop=false toolCalls=196 nudgeMsg=no
[2026-08-08T14:10:09.588Z] LiveUpdateForge: AfterToolExec flush
[2026-08-08T14:10:09.620Z] InitialReadForge.onBeforeSend: SKIP (fr=true syn=false hasRead=true)
[2026-08-08T14:10:13.895Z] LiveUpdateForge: EndTurn fallback flush
[2026-08-08T14:10:13.895Z] onEndTurn: naturalStop=undefined toolCalls=197 nudgeMsg=no
[2026-08-08T14:10:13.896Z] LiveUpdateForge: EndTurn fallback flush
[2026-08-08T14:10:13.896Z] onEndTurn: naturalStop=false toolCalls=197 nudgeMsg=no
[2026-08-08T14:10:31.926Z] LiveUpdateForge: AfterToolExec flush
[2026-08-08T14:10:31.957Z] InitialReadForge.onBeforeSend: SKIP (fr=true syn=false hasRead=true)
[2026-08-08T14:10:35.701Z] LiveUpdateForge: EndTurn fallback flush
[2026-08-08T14:10:35.702Z] onEndTurn: naturalStop=undefined toolCalls=198 nudgeMsg=no
[2026-08-08T14:10:35.702Z] LiveUpdateForge: EndTurn fallback flush
[2026-08-08T14:10:35.702Z] onEndTurn: naturalStop=false toolCalls=198 nudgeMsg=no
[2026-08-08T14:10:36.930Z] LiveUpdateForge: AfterToolExec flush
[2026-08-08T14:10:36.963Z] InitialReadForge.onBeforeSend: SKIP (fr=true syn=false hasRead=true)
[2026-08-08T14:10:45.252Z] LiveUpdateForge: EndTurn fallback flush
[2026-08-08T14:10:45.252Z] onEndTurn: naturalStop=undefined toolCalls=199 nudgeMsg=no
[2026-08-08T14:10:45.252Z] LiveUpdateForge: EndTurn fallback flush
[2026-08-08T14:10:45.252Z] onEndTurn: naturalStop=false toolCalls=199 nudgeMsg=no
[2026-08-08T14:10:45.304Z] LiveUpdateForge: AfterToolExec flush
[2026-08-08T14:10:45.332Z] InitialReadForge.onBeforeSend: SKIP (fr=true syn=false hasRead=true)
[2026-08-08T14:10:48.561Z] LiveUpdateForge: EndTurn fallback flush
[2026-08-08T14:10:48.562Z] onEndTurn: naturalStop=undefined toolCalls=200 nudgeMsg=no
[2026-08-08T14:10:48.562Z] LiveUpdateForge: EndTurn fallback flush
[2026-08-08T14:10:48.562Z] onEndTurn: naturalStop=false toolCalls=200 nudgeMsg=no
[2026-08-08T14:10:50.228Z] LiveUpdateForge: AfterToolExec flush
[2026-08-08T14:10:50.259Z] InitialReadForge.onBeforeSend: SKIP (fr=true syn=false hasRead=true)
[2026-08-08T14:10:53.658Z] LiveUpdateForge: EndTurn fallback flush
[2026-08-08T14:10:53.658Z] onEndTurn: naturalStop=undefined toolCalls=201 nudgeMsg=no
[2026-08-08T14:10:53.659Z] LiveUpdateForge: EndTurn fallback flush
[2026-08-08T14:10:53.659Z] onEndTurn: naturalStop=false toolCalls=201 nudgeMsg=no
[2026-08-08T14:10:56.050Z] LiveUpdateForge: AfterToolExec flush
[2026-08-08T14:10:56.082Z] InitialReadForge.onBeforeSend: SKIP (fr=true syn=false hasRead=true)
[2026-08-08T14:10:59.498Z] LiveUpdateForge: EndTurn fallback flush
[2026-08-08T14:10:59.498Z] onEndTurn: naturalStop=undefined toolCalls=202 nudgeMsg=no
[2026-08-08T14:10:59.498Z] LiveUpdateForge: EndTurn fallback flush
[2026-08-08T14:10:59.499Z] onEndTurn: naturalStop=false toolCalls=202 nudgeMsg=no
[2026-08-08T14:11:02.919Z] LiveUpdateForge: AfterToolExec flush
[2026-08-08T14:11:02.956Z] InitialReadForge.onBeforeSend: SKIP (fr=true syn=false hasRead=true)
[2026-08-08T14:11:07.350Z] LiveUpdateForge: EndTurn fallback flush
[2026-08-08T14:11:07.350Z] onEndTurn: naturalStop=undefined toolCalls=203 nudgeMsg=no
[2026-08-08T14:11:07.350Z] LiveUpdateForge: EndTurn fallback flush
[2026-08-08T14:11:07.350Z] onEndTurn: naturalStop=false toolCalls=203 nudgeMsg=no
[2026-08-08T14:11:07.355Z] LiveUpdateForge: AfterToolExec flush
[2026-08-08T14:11:07.383Z] InitialReadForge.onBeforeSend: SKIP (fr=true syn=false hasRead=true)
[2026-08-08T14:11:11.642Z] LiveUpdateForge: EndTurn fallback flush
[2026-08-08T14:11:11.642Z] onEndTurn: naturalStop=undefined toolCalls=204 nudgeMsg=no
[2026-08-08T14:11:11.642Z] LiveUpdateForge: EndTurn fallback flush
[2026-08-08T14:11:11.643Z] onEndTurn: naturalStop=false toolCalls=204 nudgeMsg=no
[2026-08-08T14:11:11.646Z] LiveUpdateForge: AfterToolExec flush
[2026-08-08T14:11:11.688Z] InitialReadForge.onBeforeSend: SKIP (fr=true syn=false hasRead=true)
[2026-08-08T14:11:23.786Z] LiveUpdateForge: EndTurn fallback flush
[2026-08-08T14:11:23.787Z] onEndTurn: naturalStop=undefined toolCalls=205 nudgeMsg=no
[2026-08-08T14:11:23.787Z] LiveUpdateForge: EndTurn fallback flush
[2026-08-08T14:11:23.787Z] onEndTurn: naturalStop=false toolCalls=205 nudgeMsg=no
[2026-08-08T14:11:23.854Z] LiveUpdateForge: AfterToolExec flush
[2026-08-08T14:11:23.888Z] InitialReadForge.onBeforeSend: SKIP (fr=true syn=false hasRead=true)
[2026-08-08T14:11:27.851Z] LiveUpdateForge: EndTurn fallback flush
[2026-08-08T14:11:27.852Z] onEndTurn: naturalStop=undefined toolCalls=206 nudgeMsg=no
[2026-08-08T14:11:27.852Z] LiveUpdateForge: EndTurn fallback flush
[2026-08-08T14:11:27.852Z] onEndTurn: naturalStop=false toolCalls=206 nudgeMsg=no
[2026-08-08T14:11:27.945Z] LiveUpdateForge: AfterToolExec flush
[2026-08-08T14:11:27.974Z] InitialReadForge.onBeforeSend: SKIP (fr=true syn=false hasRead=true)
[2026-08-08T14:11:31.664Z] LiveUpdateForge: EndTurn fallback flush
[2026-08-08T14:11:31.664Z] onEndTurn: naturalStop=undefined toolCalls=207 nudgeMsg=no
[2026-08-08T14:11:31.664Z] LiveUpdateForge: EndTurn fallback flush
[2026-08-08T14:11:31.665Z] onEndTurn: naturalStop=false toolCalls=207 nudgeMsg=no
[2026-08-08T14:11:31.735Z] LiveUpdateForge: AfterToolExec flush
[2026-08-08T14:11:31.766Z] InitialReadForge.onBeforeSend: SKIP (fr=true syn=false hasRead=true)
[2026-08-08T14:11:54.687Z] LiveUpdateForge: EndTurn fallback flush
[2026-08-08T14:11:54.687Z] onEndTurn: naturalStop=undefined toolCalls=208 nudgeMsg=no
[2026-08-08T14:11:54.687Z] LiveUpdateForge: EndTurn fallback flush
[2026-08-08T14:11:54.688Z] onEndTurn: naturalStop=false toolCalls=208 nudgeMsg=no
[2026-08-08T14:11:54.820Z] LiveUpdateForge: AfterToolExec flush
[2026-08-08T14:11:54.852Z] InitialReadForge.onBeforeSend: SKIP (fr=true syn=false hasRead=true)
[2026-08-08T14:12:03.009Z] LiveUpdateForge: EndTurn fallback flush
[2026-08-08T14:12:03.010Z] onEndTurn: naturalStop=undefined toolCalls=209 nudgeMsg=no
[2026-08-08T14:12:03.010Z] LiveUpdateForge: EndTurn fallback flush
[2026-08-08T14:12:03.010Z] onEndTurn: naturalStop=false toolCalls=209 nudgeMsg=no
[2026-08-08T14:12:03.127Z] LiveUpdateForge: AfterToolExec flush
[2026-08-08T14:12:03.156Z] InitialReadForge.onBeforeSend: SKIP (fr=true syn=false hasRead=true)
[2026-08-08T14:12:06.939Z] LiveUpdateForge: EndTurn fallback flush
[2026-08-08T14:12:06.939Z] onEndTurn: naturalStop=undefined toolCalls=210 nudgeMsg=no
[2026-08-08T14:12:06.939Z] LiveUpdateForge: EndTurn fallback flush
[2026-08-08T14:12:06.940Z] onEndTurn: naturalStop=false toolCalls=210 nudgeMsg=no
[2026-08-08T14:12:09.537Z] LiveUpdateForge: AfterToolExec flush
[2026-08-08T14:12:09.576Z] InitialReadForge.onBeforeSend: SKIP (fr=true syn=false hasRead=true)
[2026-08-08T14:12:14.422Z] LiveUpdateForge: EndTurn fallback flush
[2026-08-08T14:12:14.423Z] onEndTurn: naturalStop=undefined toolCalls=211 nudgeMsg=no
[2026-08-08T14:12:14.423Z] LiveUpdateForge: EndTurn fallback flush
[2026-08-08T14:12:14.423Z] onEndTurn: naturalStop=false toolCalls=211 nudgeMsg=no
[2026-08-08T14:12:14.470Z] LiveUpdateForge: AfterToolExec flush
[2026-08-08T14:12:14.500Z] InitialReadForge.onBeforeSend: SKIP (fr=true syn=false hasRead=true)
[2026-08-08T14:12:19.942Z] LiveUpdateForge: EndTurn fallback flush
[2026-08-08T14:12:19.943Z] onEndTurn: naturalStop=undefined toolCalls=212 nudgeMsg=no
[2026-08-08T14:12:19.943Z] LiveUpdateForge: EndTurn fallback flush
[2026-08-08T14:12:19.943Z] onEndTurn: naturalStop=false toolCalls=212 nudgeMsg=no
[2026-08-08T14:12:19.993Z] LiveUpdateForge: AfterToolExec flush
[2026-08-08T14:12:20.024Z] InitialReadForge.onBeforeSend: SKIP (fr=true syn=false hasRead=true)
[2026-08-08T14:12:23.350Z] LiveUpdateForge: EndTurn fallback flush
[2026-08-08T14:12:23.350Z] onEndTurn: naturalStop=undefined toolCalls=213 nudgeMsg=no
[2026-08-08T14:12:23.350Z] LiveUpdateForge: EndTurn fallback flush
[2026-08-08T14:12:23.350Z] onEndTurn: naturalStop=false toolCalls=213 nudgeMsg=no
[2026-08-08T14:12:26.126Z] LiveUpdateForge: AfterToolExec flush
[2026-08-08T14:12:26.160Z] InitialReadForge.onBeforeSend: SKIP (fr=true syn=false hasRead=true)
[2026-08-08T14:12:30.077Z] LiveUpdateForge: EndTurn fallback flush
[2026-08-08T14:12:30.077Z] onEndTurn: naturalStop=undefined toolCalls=214 nudgeMsg=no
[2026-08-08T14:12:30.077Z] LiveUpdateForge: EndTurn fallback flush
[2026-08-08T14:12:30.078Z] onEndTurn: naturalStop=false toolCalls=214 nudgeMsg=no
[2026-08-08T14:12:30.120Z] LiveUpdateForge: AfterToolExec flush
[2026-08-08T14:12:30.149Z] InitialReadForge.onBeforeSend: SKIP (fr=true syn=false hasRead=true)
[2026-08-08T14:12:33.255Z] LiveUpdateForge: EndTurn fallback flush
[2026-08-08T14:12:33.255Z] onEndTurn: naturalStop=undefined toolCalls=215 nudgeMsg=no
[2026-08-08T14:12:33.255Z] LiveUpdateForge: EndTurn fallback flush
[2026-08-08T14:12:33.255Z] onEndTurn: naturalStop=false toolCalls=215 nudgeMsg=no
[2026-08-08T14:12:38.340Z] LiveUpdateForge: AfterToolExec flush
[2026-08-08T14:12:38.377Z] InitialReadForge.onBeforeSend: SKIP (fr=true syn=false hasRead=true)
[2026-08-08T14:12:42.836Z] LiveUpdateForge: EndTurn fallback flush
[2026-08-08T14:12:42.836Z] onEndTurn: naturalStop=undefined toolCalls=216 nudgeMsg=no
[2026-08-08T14:12:42.837Z] LiveUpdateForge: EndTurn fallback flush
[2026-08-08T14:12:42.837Z] onEndTurn: naturalStop=false toolCalls=216 nudgeMsg=no
[2026-08-08T14:12:42.843Z] LiveUpdateForge: AfterToolExec flush
[2026-08-08T14:12:42.871Z] InitialReadForge.onBeforeSend: SKIP (fr=true syn=false hasRead=true)
[2026-08-08T14:12:46.661Z] LiveUpdateForge: EndTurn fallback flush
[2026-08-08T14:12:46.661Z] onEndTurn: naturalStop=undefined toolCalls=217 nudgeMsg=no
[2026-08-08T14:12:46.661Z] LiveUpdateForge: EndTurn fallback flush
[2026-08-08T14:12:46.662Z] onEndTurn: naturalStop=false toolCalls=217 nudgeMsg=no
[2026-08-08T14:12:46.670Z] LiveUpdateForge: AfterToolExec flush
[2026-08-08T14:12:46.700Z] InitialReadForge.onBeforeSend: SKIP (fr=true syn=false hasRead=true)
[2026-08-08T14:12:54.433Z] LiveUpdateForge: EndTurn fallback flush
[2026-08-08T14:12:54.434Z] onEndTurn: naturalStop=undefined toolCalls=218 nudgeMsg=no
[2026-08-08T14:12:54.434Z] LiveUpdateForge: EndTurn fallback flush
[2026-08-08T14:12:54.434Z] onEndTurn: naturalStop=false toolCalls=218 nudgeMsg=no
[2026-08-08T14:12:54.502Z] LiveUpdateForge: AfterToolExec flush
[2026-08-08T14:12:54.538Z] InitialReadForge.onBeforeSend: SKIP (fr=true syn=false hasRead=true)
[2026-08-08T14:13:01.552Z] LiveUpdateForge: EndTurn fallback flush
[2026-08-08T14:13:01.552Z] onEndTurn: naturalStop=undefined toolCalls=219 nudgeMsg=no
[2026-08-08T14:13:01.552Z] LiveUpdateForge: EndTurn fallback flush
[2026-08-08T14:13:01.553Z] onEndTurn: naturalStop=false toolCalls=219 nudgeMsg=no
[2026-08-08T14:13:01.609Z] LiveUpdateForge: AfterToolExec flush
[2026-08-08T14:13:01.639Z] InitialReadForge.onBeforeSend: SKIP (fr=true syn=false hasRead=true)
[2026-08-08T14:13:07.276Z] LiveUpdateForge: EndTurn fallback flush
[2026-08-08T14:13:07.277Z] onEndTurn: naturalStop=undefined toolCalls=220 nudgeMsg=no
[2026-08-08T14:13:07.277Z] LiveUpdateForge: EndTurn fallback flush
[2026-08-08T14:13:07.277Z] onEndTurn: naturalStop=false toolCalls=220 nudgeMsg=no
[2026-08-08T14:13:07.283Z] LiveUpdateForge: AfterToolExec flush
[2026-08-08T14:13:07.317Z] InitialReadForge.onBeforeSend: SKIP (fr=true syn=false hasRead=true)
[2026-08-08T14:13:10.647Z] LiveUpdateForge: EndTurn fallback flush
[2026-08-08T14:13:10.647Z] onEndTurn: naturalStop=undefined toolCalls=221 nudgeMsg=no
[2026-08-08T14:13:10.647Z] LiveUpdateForge: EndTurn fallback flush
[2026-08-08T14:13:10.648Z] onEndTurn: naturalStop=false toolCalls=221 nudgeMsg=no
[2026-08-08T14:13:10.650Z] LiveUpdateForge: AfterToolExec flush
[2026-08-08T14:13:10.686Z] InitialReadForge.onBeforeSend: SKIP (fr=true syn=false hasRead=true)
[2026-08-08T14:13:16.324Z] LiveUpdateForge: EndTurn fallback flush
[2026-08-08T14:13:16.325Z] onEndTurn: naturalStop=undefined toolCalls=222 nudgeMsg=no
[2026-08-08T14:13:16.325Z] LiveUpdateForge: EndTurn fallback flush
[2026-08-08T14:13:16.325Z] onEndTurn: naturalStop=false toolCalls=222 nudgeMsg=no
[2026-08-08T14:13:16.360Z] LiveUpdateForge: AfterToolExec flush
[2026-08-08T14:13:16.392Z] InitialReadForge.onBeforeSend: SKIP (fr=true syn=false hasRead=true)
[2026-08-08T14:13:20.652Z] LiveUpdateForge: EndTurn fallback flush
[2026-08-08T14:13:20.652Z] onEndTurn: naturalStop=undefined toolCalls=223 nudgeMsg=no
[2026-08-08T14:13:20.653Z] LiveUpdateForge: EndTurn fallback flush
[2026-08-08T14:13:20.653Z] onEndTurn: naturalStop=false toolCalls=223 nudgeMsg=no
[2026-08-08T14:13:20.732Z] LiveUpdateForge: AfterToolExec flush
[2026-08-08T14:13:20.767Z] InitialReadForge.onBeforeSend: SKIP (fr=true syn=false hasRead=true)
[2026-08-08T14:13:25.145Z] LiveUpdateForge: EndTurn fallback flush
[2026-08-08T14:13:25.145Z] onEndTurn: naturalStop=undefined toolCalls=224 nudgeMsg=no
[2026-08-08T14:13:25.145Z] LiveUpdateForge: EndTurn fallback flush
[2026-08-08T14:13:25.145Z] onEndTurn: naturalStop=false toolCalls=224 nudgeMsg=no
[2026-08-08T14:13:25.199Z] LiveUpdateForge: AfterToolExec flush
[2026-08-08T14:13:25.230Z] InitialReadForge.onBeforeSend: SKIP (fr=true syn=false hasRead=true)
[2026-08-08T14:13:30.773Z] LiveUpdateForge: EndTurn fallback flush
[2026-08-08T14:13:30.773Z] onEndTurn: naturalStop=undefined toolCalls=225 nudgeMsg=no
[2026-08-08T14:13:30.773Z] LiveUpdateForge: EndTurn fallback flush
[2026-08-08T14:13:30.774Z] onEndTurn: naturalStop=false toolCalls=225 nudgeMsg=no
[2026-08-08T14:13:30.823Z] LiveUpdateForge: AfterToolExec flush
[2026-08-08T14:13:30.854Z] InitialReadForge.onBeforeSend: SKIP (fr=true syn=false hasRead=true)
[2026-08-08T14:13:39.034Z] LiveUpdateForge: EndTurn fallback flush
[2026-08-08T14:13:39.035Z] onEndTurn: naturalStop=undefined toolCalls=226 nudgeMsg=no
[2026-08-08T14:13:39.035Z] LiveUpdateForge: EndTurn fallback flush
[2026-08-08T14:13:39.035Z] onEndTurn: naturalStop=false toolCalls=226 nudgeMsg=no
[2026-08-08T14:13:39.083Z] LiveUpdateForge: AfterToolExec flush
[2026-08-08T14:13:39.113Z] InitialReadForge.onBeforeSend: SKIP (fr=true syn=false hasRead=true)
[2026-08-08T14:13:45.299Z] LiveUpdateForge: EndTurn fallback flush
[2026-08-08T14:13:45.300Z] onEndTurn: naturalStop=undefined toolCalls=227 nudgeMsg=no
[2026-08-08T14:13:45.300Z] LiveUpdateForge: EndTurn fallback flush
[2026-08-08T14:13:45.301Z] onEndTurn: naturalStop=false toolCalls=227 nudgeMsg=no
[2026-08-08T14:13:45.397Z] LiveUpdateForge: AfterToolExec flush
[2026-08-08T14:13:45.430Z] InitialReadForge.onBeforeSend: SKIP (fr=true syn=false hasRead=true)
[2026-08-08T14:13:51.325Z] LiveUpdateForge: EndTurn fallback flush
[2026-08-08T14:13:51.326Z] onEndTurn: naturalStop=undefined toolCalls=228 nudgeMsg=no
[2026-08-08T14:13:51.326Z] LiveUpdateForge: EndTurn fallback flush
[2026-08-08T14:13:51.326Z] onEndTurn: naturalStop=false toolCalls=228 nudgeMsg=no
[2026-08-08T14:13:51.373Z] LiveUpdateForge: AfterToolExec flush
[2026-08-08T14:13:51.403Z] InitialReadForge.onBeforeSend: SKIP (fr=true syn=false hasRead=true)
[2026-08-08T14:13:56.563Z] LiveUpdateForge: EndTurn fallback flush
[2026-08-08T14:13:56.563Z] onEndTurn: naturalStop=undefined toolCalls=229 nudgeMsg=no
[2026-08-08T14:13:56.563Z] LiveUpdateForge: EndTurn fallback flush
[2026-08-08T14:13:56.563Z] onEndTurn: naturalStop=false toolCalls=229 nudgeMsg=no
[2026-08-08T14:13:56.618Z] LiveUpdateForge: AfterToolExec flush
[2026-08-08T14:13:56.650Z] InitialReadForge.onBeforeSend: SKIP (fr=true syn=false hasRead=true)
[2026-08-08T14:14:00.675Z] LiveUpdateForge: EndTurn fallback flush
[2026-08-08T14:14:00.676Z] onEndTurn: naturalStop=undefined toolCalls=230 nudgeMsg=no
[2026-08-08T14:14:00.676Z] LiveUpdateForge: EndTurn fallback flush
[2026-08-08T14:14:00.676Z] onEndTurn: naturalStop=false toolCalls=230 nudgeMsg=no
[2026-08-08T14:14:00.684Z] LiveUpdateForge: AfterToolExec flush
[2026-08-08T14:14:00.716Z] InitialReadForge.onBeforeSend: SKIP (fr=true syn=false hasRead=true)
[2026-08-08T14:14:05.843Z] LiveUpdateForge: EndTurn fallback flush
[2026-08-08T14:14:05.843Z] onEndTurn: naturalStop=undefined toolCalls=231 nudgeMsg=no
[2026-08-08T14:14:05.843Z] LiveUpdateForge: EndTurn fallback flush
[2026-08-08T14:14:05.844Z] onEndTurn: naturalStop=false toolCalls=231 nudgeMsg=no
[2026-08-08T14:14:05.850Z] LiveUpdateForge: AfterToolExec flush
[2026-08-08T14:14:05.880Z] InitialReadForge.onBeforeSend: SKIP (fr=true syn=false hasRead=true)
[2026-08-08T14:14:11.132Z] LiveUpdateForge: EndTurn fallback flush
[2026-08-08T14:14:11.132Z] onEndTurn: naturalStop=undefined toolCalls=232 nudgeMsg=no
[2026-08-08T14:14:11.133Z] LiveUpdateForge: EndTurn fallback flush
[2026-08-08T14:14:11.133Z] onEndTurn: naturalStop=false toolCalls=232 nudgeMsg=no
[2026-08-08T14:14:11.138Z] LiveUpdateForge: AfterToolExec flush
[2026-08-08T14:14:11.173Z] InitialReadForge.onBeforeSend: SKIP (fr=true syn=false hasRead=true)
[2026-08-08T14:14:14.220Z] LiveUpdateForge: EndTurn fallback flush
[2026-08-08T14:14:14.221Z] onEndTurn: naturalStop=undefined toolCalls=233 nudgeMsg=no
[2026-08-08T14:14:14.221Z] LiveUpdateForge: EndTurn fallback flush
[2026-08-08T14:14:14.222Z] onEndTurn: naturalStop=false toolCalls=233 nudgeMsg=no
[2026-08-08T14:14:14.228Z] LiveUpdateForge: AfterToolExec flush
[2026-08-08T14:14:14.260Z] InitialReadForge.onBeforeSend: SKIP (fr=true syn=false hasRead=true)
[2026-08-08T14:14:18.157Z] LiveUpdateForge: EndTurn fallback flush
[2026-08-08T14:14:18.157Z] onEndTurn: naturalStop=undefined toolCalls=234 nudgeMsg=no
[2026-08-08T14:14:18.157Z] LiveUpdateForge: EndTurn fallback flush
[2026-08-08T14:14:18.158Z] onEndTurn: naturalStop=false toolCalls=234 nudgeMsg=no
[2026-08-08T14:14:18.163Z] LiveUpdateForge: AfterToolExec flush
[2026-08-08T14:14:18.195Z] InitialReadForge.onBeforeSend: SKIP (fr=true syn=false hasRead=true)
[2026-08-08T14:14:21.296Z] LiveUpdateForge: EndTurn fallback flush
[2026-08-08T14:14:21.296Z] onEndTurn: naturalStop=undefined toolCalls=235 nudgeMsg=no
[2026-08-08T14:14:21.296Z] LiveUpdateForge: EndTurn fallback flush
[2026-08-08T14:14:21.296Z] onEndTurn: naturalStop=false toolCalls=235 nudgeMsg=no
[2026-08-08T14:14:21.330Z] LiveUpdateForge: AfterToolExec flush
[2026-08-08T14:14:21.368Z] InitialReadForge.onBeforeSend: SKIP (fr=true syn=false hasRead=true)
[2026-08-08T14:14:27.871Z] LiveUpdateForge: EndTurn fallback flush
[2026-08-08T14:14:27.872Z] onEndTurn: naturalStop=undefined toolCalls=236 nudgeMsg=no
[2026-08-08T14:14:27.872Z] LiveUpdateForge: EndTurn fallback flush
[2026-08-08T14:14:27.872Z] onEndTurn: naturalStop=false toolCalls=236 nudgeMsg=no
[2026-08-08T14:14:27.903Z] LiveUpdateForge: AfterToolExec flush
[2026-08-08T14:14:27.935Z] InitialReadForge.onBeforeSend: SKIP (fr=true syn=false hasRead=true)
[2026-08-08T14:14:33.907Z] LiveUpdateForge: EndTurn fallback flush
[2026-08-08T14:14:33.907Z] onEndTurn: naturalStop=undefined toolCalls=237 nudgeMsg=no
[2026-08-08T14:14:33.908Z] LiveUpdateForge: EndTurn fallback flush
[2026-08-08T14:14:33.908Z] onEndTurn: naturalStop=false toolCalls=237 nudgeMsg=no
[2026-08-08T14:14:33.930Z] LiveUpdateForge: AfterToolExec flush
[2026-08-08T14:14:33.960Z] InitialReadForge.onBeforeSend: SKIP (fr=true syn=false hasRead=true)
[2026-08-08T14:14:38.192Z] LiveUpdateForge: EndTurn fallback flush
[2026-08-08T14:14:38.193Z] onEndTurn: naturalStop=undefined toolCalls=238 nudgeMsg=no
[2026-08-08T14:14:38.193Z] LiveUpdateForge: EndTurn fallback flush
[2026-08-08T14:14:38.193Z] onEndTurn: naturalStop=false toolCalls=238 nudgeMsg=no
[2026-08-08T14:14:38.199Z] LiveUpdateForge: AfterToolExec flush
[2026-08-08T14:14:38.231Z] InitialReadForge.onBeforeSend: SKIP (fr=true syn=false hasRead=true)
[2026-08-08T14:14:43.094Z] LiveUpdateForge: EndTurn fallback flush
[2026-08-08T14:14:43.094Z] onEndTurn: naturalStop=undefined toolCalls=239 nudgeMsg=no
[2026-08-08T14:14:43.094Z] LiveUpdateForge: EndTurn fallback flush
[2026-08-08T14:14:43.095Z] onEndTurn: naturalStop=false toolCalls=239 nudgeMsg=no
[2026-08-08T14:14:43.101Z] LiveUpdateForge: AfterToolExec flush
[2026-08-08T14:14:43.133Z] InitialReadForge.onBeforeSend: SKIP (fr=true syn=false hasRead=true)
[2026-08-08T14:14:47.136Z] LiveUpdateForge: EndTurn fallback flush
[2026-08-08T14:14:47.137Z] onEndTurn: naturalStop=undefined toolCalls=240 nudgeMsg=no
[2026-08-08T14:14:47.137Z] LiveUpdateForge: EndTurn fallback flush
[2026-08-08T14:14:47.137Z] onEndTurn: naturalStop=false toolCalls=240 nudgeMsg=no
[2026-08-08T14:14:47.193Z] LiveUpdateForge: AfterToolExec flush
[2026-08-08T14:14:47.227Z] InitialReadForge.onBeforeSend: SKIP (fr=true syn=false hasRead=true)
[2026-08-08T14:14:51.806Z] LiveUpdateForge: EndTurn fallback flush
[2026-08-08T14:14:51.806Z] onEndTurn: naturalStop=undefined toolCalls=241 nudgeMsg=no
[2026-08-08T14:14:51.806Z] LiveUpdateForge: EndTurn fallback flush
[2026-08-08T14:14:51.807Z] onEndTurn: naturalStop=false toolCalls=241 nudgeMsg=no
[2026-08-08T14:14:51.849Z] LiveUpdateForge: AfterToolExec flush
[2026-08-08T14:14:51.882Z] InitialReadForge.onBeforeSend: SKIP (fr=true syn=false hasRead=true)
[2026-08-08T14:14:55.379Z] LiveUpdateForge: EndTurn fallback flush
[2026-08-08T14:14:55.379Z] onEndTurn: naturalStop=undefined toolCalls=242 nudgeMsg=no
[2026-08-08T14:14:55.379Z] LiveUpdateForge: EndTurn fallback flush
[2026-08-08T14:14:55.380Z] onEndTurn: naturalStop=false toolCalls=242 nudgeMsg=no
[2026-08-08T14:14:55.386Z] LiveUpdateForge: AfterToolExec flush
[2026-08-08T14:14:55.418Z] InitialReadForge.onBeforeSend: SKIP (fr=true syn=false hasRead=true)
[2026-08-08T14:15:05.201Z] LiveUpdateForge: EndTurn fallback flush
[2026-08-08T14:15:05.201Z] onEndTurn: naturalStop=undefined toolCalls=243 nudgeMsg=no
[2026-08-08T14:15:05.202Z] LiveUpdateForge: EndTurn fallback flush
[2026-08-08T14:15:05.202Z] onEndTurn: naturalStop=false toolCalls=243 nudgeMsg=no
[2026-08-08T14:15:05.279Z] LiveUpdateForge: AfterToolExec flush
[2026-08-08T14:15:05.308Z] InitialReadForge.onBeforeSend: SKIP (fr=true syn=false hasRead=true)
[2026-08-08T14:15:09.153Z] LiveUpdateForge: EndTurn fallback flush
[2026-08-08T14:15:09.153Z] onEndTurn: naturalStop=undefined toolCalls=244 nudgeMsg=no
[2026-08-08T14:15:09.153Z] LiveUpdateForge: EndTurn fallback flush
[2026-08-08T14:15:09.153Z] onEndTurn: naturalStop=false toolCalls=244 nudgeMsg=no
[2026-08-08T14:15:14.169Z] LiveUpdateForge: AfterToolExec flush
[2026-08-08T14:15:14.206Z] InitialReadForge.onBeforeSend: SKIP (fr=true syn=false hasRead=true)
[2026-08-08T14:15:17.710Z] LiveUpdateForge: EndTurn fallback flush
[2026-08-08T14:15:17.710Z] onEndTurn: naturalStop=undefined toolCalls=245 nudgeMsg=no
[2026-08-08T14:15:17.711Z] LiveUpdateForge: EndTurn fallback flush
[2026-08-08T14:15:17.711Z] onEndTurn: naturalStop=false toolCalls=245 nudgeMsg=no
[2026-08-08T14:15:31.668Z] LiveUpdateForge: AfterToolExec flush
[2026-08-08T14:15:31.711Z] InitialReadForge.onBeforeSend: SKIP (fr=true syn=false hasRead=true)
[2026-08-08T14:15:35.314Z] LiveUpdateForge: EndTurn fallback flush
[2026-08-08T14:15:35.314Z] onEndTurn: naturalStop=undefined toolCalls=246 nudgeMsg=no
[2026-08-08T14:15:35.314Z] LiveUpdateForge: EndTurn fallback flush
[2026-08-08T14:15:35.315Z] onEndTurn: naturalStop=false toolCalls=246 nudgeMsg=no
[2026-08-08T14:15:54.100Z] LiveUpdateForge: AfterToolExec flush
[2026-08-08T14:15:54.143Z] InitialReadForge.onBeforeSend: SKIP (fr=true syn=false hasRead=true)
[2026-08-08T14:15:58.946Z] LiveUpdateForge: EndTurn fallback flush
[2026-08-08T14:15:58.946Z] onEndTurn: naturalStop=undefined toolCalls=247 nudgeMsg=no
[2026-08-08T14:15:58.947Z] LiveUpdateForge: EndTurn fallback flush
[2026-08-08T14:15:58.947Z] onEndTurn: naturalStop=false toolCalls=247 nudgeMsg=no
[2026-08-08T14:16:00.356Z] LiveUpdateForge: AfterToolExec flush
[2026-08-08T14:16:00.403Z] InitialReadForge.onBeforeSend: SKIP (fr=true syn=false hasRead=true)
[2026-08-08T14:16:08.777Z] LiveUpdateForge: EndTurn fallback flush
[2026-08-08T14:16:08.777Z] onEndTurn: naturalStop=undefined toolCalls=248 nudgeMsg=no
[2026-08-08T14:16:08.777Z] LiveUpdateForge: EndTurn fallback flush
[2026-08-08T14:16:08.777Z] onEndTurn: naturalStop=false toolCalls=248 nudgeMsg=no
[2026-08-08T14:16:08.827Z] LiveUpdateForge: AfterToolExec flush
[2026-08-08T14:16:08.864Z] InitialReadForge.onBeforeSend: SKIP (fr=true syn=false hasRead=true)
[2026-08-08T14:16:12.821Z] LiveUpdateForge: EndTurn fallback flush
[2026-08-08T14:16:12.822Z] onEndTurn: naturalStop=undefined toolCalls=249 nudgeMsg=no
[2026-08-08T14:16:12.822Z] LiveUpdateForge: EndTurn fallback flush
[2026-08-08T14:16:12.822Z] onEndTurn: naturalStop=false toolCalls=249 nudgeMsg=no
[2026-08-08T14:16:14.703Z] LiveUpdateForge: AfterToolExec flush
[2026-08-08T14:16:14.747Z] InitialReadForge.onBeforeSend: SKIP (fr=true syn=false hasRead=true)
[2026-08-08T14:16:18.456Z] LiveUpdateForge: EndTurn fallback flush
[2026-08-08T14:16:18.456Z] onEndTurn: naturalStop=undefined toolCalls=250 nudgeMsg=no
[2026-08-08T14:16:18.456Z] LiveUpdateForge: EndTurn fallback flush
[2026-08-08T14:16:18.457Z] onEndTurn: naturalStop=false toolCalls=250 nudgeMsg=no
[2026-08-08T14:16:20.794Z] LiveUpdateForge: AfterToolExec flush
[2026-08-08T14:16:20.839Z] InitialReadForge.onBeforeSend: SKIP (fr=true syn=false hasRead=true)
[2026-08-08T14:16:25.989Z] LiveUpdateForge: EndTurn fallback flush
[2026-08-08T14:16:25.989Z] onEndTurn: naturalStop=undefined toolCalls=251 nudgeMsg=no
[2026-08-08T14:16:25.990Z] LiveUpdateForge: EndTurn fallback flush
[2026-08-08T14:16:25.990Z] onEndTurn: naturalStop=false toolCalls=251 nudgeMsg=no
[2026-08-08T14:16:29.362Z] LiveUpdateForge: AfterToolExec flush
[2026-08-08T14:16:29.404Z] InitialReadForge.onBeforeSend: SKIP (fr=true syn=false hasRead=true)
[2026-08-08T14:16:33.186Z] LiveUpdateForge: EndTurn fallback flush
[2026-08-08T14:16:33.187Z] onEndTurn: naturalStop=undefined toolCalls=252 nudgeMsg=no
[2026-08-08T14:16:33.187Z] LiveUpdateForge: EndTurn fallback flush
[2026-08-08T14:16:33.187Z] onEndTurn: naturalStop=false toolCalls=252 nudgeMsg=no
[2026-08-08T14:16:33.196Z] LiveUpdateForge: AfterToolExec flush
[2026-08-08T14:16:33.240Z] InitialReadForge.onBeforeSend: SKIP (fr=true syn=false hasRead=true)
[2026-08-08T14:16:40.051Z] LiveUpdateForge: EndTurn fallback flush
[2026-08-08T14:16:40.051Z] onEndTurn: naturalStop=undefined toolCalls=253 nudgeMsg=no
[2026-08-08T14:16:40.052Z] LiveUpdateForge: EndTurn fallback flush
[2026-08-08T14:16:40.052Z] onEndTurn: naturalStop=false toolCalls=253 nudgeMsg=no
[2026-08-08T14:16:40.143Z] LiveUpdateForge: AfterToolExec flush
[2026-08-08T14:16:40.175Z] InitialReadForge.onBeforeSend: SKIP (fr=true syn=false hasRead=true)
[2026-08-08T14:16:44.420Z] LiveUpdateForge: EndTurn fallback flush
[2026-08-08T14:16:44.420Z] onEndTurn: naturalStop=undefined toolCalls=254 nudgeMsg=no
[2026-08-08T14:16:44.421Z] LiveUpdateForge: EndTurn fallback flush
[2026-08-08T14:16:44.421Z] onEndTurn: naturalStop=false toolCalls=254 nudgeMsg=no
[2026-08-08T14:16:44.463Z] LiveUpdateForge: AfterToolExec flush
[2026-08-08T14:16:44.493Z] InitialReadForge.onBeforeSend: SKIP (fr=true syn=false hasRead=true)
[2026-08-08T14:16:47.947Z] LiveUpdateForge: EndTurn fallback flush
[2026-08-08T14:16:47.947Z] onEndTurn: naturalStop=undefined toolCalls=255 nudgeMsg=no
[2026-08-08T14:16:47.947Z] LiveUpdateForge: EndTurn fallback flush
[2026-08-08T14:16:47.947Z] onEndTurn: naturalStop=false toolCalls=255 nudgeMsg=no
[2026-08-08T14:16:47.986Z] LiveUpdateForge: AfterToolExec flush
[2026-08-08T14:16:48.018Z] InitialReadForge.onBeforeSend: SKIP (fr=true syn=false hasRead=true)
[2026-08-08T14:16:52.213Z] LiveUpdateForge: EndTurn fallback flush
[2026-08-08T14:16:52.213Z] onEndTurn: naturalStop=undefined toolCalls=256 nudgeMsg=no
[2026-08-08T14:16:52.214Z] LiveUpdateForge: EndTurn fallback flush
[2026-08-08T14:16:52.214Z] onEndTurn: naturalStop=false toolCalls=256 nudgeMsg=no
[2026-08-08T14:16:52.245Z] LiveUpdateForge: AfterToolExec flush
[2026-08-08T14:16:52.276Z] InitialReadForge.onBeforeSend: SKIP (fr=true syn=false hasRead=true)
[2026-08-08T14:16:56.220Z] LiveUpdateForge: EndTurn fallback flush
[2026-08-08T14:16:56.221Z] onEndTurn: naturalStop=undefined toolCalls=257 nudgeMsg=no
[2026-08-08T14:16:56.221Z] LiveUpdateForge: EndTurn fallback flush
[2026-08-08T14:16:56.221Z] onEndTurn: naturalStop=false toolCalls=257 nudgeMsg=no
[2026-08-08T14:16:57.704Z] LiveUpdateForge: AfterToolExec flush
[2026-08-08T14:16:57.747Z] InitialReadForge.onBeforeSend: SKIP (fr=true syn=false hasRead=true)
[2026-08-08T14:17:02.150Z] LiveUpdateForge: EndTurn fallback flush
[2026-08-08T14:17:02.151Z] onEndTurn: naturalStop=undefined toolCalls=258 nudgeMsg=no
[2026-08-08T14:17:02.151Z] LiveUpdateForge: EndTurn fallback flush
[2026-08-08T14:17:02.151Z] onEndTurn: naturalStop=false toolCalls=258 nudgeMsg=no
[2026-08-08T14:17:02.206Z] LiveUpdateForge: AfterToolExec flush
[2026-08-08T14:17:02.237Z] InitialReadForge.onBeforeSend: SKIP (fr=true syn=false hasRead=true)
[2026-08-08T14:17:06.153Z] LiveUpdateForge: EndTurn fallback flush
[2026-08-08T14:17:06.153Z] onEndTurn: naturalStop=undefined toolCalls=259 nudgeMsg=no
[2026-08-08T14:17:06.153Z] LiveUpdateForge: EndTurn fallback flush
[2026-08-08T14:17:06.154Z] onEndTurn: naturalStop=false toolCalls=259 nudgeMsg=no
[2026-08-08T14:17:07.459Z] LiveUpdateForge: AfterToolExec flush
[2026-08-08T14:17:07.495Z] InitialReadForge.onBeforeSend: SKIP (fr=true syn=false hasRead=true)
[2026-08-08T14:17:13.390Z] LiveUpdateForge: EndTurn fallback flush
[2026-08-08T14:17:13.390Z] onEndTurn: naturalStop=undefined toolCalls=260 nudgeMsg=no
[2026-08-08T14:17:13.390Z] LiveUpdateForge: EndTurn fallback flush
[2026-08-08T14:17:13.391Z] onEndTurn: naturalStop=false toolCalls=260 nudgeMsg=no
[2026-08-08T14:17:13.433Z] LiveUpdateForge: AfterToolExec flush
[2026-08-08T14:17:13.465Z] InitialReadForge.onBeforeSend: SKIP (fr=true syn=false hasRead=true)
[2026-08-08T14:17:18.251Z] LiveUpdateForge: EndTurn fallback flush
[2026-08-08T14:17:18.251Z] onEndTurn: naturalStop=undefined toolCalls=261 nudgeMsg=no
[2026-08-08T14:17:18.251Z] LiveUpdateForge: EndTurn fallback flush
[2026-08-08T14:17:18.251Z] onEndTurn: naturalStop=false toolCalls=261 nudgeMsg=no
[2026-08-08T14:17:19.709Z] LiveUpdateForge: AfterToolExec flush
[2026-08-08T14:17:19.750Z] InitialReadForge.onBeforeSend: SKIP (fr=true syn=false hasRead=true)
[2026-08-08T14:17:23.050Z] LiveUpdateForge: EndTurn fallback flush
[2026-08-08T14:17:23.050Z] onEndTurn: naturalStop=undefined toolCalls=262 nudgeMsg=no
[2026-08-08T14:17:23.051Z] LiveUpdateForge: EndTurn fallback flush
[2026-08-08T14:17:23.051Z] onEndTurn: naturalStop=false toolCalls=262 nudgeMsg=no
[2026-08-08T14:17:25.393Z] LiveUpdateForge: AfterToolExec flush
[2026-08-08T14:17:25.431Z] InitialReadForge.onBeforeSend: SKIP (fr=true syn=false hasRead=true)
[2026-08-08T14:17:30.072Z] LiveUpdateForge: EndTurn fallback flush
[2026-08-08T14:17:30.072Z] onEndTurn: naturalStop=undefined toolCalls=263 nudgeMsg=no
[2026-08-08T14:17:30.072Z] LiveUpdateForge: EndTurn fallback flush
[2026-08-08T14:17:30.073Z] onEndTurn: naturalStop=false toolCalls=263 nudgeMsg=no
[2026-08-08T14:17:33.390Z] LiveUpdateForge: AfterToolExec flush
[2026-08-08T14:17:33.425Z] InitialReadForge.onBeforeSend: SKIP (fr=true syn=false hasRead=true)
[2026-08-08T14:17:39.283Z] LiveUpdateForge: EndTurn fallback flush
[2026-08-08T14:17:39.283Z] onEndTurn: naturalStop=undefined toolCalls=264 nudgeMsg=no
[2026-08-08T14:17:39.283Z] LiveUpdateForge: EndTurn fallback flush
[2026-08-08T14:17:39.284Z] onEndTurn: naturalStop=false toolCalls=264 nudgeMsg=no
[2026-08-08T14:17:39.287Z] LiveUpdateForge: AfterToolExec flush
[2026-08-08T14:17:39.319Z] InitialReadForge.onBeforeSend: SKIP (fr=true syn=false hasRead=true)
[2026-08-08T14:17:43.298Z] LiveUpdateForge: EndTurn fallback flush
[2026-08-08T14:17:43.298Z] onEndTurn: naturalStop=undefined toolCalls=265 nudgeMsg=no
[2026-08-08T14:17:43.298Z] LiveUpdateForge: EndTurn fallback flush
[2026-08-08T14:17:43.299Z] onEndTurn: naturalStop=false toolCalls=265 nudgeMsg=no
[2026-08-08T14:17:43.307Z] LiveUpdateForge: AfterToolExec flush
[2026-08-08T14:17:43.339Z] InitialReadForge.onBeforeSend: SKIP (fr=true syn=false hasRead=true)
[2026-08-08T14:17:53.856Z] LiveUpdateForge: EndTurn fallback flush
[2026-08-08T14:17:53.856Z] onEndTurn: naturalStop=undefined toolCalls=266 nudgeMsg=no
[2026-08-08T14:17:53.857Z] LiveUpdateForge: EndTurn fallback flush
[2026-08-08T14:17:53.857Z] onEndTurn: naturalStop=false toolCalls=266 nudgeMsg=no
[2026-08-08T14:17:53.948Z] LiveUpdateForge: AfterToolExec flush
[2026-08-08T14:17:53.979Z] InitialReadForge.onBeforeSend: SKIP (fr=true syn=false hasRead=true)
[2026-08-08T14:17:57.301Z] LiveUpdateForge: EndTurn fallback flush
[2026-08-08T14:17:57.301Z] onEndTurn: naturalStop=undefined toolCalls=267 nudgeMsg=no
[2026-08-08T14:17:57.301Z] LiveUpdateForge: EndTurn fallback flush
[2026-08-08T14:17:57.302Z] onEndTurn: naturalStop=false toolCalls=267 nudgeMsg=no
[2026-08-08T14:17:58.458Z] LiveUpdateForge: AfterToolExec flush
[2026-08-08T14:17:58.495Z] InitialReadForge.onBeforeSend: SKIP (fr=true syn=false hasRead=true)
[2026-08-08T14:18:02.503Z] LiveUpdateForge: EndTurn fallback flush
[2026-08-08T14:18:02.503Z] onEndTurn: naturalStop=undefined toolCalls=268 nudgeMsg=no
[2026-08-08T14:18:02.503Z] LiveUpdateForge: EndTurn fallback flush
[2026-08-08T14:18:02.504Z] onEndTurn: naturalStop=false toolCalls=268 nudgeMsg=no
[2026-08-08T14:18:02.577Z] LiveUpdateForge: AfterToolExec flush
[2026-08-08T14:18:02.622Z] InitialReadForge.onBeforeSend: SKIP (fr=true syn=false hasRead=true)
[2026-08-08T14:18:06.709Z] LiveUpdateForge: EndTurn fallback flush
[2026-08-08T14:18:06.710Z] onEndTurn: naturalStop=undefined toolCalls=269 nudgeMsg=no
[2026-08-08T14:18:06.710Z] LiveUpdateForge: EndTurn fallback flush
[2026-08-08T14:18:06.710Z] onEndTurn: naturalStop=false toolCalls=269 nudgeMsg=no
[2026-08-08T14:18:07.993Z] LiveUpdateForge: AfterToolExec flush
[2026-08-08T14:18:08.034Z] InitialReadForge.onBeforeSend: SKIP (fr=true syn=false hasRead=true)
[2026-08-08T14:18:11.351Z] LiveUpdateForge: EndTurn fallback flush
[2026-08-08T14:18:11.352Z] onEndTurn: naturalStop=undefined toolCalls=270 nudgeMsg=no
[2026-08-08T14:18:11.352Z] LiveUpdateForge: EndTurn fallback flush
[2026-08-08T14:18:11.352Z] onEndTurn: naturalStop=false toolCalls=270 nudgeMsg=no
[2026-08-08T14:18:13.678Z] LiveUpdateForge: AfterToolExec flush
[2026-08-08T14:18:13.720Z] InitialReadForge.onBeforeSend: SKIP (fr=true syn=false hasRead=true)
[2026-08-08T14:18:17.188Z] LiveUpdateForge: EndTurn fallback flush
[2026-08-08T14:18:17.188Z] onEndTurn: naturalStop=undefined toolCalls=271 nudgeMsg=no
[2026-08-08T14:18:17.188Z] LiveUpdateForge: EndTurn fallback flush
[2026-08-08T14:18:17.189Z] onEndTurn: naturalStop=false toolCalls=271 nudgeMsg=no
[2026-08-08T14:18:20.649Z] LiveUpdateForge: AfterToolExec flush
[2026-08-08T14:18:20.692Z] InitialReadForge.onBeforeSend: SKIP (fr=true syn=false hasRead=true)
[2026-08-08T14:18:27.360Z] LiveUpdateForge: EndTurn fallback flush
[2026-08-08T14:18:27.360Z] onEndTurn: naturalStop=undefined toolCalls=272 nudgeMsg=no
[2026-08-08T14:18:27.361Z] LiveUpdateForge: EndTurn fallback flush
[2026-08-08T14:18:27.361Z] onEndTurn: naturalStop=false toolCalls=272 nudgeMsg=no
[2026-08-08T14:18:27.369Z] LiveUpdateForge: self-write on D:\xm\CacheHub\CODELY.md, baseline aligned
[2026-08-08T14:18:27.370Z] LiveUpdateForge: AfterToolExec flush
[2026-08-08T14:18:27.407Z] InitialReadForge.onBeforeSend: SKIP (fr=true syn=false hasRead=true)
[2026-08-08T14:18:32.355Z] LiveUpdateForge: EndTurn fallback flush
[2026-08-08T14:18:32.355Z] onEndTurn: naturalStop=undefined toolCalls=0 nudgeMsg=no
[2026-08-08T14:18:32.356Z] LiveUpdateForge: EndTurn fallback flush
[2026-08-08T14:18:32.356Z] onEndTurn: naturalStop=false toolCalls=0 nudgeMsg=no
[2026-08-08T14:18:37.303Z] LiveUpdateForge: AfterToolExec flush
[2026-08-08T14:18:37.341Z] InitialReadForge.onBeforeSend: SKIP (fr=true syn=false hasRead=true)
[2026-08-08T14:18:41.773Z] LiveUpdateForge: EndTurn fallback flush
[2026-08-08T14:18:41.773Z] onEndTurn: naturalStop=undefined toolCalls=1 nudgeMsg=no
[2026-08-08T14:18:41.773Z] LiveUpdateForge: EndTurn fallback flush
[2026-08-08T14:18:41.773Z] onEndTurn: naturalStop=false toolCalls=1 nudgeMsg=no
[2026-08-08T14:18:55.552Z] LiveUpdateForge: AfterToolExec flush
[2026-08-08T14:18:55.597Z] InitialReadForge.onBeforeSend: SKIP (fr=true syn=false hasRead=true)
[2026-08-08T14:19:01.160Z] LiveUpdateForge: EndTurn fallback flush
[2026-08-08T14:19:01.160Z] onEndTurn: naturalStop=undefined toolCalls=2 nudgeMsg=no
[2026-08-08T14:19:01.160Z] LiveUpdateForge: EndTurn fallback flush
[2026-08-08T14:19:01.161Z] onEndTurn: naturalStop=false toolCalls=2 nudgeMsg=no
[2026-08-08T14:19:19.728Z] LiveUpdateForge: AfterToolExec flush
[2026-08-08T14:19:19.766Z] InitialReadForge.onBeforeSend: SKIP (fr=true syn=false hasRead=true)
[2026-08-08T14:19:23.392Z] LiveUpdateForge: EndTurn fallback flush
[2026-08-08T14:19:23.392Z] onEndTurn: naturalStop=undefined toolCalls=3 nudgeMsg=no
[2026-08-08T14:19:23.392Z] LiveUpdateForge: EndTurn fallback flush
[2026-08-08T14:19:23.392Z] onEndTurn: naturalStop=false toolCalls=3 nudgeMsg=no
[2026-08-08T14:19:24.537Z] LiveUpdateForge: AfterToolExec flush
[2026-08-08T14:19:24.574Z] InitialReadForge.onBeforeSend: SKIP (fr=true syn=false hasRead=true)
[2026-08-08T14:19:34.375Z] LiveUpdateForge: EndTurn fallback flush
[2026-08-08T14:19:34.375Z] onEndTurn: naturalStop=undefined toolCalls=4 nudgeMsg=no
[2026-08-08T14:19:34.375Z] LiveUpdateForge: EndTurn fallback flush
[2026-08-08T14:19:34.375Z] onEndTurn: naturalStop=true toolCalls=4 nudgeMsg=no
[2026-08-08T16:02:36.964Z] MemoryForge: attached 5 listener(s)
[2026-08-08T16:02:36.964Z] InitialReadForge: armed one-shot BeforeSend after NewSessionStart
[2026-08-08T16:02:36.964Z] LiveUpdateForge: session reset, allowLiveUpdate = false
[2026-08-08T16:02:51.532Z] LiveUpdateForge: session reset, allowLiveUpdate = false
[2026-08-08T16:02:51.573Z] ResumeDiffForge: running checkResumeConsistency
[2026-08-08T16:02:51.573Z] checkResumeConsistency: forgedTimestamps=[]
[2026-08-08T16:02:51.579Z] checkResumeConsistency: no changes detected
[2026-08-08T16:02:51.580Z] LiveUpdateForge: session reset, allowLiveUpdate = false
[2026-08-08T16:02:51.580Z] NudgeForge: ResumeComplete — restoring count from history
[2026-08-08T16:02:51.580Z] restoreNudgeCountFromHistory: found last write at idx=553 count=4
[2026-08-08T16:02:51.804Z] ResumeDiffForge: running checkResumeConsistency
[2026-08-08T16:02:51.804Z] checkResumeConsistency: forgedTimestamps=[]
[2026-08-08T16:02:51.810Z] checkResumeConsistency: no changes detected
[2026-08-08T16:02:51.810Z] LiveUpdateForge: session reset, allowLiveUpdate = false
[2026-08-08T16:02:51.810Z] NudgeForge: ResumeComplete — restoring count from history
[2026-08-08T16:02:51.811Z] restoreNudgeCountFromHistory: found last write at idx=553 count=4
[2026-08-08T16:02:51.916Z] ResumeDiffForge: running checkResumeConsistency
[2026-08-08T16:02:51.916Z] checkResumeConsistency: forgedTimestamps=[]
[2026-08-08T16:02:51.920Z] checkResumeConsistency: no changes detected
[2026-08-08T16:02:51.920Z] LiveUpdateForge: session reset, allowLiveUpdate = false
[2026-08-08T16:02:51.920Z] NudgeForge: ResumeComplete — restoring count from history
[2026-08-08T16:02:51.921Z] restoreNudgeCountFromHistory: found last write at idx=553 count=4
[2026-08-08T16:02:52.103Z] MemoryForge: attached 5 listener(s)
[2026-08-08T16:02:52.103Z] InitialReadForge: armed one-shot BeforeSend after NewSessionStart
[2026-08-08T16:02:52.103Z] LiveUpdateForge: session reset, allowLiveUpdate = false
[2026-08-08T16:02:52.109Z] MemoryForge: detached all listeners
[2026-08-08T16:02:52.109Z] ResumeDiffForge: running checkResumeConsistency
[2026-08-08T16:02:52.110Z] checkResumeConsistency: forgedTimestamps=[]
[2026-08-08T16:02:52.145Z] checkResumeConsistency: no changes detected
[2026-08-08T16:02:52.145Z] LiveUpdateForge: session reset, allowLiveUpdate = false
[2026-08-08T16:02:52.145Z] NudgeForge: ResumeComplete — restoring count from history
[2026-08-08T16:02:52.145Z] restoreNudgeCountFromHistory: found last write at idx=553 count=4
[2026-08-08T16:02:52.155Z] LiveUpdateForge: allowLiveUpdate = true (first real BeforeSend)
[2026-08-08T16:02:52.156Z] InitialReadForge.onBeforeSend: SKIP (fr=false syn=false hasRead=true)
[2026-08-08T16:02:52.233Z] InitialReadForge.onBeforeSend: SKIP (fr=false syn=false hasRead=true)
[2026-08-08T16:02:52.541Z] LiveUpdateForge: EndTurn fallback flush
[2026-08-08T16:02:52.542Z] onEndTurn: naturalStop=false toolCalls=4 nudgeMsg=no
[2026-08-08T16:03:05.540Z] LiveUpdateForge: EndTurn fallback flush
[2026-08-08T16:03:05.540Z] onEndTurn: naturalStop=undefined toolCalls=4 nudgeMsg=no
[2026-08-08T16:03:05.541Z] LiveUpdateForge: EndTurn fallback flush
[2026-08-08T16:03:05.541Z] onEndTurn: naturalStop=false toolCalls=4 nudgeMsg=no
[2026-08-08T16:03:06.914Z] LiveUpdateForge: AfterToolExec flush
[2026-08-08T16:03:06.946Z] InitialReadForge.onBeforeSend: SKIP (fr=true syn=false hasRead=true)
[2026-08-08T16:03:09.289Z] LiveUpdateForge: EndTurn fallback flush
[2026-08-08T16:03:09.289Z] onEndTurn: naturalStop=undefined toolCalls=5 nudgeMsg=no
[2026-08-08T16:03:09.290Z] LiveUpdateForge: EndTurn fallback flush
[2026-08-08T16:03:09.290Z] onEndTurn: naturalStop=false toolCalls=5 nudgeMsg=no
[2026-08-08T16:03:10.431Z] LiveUpdateForge: AfterToolExec flush
[2026-08-08T16:03:10.463Z] InitialReadForge.onBeforeSend: SKIP (fr=true syn=false hasRead=true)
[2026-08-08T16:03:19.257Z] LiveUpdateForge: EndTurn fallback flush
[2026-08-08T16:03:19.257Z] onEndTurn: naturalStop=undefined toolCalls=6 nudgeMsg=no
[2026-08-08T16:03:19.257Z] LiveUpdateForge: EndTurn fallback flush
[2026-08-08T16:03:19.258Z] onEndTurn: naturalStop=false toolCalls=6 nudgeMsg=no
[2026-08-08T16:03:20.403Z] LiveUpdateForge: AfterToolExec flush
[2026-08-08T16:03:20.434Z] InitialReadForge.onBeforeSend: SKIP (fr=true syn=false hasRead=true)
[2026-08-08T16:03:23.049Z] LiveUpdateForge: EndTurn fallback flush
[2026-08-08T16:03:23.050Z] onEndTurn: naturalStop=undefined toolCalls=7 nudgeMsg=no
[2026-08-08T16:03:23.050Z] LiveUpdateForge: EndTurn fallback flush
[2026-08-08T16:03:23.050Z] onEndTurn: naturalStop=false toolCalls=7 nudgeMsg=no
[2026-08-08T16:03:27.454Z] LiveUpdateForge: AfterToolExec flush
[2026-08-08T16:03:27.483Z] InitialReadForge.onBeforeSend: SKIP (fr=true syn=false hasRead=true)
[2026-08-08T16:03:46.967Z] LiveUpdateForge: EndTurn fallback flush
[2026-08-08T16:03:46.967Z] onEndTurn: naturalStop=undefined toolCalls=8 nudgeMsg=no
[2026-08-08T16:03:46.967Z] LiveUpdateForge: EndTurn fallback flush
[2026-08-08T16:03:46.967Z] onEndTurn: naturalStop=true toolCalls=8 nudgeMsg=no
[2026-08-08T16:03:49.152Z] ResumeDiffForge: running checkResumeConsistency
[2026-08-08T16:03:49.153Z] checkResumeConsistency: forgedTimestamps=[]
[2026-08-08T16:03:49.158Z] checkResumeConsistency: no changes detected
[2026-08-08T16:03:49.158Z] LiveUpdateForge: session reset, allowLiveUpdate = false
[2026-08-08T16:03:49.158Z] NudgeForge: ResumeComplete — restoring count from history
[2026-08-08T16:03:49.159Z] restoreNudgeCountFromHistory: found last write at idx=553 count=4
[2026-08-08T16:03:49.191Z] LiveUpdateForge: allowLiveUpdate = true (first real BeforeSend)
[2026-08-08T16:03:49.192Z] InitialReadForge.onBeforeSend: SKIP (fr=false syn=false hasRead=true)
[2026-08-08T16:03:54.196Z] LiveUpdateForge: EndTurn fallback flush
[2026-08-08T16:03:54.197Z] onEndTurn: naturalStop=undefined toolCalls=4 nudgeMsg=no
[2026-08-08T16:03:54.197Z] LiveUpdateForge: EndTurn fallback flush
[2026-08-08T16:03:54.197Z] onEndTurn: naturalStop=false toolCalls=4 nudgeMsg=no
[2026-08-08T16:03:55.334Z] LiveUpdateForge: AfterToolExec flush
[2026-08-08T16:03:55.362Z] InitialReadForge.onBeforeSend: SKIP (fr=true syn=false hasRead=true)
[2026-08-08T16:03:58.227Z] LiveUpdateForge: EndTurn fallback flush
[2026-08-08T16:03:58.227Z] onEndTurn: naturalStop=undefined toolCalls=5 nudgeMsg=no
[2026-08-08T16:03:58.228Z] LiveUpdateForge: EndTurn fallback flush
[2026-08-08T16:03:58.228Z] onEndTurn: naturalStop=false toolCalls=5 nudgeMsg=no
[2026-08-08T16:04:01.403Z] LiveUpdateForge: AfterToolExec flush
[2026-08-08T16:04:01.442Z] InitialReadForge.onBeforeSend: SKIP (fr=true syn=false hasRead=true)
[2026-08-08T16:04:06.010Z] LiveUpdateForge: EndTurn fallback flush
[2026-08-08T16:04:06.010Z] onEndTurn: naturalStop=undefined toolCalls=6 nudgeMsg=no
[2026-08-08T16:04:06.011Z] LiveUpdateForge: EndTurn fallback flush
[2026-08-08T16:04:06.011Z] onEndTurn: naturalStop=false toolCalls=6 nudgeMsg=no
[2026-08-08T16:04:19.505Z] LiveUpdateForge: AfterToolExec flush
[2026-08-08T16:04:19.540Z] InitialReadForge.onBeforeSend: SKIP (fr=true syn=false hasRead=true)
[2026-08-08T16:04:27.398Z] LiveUpdateForge: EndTurn fallback flush
[2026-08-08T16:04:27.398Z] onEndTurn: naturalStop=undefined toolCalls=7 nudgeMsg=no
[2026-08-08T16:04:27.399Z] LiveUpdateForge: EndTurn fallback flush
[2026-08-08T16:04:27.399Z] onEndTurn: naturalStop=false toolCalls=7 nudgeMsg=no
[2026-08-08T16:04:27.482Z] LiveUpdateForge: AfterToolExec flush
[2026-08-08T16:04:27.510Z] InitialReadForge.onBeforeSend: SKIP (fr=true syn=false hasRead=true)
[2026-08-08T16:04:31.588Z] LiveUpdateForge: EndTurn fallback flush
[2026-08-08T16:04:31.589Z] onEndTurn: naturalStop=undefined toolCalls=8 nudgeMsg=no
[2026-08-08T16:04:31.589Z] LiveUpdateForge: EndTurn fallback flush
[2026-08-08T16:04:31.589Z] onEndTurn: naturalStop=false toolCalls=8 nudgeMsg=no
[2026-08-08T16:04:31.642Z] LiveUpdateForge: AfterToolExec flush
[2026-08-08T16:04:31.668Z] InitialReadForge.onBeforeSend: SKIP (fr=true syn=false hasRead=true)
[2026-08-08T16:04:34.657Z] LiveUpdateForge: EndTurn fallback flush
[2026-08-08T16:04:34.658Z] onEndTurn: naturalStop=undefined toolCalls=9 nudgeMsg=no
[2026-08-08T16:04:34.658Z] LiveUpdateForge: EndTurn fallback flush
[2026-08-08T16:04:34.658Z] onEndTurn: naturalStop=false toolCalls=9 nudgeMsg=no
[2026-08-08T16:04:34.711Z] LiveUpdateForge: AfterToolExec flush
[2026-08-08T16:04:34.738Z] InitialReadForge.onBeforeSend: SKIP (fr=true syn=false hasRead=true)
[2026-08-08T16:04:36.711Z] LiveUpdateForge: EndTurn fallback flush
[2026-08-08T16:04:36.712Z] onEndTurn: naturalStop=undefined toolCalls=10 nudgeMsg=no
[2026-08-08T16:04:36.712Z] LiveUpdateForge: EndTurn fallback flush
[2026-08-08T16:04:36.712Z] onEndTurn: naturalStop=false toolCalls=10 nudgeMsg=no
[2026-08-08T16:04:36.767Z] LiveUpdateForge: AfterToolExec flush
[2026-08-08T16:04:36.793Z] InitialReadForge.onBeforeSend: SKIP (fr=true syn=false hasRead=true)
[2026-08-08T16:04:39.047Z] LiveUpdateForge: EndTurn fallback flush
[2026-08-08T16:04:39.047Z] onEndTurn: naturalStop=undefined toolCalls=11 nudgeMsg=no
[2026-08-08T16:04:39.048Z] LiveUpdateForge: EndTurn fallback flush
[2026-08-08T16:04:39.048Z] onEndTurn: naturalStop=false toolCalls=11 nudgeMsg=no
[2026-08-08T16:04:39.103Z] LiveUpdateForge: AfterToolExec flush
[2026-08-08T16:04:39.128Z] InitialReadForge.onBeforeSend: SKIP (fr=true syn=false hasRead=true)
[2026-08-08T16:04:42.057Z] LiveUpdateForge: EndTurn fallback flush
[2026-08-08T16:04:42.057Z] onEndTurn: naturalStop=undefined toolCalls=12 nudgeMsg=no
[2026-08-08T16:04:42.057Z] LiveUpdateForge: EndTurn fallback flush
[2026-08-08T16:04:42.057Z] onEndTurn: naturalStop=false toolCalls=12 nudgeMsg=no
[2026-08-08T16:04:42.115Z] LiveUpdateForge: AfterToolExec flush
[2026-08-08T16:04:42.142Z] InitialReadForge.onBeforeSend: SKIP (fr=true syn=false hasRead=true)
[2026-08-08T16:04:45.566Z] LiveUpdateForge: EndTurn fallback flush
[2026-08-08T16:04:45.566Z] onEndTurn: naturalStop=undefined toolCalls=13 nudgeMsg=no
[2026-08-08T16:04:45.566Z] LiveUpdateForge: EndTurn fallback flush
[2026-08-08T16:04:45.566Z] onEndTurn: naturalStop=false toolCalls=13 nudgeMsg=no
[2026-08-08T16:04:45.622Z] LiveUpdateForge: AfterToolExec flush
[2026-08-08T16:04:45.649Z] InitialReadForge.onBeforeSend: SKIP (fr=true syn=false hasRead=true)
[2026-08-08T16:04:49.950Z] LiveUpdateForge: EndTurn fallback flush
[2026-08-08T16:04:49.950Z] onEndTurn: naturalStop=undefined toolCalls=14 nudgeMsg=no
[2026-08-08T16:04:49.950Z] LiveUpdateForge: EndTurn fallback flush
[2026-08-08T16:04:49.950Z] onEndTurn: naturalStop=false toolCalls=14 nudgeMsg=no
[2026-08-08T16:04:50.000Z] LiveUpdateForge: AfterToolExec flush
[2026-08-08T16:04:50.030Z] InitialReadForge.onBeforeSend: SKIP (fr=true syn=false hasRead=true)
[2026-08-08T16:04:52.488Z] LiveUpdateForge: EndTurn fallback flush
[2026-08-08T16:04:52.488Z] onEndTurn: naturalStop=undefined toolCalls=15 nudgeMsg=no
[2026-08-08T16:04:52.488Z] LiveUpdateForge: EndTurn fallback flush
[2026-08-08T16:04:52.488Z] onEndTurn: naturalStop=false toolCalls=15 nudgeMsg=no
[2026-08-08T16:04:52.542Z] LiveUpdateForge: AfterToolExec flush
[2026-08-08T16:04:52.567Z] InitialReadForge.onBeforeSend: SKIP (fr=true syn=false hasRead=true)
[2026-08-08T16:04:57.366Z] LiveUpdateForge: EndTurn fallback flush
[2026-08-08T16:04:57.366Z] onEndTurn: naturalStop=undefined toolCalls=16 nudgeMsg=no
[2026-08-08T16:04:57.366Z] LiveUpdateForge: EndTurn fallback flush
[2026-08-08T16:04:57.366Z] onEndTurn: naturalStop=false toolCalls=16 nudgeMsg=no
[2026-08-08T16:04:57.417Z] LiveUpdateForge: AfterToolExec flush
[2026-08-08T16:04:57.444Z] InitialReadForge.onBeforeSend: SKIP (fr=true syn=false hasRead=true)
[2026-08-08T16:05:09.382Z] LiveUpdateForge: EndTurn fallback flush
[2026-08-08T16:05:09.382Z] onEndTurn: naturalStop=undefined toolCalls=17 nudgeMsg=no
[2026-08-08T16:05:09.382Z] LiveUpdateForge: EndTurn fallback flush
[2026-08-08T16:05:09.382Z] onEndTurn: naturalStop=false toolCalls=17 nudgeMsg=no
[2026-08-08T16:05:09.433Z] LiveUpdateForge: AfterToolExec flush
[2026-08-08T16:05:09.471Z] InitialReadForge.onBeforeSend: SKIP (fr=true syn=false hasRead=true)
[2026-08-08T16:05:13.711Z] LiveUpdateForge: EndTurn fallback flush
[2026-08-08T16:05:13.712Z] onEndTurn: naturalStop=undefined toolCalls=18 nudgeMsg=no
[2026-08-08T16:05:13.712Z] LiveUpdateForge: EndTurn fallback flush
[2026-08-08T16:05:13.712Z] onEndTurn: naturalStop=false toolCalls=18 nudgeMsg=no
[2026-08-08T16:05:13.762Z] LiveUpdateForge: AfterToolExec flush
[2026-08-08T16:05:13.790Z] InitialReadForge.onBeforeSend: SKIP (fr=true syn=false hasRead=true)
[2026-08-08T16:05:21.624Z] LiveUpdateForge: EndTurn fallback flush
[2026-08-08T16:05:21.625Z] onEndTurn: naturalStop=undefined toolCalls=19 nudgeMsg=no
[2026-08-08T16:05:21.625Z] LiveUpdateForge: EndTurn fallback flush
[2026-08-08T16:05:21.625Z] onEndTurn: naturalStop=false toolCalls=19 nudgeMsg=no
[2026-08-08T16:05:21.678Z] LiveUpdateForge: AfterToolExec flush
[2026-08-08T16:05:21.705Z] InitialReadForge.onBeforeSend: SKIP (fr=true syn=false hasRead=true)
[2026-08-08T16:05:26.840Z] LiveUpdateForge: EndTurn fallback flush
[2026-08-08T16:05:26.840Z] onEndTurn: naturalStop=undefined toolCalls=20 nudgeMsg=no
[2026-08-08T16:05:26.841Z] LiveUpdateForge: EndTurn fallback flush
[2026-08-08T16:05:26.841Z] onEndTurn: naturalStop=false toolCalls=20 nudgeMsg=no
[2026-08-08T16:05:26.895Z] LiveUpdateForge: AfterToolExec flush
[2026-08-08T16:05:26.919Z] InitialReadForge.onBeforeSend: SKIP (fr=true syn=false hasRead=true)
[2026-08-08T16:05:32.486Z] LiveUpdateForge: EndTurn fallback flush
[2026-08-08T16:05:32.486Z] onEndTurn: naturalStop=undefined toolCalls=21 nudgeMsg=no
[2026-08-08T16:05:32.487Z] LiveUpdateForge: EndTurn fallback flush
[2026-08-08T16:05:32.487Z] onEndTurn: naturalStop=false toolCalls=21 nudgeMsg=no
[2026-08-08T16:05:32.540Z] LiveUpdateForge: AfterToolExec flush
[2026-08-08T16:05:32.566Z] InitialReadForge.onBeforeSend: SKIP (fr=true syn=false hasRead=true)
[2026-08-08T16:05:35.756Z] LiveUpdateForge: EndTurn fallback flush
[2026-08-08T16:05:35.756Z] onEndTurn: naturalStop=undefined toolCalls=22 nudgeMsg=no
[2026-08-08T16:05:35.757Z] LiveUpdateForge: EndTurn fallback flush
[2026-08-08T16:05:35.757Z] onEndTurn: naturalStop=false toolCalls=22 nudgeMsg=no
[2026-08-08T16:05:55.049Z] LiveUpdateForge: AfterToolExec flush
[2026-08-08T16:05:55.079Z] InitialReadForge.onBeforeSend: SKIP (fr=true syn=false hasRead=true)
[2026-08-08T16:06:09.757Z] LiveUpdateForge: EndTurn fallback flush
[2026-08-08T16:06:09.757Z] onEndTurn: naturalStop=undefined toolCalls=23 nudgeMsg=no
[2026-08-08T16:06:09.758Z] LiveUpdateForge: EndTurn fallback flush
[2026-08-08T16:06:09.758Z] onEndTurn: naturalStop=false toolCalls=23 nudgeMsg=no
[2026-08-08T16:06:09.810Z] LiveUpdateForge: AfterToolExec flush
[2026-08-08T16:06:09.840Z] InitialReadForge.onBeforeSend: SKIP (fr=true syn=false hasRead=true)
[2026-08-08T16:06:13.015Z] LiveUpdateForge: EndTurn fallback flush
[2026-08-08T16:06:13.015Z] onEndTurn: naturalStop=undefined toolCalls=24 nudgeMsg=no
[2026-08-08T16:06:13.015Z] LiveUpdateForge: EndTurn fallback flush
[2026-08-08T16:06:13.015Z] onEndTurn: naturalStop=false toolCalls=24 nudgeMsg=no
[2026-08-08T16:06:13.028Z] LiveUpdateForge: AfterToolExec flush
[2026-08-08T16:06:13.054Z] InitialReadForge.onBeforeSend: SKIP (fr=true syn=false hasRead=true)
[2026-08-08T16:06:28.270Z] LiveUpdateForge: EndTurn fallback flush
[2026-08-08T16:06:28.271Z] onEndTurn: naturalStop=undefined toolCalls=25 nudgeMsg=no
[2026-08-08T16:06:28.271Z] LiveUpdateForge: EndTurn fallback flush
[2026-08-08T16:06:28.271Z] onEndTurn: naturalStop=false toolCalls=25 nudgeMsg=no
[2026-08-08T16:06:28.277Z] LiveUpdateForge: AfterToolExec flush
[2026-08-08T16:06:28.304Z] InitialReadForge.onBeforeSend: SKIP (fr=true syn=false hasRead=true)
[2026-08-08T16:06:34.609Z] LiveUpdateForge: EndTurn fallback flush
[2026-08-08T16:06:34.609Z] onEndTurn: naturalStop=undefined toolCalls=26 nudgeMsg=no
[2026-08-08T16:06:34.609Z] LiveUpdateForge: EndTurn fallback flush
[2026-08-08T16:06:34.609Z] onEndTurn: naturalStop=false toolCalls=26 nudgeMsg=no
[2026-08-08T16:06:34.612Z] LiveUpdateForge: AfterToolExec flush
[2026-08-08T16:06:34.639Z] InitialReadForge.onBeforeSend: SKIP (fr=true syn=false hasRead=true)
[2026-08-08T16:06:37.922Z] LiveUpdateForge: EndTurn fallback flush
[2026-08-08T16:06:37.922Z] onEndTurn: naturalStop=undefined toolCalls=27 nudgeMsg=no
[2026-08-08T16:06:37.922Z] LiveUpdateForge: EndTurn fallback flush
[2026-08-08T16:06:37.922Z] onEndTurn: naturalStop=false toolCalls=27 nudgeMsg=no
[2026-08-08T16:06:37.926Z] LiveUpdateForge: AfterToolExec flush
[2026-08-08T16:06:37.955Z] InitialReadForge.onBeforeSend: SKIP (fr=true syn=false hasRead=true)
[2026-08-08T16:06:40.782Z] LiveUpdateForge: EndTurn fallback flush
[2026-08-08T16:06:40.783Z] onEndTurn: naturalStop=undefined toolCalls=28 nudgeMsg=no
[2026-08-08T16:06:40.783Z] LiveUpdateForge: EndTurn fallback flush
[2026-08-08T16:06:40.783Z] onEndTurn: naturalStop=false toolCalls=28 nudgeMsg=no
[2026-08-08T16:06:40.786Z] LiveUpdateForge: AfterToolExec flush
[2026-08-08T16:06:40.816Z] InitialReadForge.onBeforeSend: SKIP (fr=true syn=false hasRead=true)
[2026-08-08T16:06:44.325Z] LiveUpdateForge: EndTurn fallback flush
[2026-08-08T16:06:44.325Z] onEndTurn: naturalStop=undefined toolCalls=29 nudgeMsg=no
[2026-08-08T16:06:44.325Z] LiveUpdateForge: EndTurn fallback flush
[2026-08-08T16:06:44.326Z] onEndTurn: naturalStop=false toolCalls=29 nudgeMsg=no
[2026-08-08T16:06:44.383Z] LiveUpdateForge: AfterToolExec flush
[2026-08-08T16:06:44.411Z] InitialReadForge.onBeforeSend: SKIP (fr=true syn=false hasRead=true)
[2026-08-08T16:06:47.383Z] LiveUpdateForge: EndTurn fallback flush
[2026-08-08T16:06:47.383Z] onEndTurn: naturalStop=undefined toolCalls=30 nudgeMsg=no
[2026-08-08T16:06:47.383Z] LiveUpdateForge: EndTurn fallback flush
[2026-08-08T16:06:47.383Z] onEndTurn: naturalStop=false toolCalls=30 nudgeMsg=no
[2026-08-08T16:06:47.387Z] LiveUpdateForge: AfterToolExec flush
[2026-08-08T16:06:47.415Z] InitialReadForge.onBeforeSend: SKIP (fr=true syn=false hasRead=true)
[2026-08-08T16:06:52.081Z] LiveUpdateForge: EndTurn fallback flush
[2026-08-08T16:06:52.081Z] onEndTurn: naturalStop=undefined toolCalls=31 nudgeMsg=no
[2026-08-08T16:06:52.081Z] LiveUpdateForge: EndTurn fallback flush
[2026-08-08T16:06:52.081Z] onEndTurn: naturalStop=false toolCalls=31 nudgeMsg=no
[2026-08-08T16:06:52.129Z] LiveUpdateForge: AfterToolExec flush
[2026-08-08T16:06:52.157Z] InitialReadForge.onBeforeSend: SKIP (fr=true syn=false hasRead=true)
[2026-08-08T16:06:54.551Z] LiveUpdateForge: EndTurn fallback flush
[2026-08-08T16:06:54.551Z] onEndTurn: naturalStop=undefined toolCalls=32 nudgeMsg=no
[2026-08-08T16:06:54.552Z] LiveUpdateForge: EndTurn fallback flush
[2026-08-08T16:06:54.552Z] onEndTurn: naturalStop=false toolCalls=32 nudgeMsg=no
[2026-08-08T16:06:54.652Z] LiveUpdateForge: AfterToolExec flush
[2026-08-08T16:06:54.680Z] InitialReadForge.onBeforeSend: SKIP (fr=true syn=false hasRead=true)
[2026-08-08T16:06:57.382Z] LiveUpdateForge: EndTurn fallback flush
[2026-08-08T16:06:57.382Z] onEndTurn: naturalStop=undefined toolCalls=33 nudgeMsg=no
[2026-08-08T16:06:57.382Z] LiveUpdateForge: EndTurn fallback flush
[2026-08-08T16:06:57.382Z] onEndTurn: naturalStop=false toolCalls=33 nudgeMsg=no
[2026-08-08T16:06:57.388Z] LiveUpdateForge: AfterToolExec flush
[2026-08-08T16:06:57.418Z] InitialReadForge.onBeforeSend: SKIP (fr=true syn=false hasRead=true)
[2026-08-08T16:07:05.872Z] LiveUpdateForge: EndTurn fallback flush
[2026-08-08T16:07:05.873Z] onEndTurn: naturalStop=undefined toolCalls=34 nudgeMsg=no
[2026-08-08T16:07:05.873Z] LiveUpdateForge: EndTurn fallback flush
[2026-08-08T16:07:05.873Z] onEndTurn: naturalStop=false toolCalls=34 nudgeMsg=no
[2026-08-08T16:07:05.955Z] LiveUpdateForge: AfterToolExec flush
[2026-08-08T16:07:05.985Z] InitialReadForge.onBeforeSend: SKIP (fr=true syn=false hasRead=true)
[2026-08-08T16:07:11.600Z] LiveUpdateForge: EndTurn fallback flush
[2026-08-08T16:07:11.600Z] onEndTurn: naturalStop=undefined toolCalls=35 nudgeMsg=no
[2026-08-08T16:07:11.600Z] LiveUpdateForge: EndTurn fallback flush
[2026-08-08T16:07:11.600Z] onEndTurn: naturalStop=false toolCalls=35 nudgeMsg=no
[2026-08-08T16:07:11.607Z] LiveUpdateForge: AfterToolExec flush
[2026-08-08T16:07:11.639Z] InitialReadForge.onBeforeSend: SKIP (fr=true syn=false hasRead=true)
[2026-08-08T16:07:17.851Z] LiveUpdateForge: EndTurn fallback flush
[2026-08-08T16:07:17.852Z] onEndTurn: naturalStop=undefined toolCalls=36 nudgeMsg=no
[2026-08-08T16:07:17.852Z] LiveUpdateForge: EndTurn fallback flush
[2026-08-08T16:07:17.852Z] onEndTurn: naturalStop=false toolCalls=36 nudgeMsg=no
[2026-08-08T16:07:17.897Z] LiveUpdateForge: AfterToolExec flush
[2026-08-08T16:07:17.926Z] InitialReadForge.onBeforeSend: SKIP (fr=true syn=false hasRead=true)
[2026-08-08T16:07:21.947Z] LiveUpdateForge: EndTurn fallback flush
[2026-08-08T16:07:21.947Z] onEndTurn: naturalStop=undefined toolCalls=37 nudgeMsg=no
[2026-08-08T16:07:21.947Z] LiveUpdateForge: EndTurn fallback flush
[2026-08-08T16:07:21.948Z] onEndTurn: naturalStop=false toolCalls=37 nudgeMsg=no
[2026-08-08T16:07:21.953Z] LiveUpdateForge: AfterToolExec flush
[2026-08-08T16:07:21.981Z] InitialReadForge.onBeforeSend: SKIP (fr=true syn=false hasRead=true)
[2026-08-08T16:07:25.005Z] LiveUpdateForge: EndTurn fallback flush
[2026-08-08T16:07:25.005Z] onEndTurn: naturalStop=undefined toolCalls=38 nudgeMsg=no
[2026-08-08T16:07:25.006Z] LiveUpdateForge: EndTurn fallback flush
[2026-08-08T16:07:25.006Z] onEndTurn: naturalStop=false toolCalls=38 nudgeMsg=no
[2026-08-08T16:07:25.098Z] LiveUpdateForge: AfterToolExec flush
[2026-08-08T16:07:25.125Z] InitialReadForge.onBeforeSend: SKIP (fr=true syn=false hasRead=true)
[2026-08-08T16:07:28.596Z] LiveUpdateForge: EndTurn fallback flush
[2026-08-08T16:07:28.596Z] onEndTurn: naturalStop=undefined toolCalls=39 nudgeMsg=no
[2026-08-08T16:07:28.596Z] LiveUpdateForge: EndTurn fallback flush
[2026-08-08T16:07:28.596Z] onEndTurn: naturalStop=false toolCalls=39 nudgeMsg=no
[2026-08-08T16:07:28.653Z] LiveUpdateForge: AfterToolExec flush
[2026-08-08T16:07:28.680Z] InitialReadForge.onBeforeSend: SKIP (fr=true syn=false hasRead=true)
[2026-08-08T16:07:31.681Z] LiveUpdateForge: EndTurn fallback flush
[2026-08-08T16:07:31.682Z] onEndTurn: naturalStop=undefined toolCalls=40 nudgeMsg=no
[2026-08-08T16:07:31.682Z] LiveUpdateForge: EndTurn fallback flush
[2026-08-08T16:07:31.682Z] onEndTurn: naturalStop=false toolCalls=40 nudgeMsg=no
[2026-08-08T16:07:31.688Z] LiveUpdateForge: AfterToolExec flush
[2026-08-08T16:07:31.717Z] InitialReadForge.onBeforeSend: SKIP (fr=true syn=false hasRead=true)
[2026-08-08T16:07:36.591Z] LiveUpdateForge: EndTurn fallback flush
[2026-08-08T16:07:36.591Z] onEndTurn: naturalStop=undefined toolCalls=41 nudgeMsg=no
[2026-08-08T16:07:36.591Z] LiveUpdateForge: EndTurn fallback flush
[2026-08-08T16:07:36.592Z] onEndTurn: naturalStop=false toolCalls=41 nudgeMsg=no
[2026-08-08T16:07:36.670Z] LiveUpdateForge: AfterToolExec flush
[2026-08-08T16:07:36.699Z] InitialReadForge.onBeforeSend: SKIP (fr=true syn=false hasRead=true)
[2026-08-08T16:07:40.056Z] LiveUpdateForge: EndTurn fallback flush
[2026-08-08T16:07:40.057Z] onEndTurn: naturalStop=undefined toolCalls=42 nudgeMsg=no
[2026-08-08T16:07:40.057Z] LiveUpdateForge: EndTurn fallback flush
[2026-08-08T16:07:40.057Z] onEndTurn: naturalStop=false toolCalls=42 nudgeMsg=no
[2026-08-08T16:07:40.062Z] LiveUpdateForge: AfterToolExec flush
[2026-08-08T16:07:40.089Z] InitialReadForge.onBeforeSend: SKIP (fr=true syn=false hasRead=true)
[2026-08-08T16:07:45.408Z] LiveUpdateForge: EndTurn fallback flush
[2026-08-08T16:07:45.408Z] onEndTurn: naturalStop=undefined toolCalls=43 nudgeMsg=no
[2026-08-08T16:07:45.408Z] LiveUpdateForge: EndTurn fallback flush
[2026-08-08T16:07:45.409Z] onEndTurn: naturalStop=false toolCalls=43 nudgeMsg=no
[2026-08-08T16:07:45.462Z] LiveUpdateForge: AfterToolExec flush
[2026-08-08T16:07:45.492Z] InitialReadForge.onBeforeSend: SKIP (fr=true syn=false hasRead=true)
[2026-08-08T16:07:56.368Z] LiveUpdateForge: EndTurn fallback flush
[2026-08-08T16:07:56.368Z] onEndTurn: naturalStop=undefined toolCalls=44 nudgeMsg=no
[2026-08-08T16:07:56.368Z] LiveUpdateForge: EndTurn fallback flush
[2026-08-08T16:07:56.368Z] onEndTurn: naturalStop=false toolCalls=44 nudgeMsg=no
[2026-08-08T16:07:56.429Z] LiveUpdateForge: AfterToolExec flush
[2026-08-08T16:07:56.459Z] InitialReadForge.onBeforeSend: SKIP (fr=true syn=false hasRead=true)
[2026-08-08T16:08:00.933Z] LiveUpdateForge: EndTurn fallback flush
[2026-08-08T16:08:00.933Z] onEndTurn: naturalStop=undefined toolCalls=45 nudgeMsg=no
[2026-08-08T16:08:00.933Z] LiveUpdateForge: EndTurn fallback flush
[2026-08-08T16:08:00.934Z] onEndTurn: naturalStop=false toolCalls=45 nudgeMsg=no
[2026-08-08T16:08:07.073Z] LiveUpdateForge: AfterToolExec flush
[2026-08-08T16:08:07.108Z] InitialReadForge.onBeforeSend: SKIP (fr=true syn=false hasRead=true)
[2026-08-08T16:08:12.081Z] LiveUpdateForge: EndTurn fallback flush
[2026-08-08T16:08:12.082Z] onEndTurn: naturalStop=undefined toolCalls=46 nudgeMsg=no
[2026-08-08T16:08:12.082Z] LiveUpdateForge: EndTurn fallback flush
[2026-08-08T16:08:12.082Z] onEndTurn: naturalStop=false toolCalls=46 nudgeMsg=no
[2026-08-08T16:08:12.088Z] LiveUpdateForge: AfterToolExec flush
[2026-08-08T16:08:12.116Z] InitialReadForge.onBeforeSend: SKIP (fr=true syn=false hasRead=true)
[2026-08-08T16:08:15.769Z] LiveUpdateForge: EndTurn fallback flush
[2026-08-08T16:08:15.769Z] onEndTurn: naturalStop=undefined toolCalls=47 nudgeMsg=no
[2026-08-08T16:08:15.769Z] LiveUpdateForge: EndTurn fallback flush
[2026-08-08T16:08:15.769Z] onEndTurn: naturalStop=false toolCalls=47 nudgeMsg=no
[2026-08-08T16:08:15.775Z] LiveUpdateForge: AfterToolExec flush
[2026-08-08T16:08:15.805Z] InitialReadForge.onBeforeSend: SKIP (fr=true syn=false hasRead=true)
[2026-08-08T16:08:19.736Z] LiveUpdateForge: EndTurn fallback flush
[2026-08-08T16:08:19.736Z] onEndTurn: naturalStop=undefined toolCalls=48 nudgeMsg=no
[2026-08-08T16:08:19.736Z] LiveUpdateForge: EndTurn fallback flush
[2026-08-08T16:08:19.737Z] onEndTurn: naturalStop=false toolCalls=48 nudgeMsg=no
[2026-08-08T16:08:19.743Z] LiveUpdateForge: AfterToolExec flush
[2026-08-08T16:08:19.775Z] InitialReadForge.onBeforeSend: SKIP (fr=true syn=false hasRead=true)
[2026-08-08T16:08:22.904Z] LiveUpdateForge: EndTurn fallback flush
[2026-08-08T16:08:22.905Z] onEndTurn: naturalStop=undefined toolCalls=49 nudgeMsg=no
[2026-08-08T16:08:22.906Z] LiveUpdateForge: EndTurn fallback flush
[2026-08-08T16:08:22.906Z] onEndTurn: naturalStop=false toolCalls=49 nudgeMsg=no
[2026-08-08T16:08:22.961Z] LiveUpdateForge: AfterToolExec flush
[2026-08-08T16:08:22.990Z] InitialReadForge.onBeforeSend: SKIP (fr=true syn=false hasRead=true)
[2026-08-08T16:08:26.101Z] LiveUpdateForge: EndTurn fallback flush
[2026-08-08T16:08:26.101Z] onEndTurn: naturalStop=undefined toolCalls=50 nudgeMsg=no
[2026-08-08T16:08:26.102Z] LiveUpdateForge: EndTurn fallback flush
[2026-08-08T16:08:26.102Z] onEndTurn: naturalStop=false toolCalls=50 nudgeMsg=no
[2026-08-08T16:08:26.154Z] LiveUpdateForge: AfterToolExec flush
[2026-08-08T16:08:26.185Z] InitialReadForge.onBeforeSend: SKIP (fr=true syn=false hasRead=true)
[2026-08-08T16:08:32.753Z] LiveUpdateForge: EndTurn fallback flush
[2026-08-08T16:08:32.753Z] onEndTurn: naturalStop=undefined toolCalls=51 nudgeMsg=no
[2026-08-08T16:08:32.753Z] LiveUpdateForge: EndTurn fallback flush
[2026-08-08T16:08:32.753Z] onEndTurn: naturalStop=false toolCalls=51 nudgeMsg=no
[2026-08-08T16:08:32.760Z] LiveUpdateForge: AfterToolExec flush
[2026-08-08T16:08:32.792Z] InitialReadForge.onBeforeSend: SKIP (fr=true syn=false hasRead=true)
[2026-08-08T16:08:43.047Z] LiveUpdateForge: EndTurn fallback flush
[2026-08-08T16:08:43.047Z] onEndTurn: naturalStop=undefined toolCalls=52 nudgeMsg=no
[2026-08-08T16:08:43.048Z] LiveUpdateForge: EndTurn fallback flush
[2026-08-08T16:08:43.048Z] onEndTurn: naturalStop=false toolCalls=52 nudgeMsg=no
[2026-08-08T16:08:43.113Z] LiveUpdateForge: AfterToolExec flush
[2026-08-08T16:08:43.149Z] InitialReadForge.onBeforeSend: SKIP (fr=true syn=false hasRead=true)
[2026-08-08T16:08:57.130Z] LiveUpdateForge: EndTurn fallback flush
[2026-08-08T16:08:57.130Z] onEndTurn: naturalStop=undefined toolCalls=53 nudgeMsg=no
[2026-08-08T16:08:57.130Z] LiveUpdateForge: EndTurn fallback flush
[2026-08-08T16:08:57.130Z] onEndTurn: naturalStop=false toolCalls=53 nudgeMsg=no
[2026-08-08T16:09:03.120Z] LiveUpdateForge: AfterToolExec flush
[2026-08-08T16:09:03.162Z] InitialReadForge.onBeforeSend: SKIP (fr=true syn=false hasRead=true)
[2026-08-08T16:09:07.336Z] LiveUpdateForge: EndTurn fallback flush
[2026-08-08T16:09:07.337Z] onEndTurn: naturalStop=undefined toolCalls=54 nudgeMsg=no
[2026-08-08T16:09:07.337Z] LiveUpdateForge: EndTurn fallback flush
[2026-08-08T16:09:07.337Z] onEndTurn: naturalStop=false toolCalls=54 nudgeMsg=no
[2026-08-08T16:09:20.919Z] LiveUpdateForge: AfterToolExec flush
[2026-08-08T16:09:20.957Z] InitialReadForge.onBeforeSend: SKIP (fr=true syn=false hasRead=true)
[2026-08-08T16:09:23.382Z] LiveUpdateForge: EndTurn fallback flush
[2026-08-08T16:09:23.382Z] onEndTurn: naturalStop=undefined toolCalls=55 nudgeMsg=no
[2026-08-08T16:09:23.382Z] LiveUpdateForge: EndTurn fallback flush
[2026-08-08T16:09:23.382Z] onEndTurn: naturalStop=false toolCalls=55 nudgeMsg=no
[2026-08-08T16:09:43.053Z] LiveUpdateForge: AfterToolExec flush
[2026-08-08T16:09:43.089Z] InitialReadForge.onBeforeSend: SKIP (fr=true syn=false hasRead=true)
[2026-08-08T16:09:45.675Z] LiveUpdateForge: EndTurn fallback flush
[2026-08-08T16:09:45.676Z] onEndTurn: naturalStop=undefined toolCalls=56 nudgeMsg=no
[2026-08-08T16:09:45.676Z] LiveUpdateForge: EndTurn fallback flush
[2026-08-08T16:09:45.676Z] onEndTurn: naturalStop=false toolCalls=56 nudgeMsg=no
[2026-08-08T16:09:46.944Z] LiveUpdateForge: AfterToolExec flush
[2026-08-08T16:09:46.983Z] InitialReadForge.onBeforeSend: SKIP (fr=true syn=false hasRead=true)
[2026-08-08T16:09:51.749Z] LiveUpdateForge: EndTurn fallback flush
[2026-08-08T16:09:51.749Z] onEndTurn: naturalStop=undefined toolCalls=57 nudgeMsg=no
[2026-08-08T16:09:51.749Z] LiveUpdateForge: EndTurn fallback flush
[2026-08-08T16:09:51.749Z] onEndTurn: naturalStop=false toolCalls=57 nudgeMsg=no
[2026-08-08T16:09:51.818Z] LiveUpdateForge: AfterToolExec flush
[2026-08-08T16:09:51.847Z] InitialReadForge.onBeforeSend: SKIP (fr=true syn=false hasRead=true)
[2026-08-08T16:09:55.115Z] LiveUpdateForge: EndTurn fallback flush
[2026-08-08T16:09:55.116Z] onEndTurn: naturalStop=undefined toolCalls=58 nudgeMsg=no
[2026-08-08T16:09:55.116Z] LiveUpdateForge: EndTurn fallback flush
[2026-08-08T16:09:55.116Z] onEndTurn: naturalStop=false toolCalls=58 nudgeMsg=no
[2026-08-08T16:09:56.640Z] LiveUpdateForge: AfterToolExec flush
[2026-08-08T16:09:56.677Z] InitialReadForge.onBeforeSend: SKIP (fr=true syn=false hasRead=true)
[2026-08-08T16:10:00.873Z] LiveUpdateForge: EndTurn fallback flush
[2026-08-08T16:10:00.874Z] onEndTurn: naturalStop=undefined toolCalls=59 nudgeMsg=no
[2026-08-08T16:10:00.874Z] LiveUpdateForge: EndTurn fallback flush
[2026-08-08T16:10:00.874Z] onEndTurn: naturalStop=false toolCalls=59 nudgeMsg=no
[2026-08-08T16:10:03.453Z] LiveUpdateForge: AfterToolExec flush
[2026-08-08T16:10:03.489Z] InitialReadForge.onBeforeSend: SKIP (fr=true syn=false hasRead=true)
[2026-08-08T16:10:06.405Z] LiveUpdateForge: EndTurn fallback flush
[2026-08-08T16:10:06.405Z] onEndTurn: naturalStop=undefined toolCalls=60 nudgeMsg=no
[2026-08-08T16:10:06.406Z] LiveUpdateForge: EndTurn fallback flush
[2026-08-08T16:10:06.406Z] onEndTurn: naturalStop=false toolCalls=60 nudgeMsg=no
[2026-08-08T16:10:09.864Z] LiveUpdateForge: AfterToolExec flush
[2026-08-08T16:10:09.901Z] InitialReadForge.onBeforeSend: SKIP (fr=true syn=false hasRead=true)
[2026-08-08T16:10:13.464Z] LiveUpdateForge: EndTurn fallback flush
[2026-08-08T16:10:13.464Z] onEndTurn: naturalStop=undefined toolCalls=61 nudgeMsg=no
[2026-08-08T16:10:13.464Z] LiveUpdateForge: EndTurn fallback flush
[2026-08-08T16:10:13.464Z] onEndTurn: naturalStop=false toolCalls=61 nudgeMsg=no
[2026-08-08T16:10:13.467Z] LiveUpdateForge: AfterToolExec flush
[2026-08-08T16:10:13.497Z] InitialReadForge.onBeforeSend: SKIP (fr=true syn=false hasRead=true)
[2026-08-08T16:10:17.189Z] LiveUpdateForge: EndTurn fallback flush
[2026-08-08T16:10:17.189Z] onEndTurn: naturalStop=undefined toolCalls=62 nudgeMsg=no
[2026-08-08T16:10:17.190Z] LiveUpdateForge: EndTurn fallback flush
[2026-08-08T16:10:17.190Z] onEndTurn: naturalStop=false toolCalls=62 nudgeMsg=no
[2026-08-08T16:10:17.193Z] LiveUpdateForge: AfterToolExec flush
[2026-08-08T16:10:17.224Z] InitialReadForge.onBeforeSend: SKIP (fr=true syn=false hasRead=true)
[2026-08-08T16:10:20.968Z] LiveUpdateForge: EndTurn fallback flush
[2026-08-08T16:10:20.968Z] onEndTurn: naturalStop=undefined toolCalls=63 nudgeMsg=no
[2026-08-08T16:10:20.969Z] LiveUpdateForge: EndTurn fallback flush
[2026-08-08T16:10:20.969Z] onEndTurn: naturalStop=false toolCalls=63 nudgeMsg=no
[2026-08-08T16:10:21.025Z] LiveUpdateForge: AfterToolExec flush
[2026-08-08T16:10:21.052Z] InitialReadForge.onBeforeSend: SKIP (fr=true syn=false hasRead=true)
[2026-08-08T16:10:23.411Z] LiveUpdateForge: EndTurn fallback flush
[2026-08-08T16:10:23.411Z] onEndTurn: naturalStop=undefined toolCalls=64 nudgeMsg=no
[2026-08-08T16:10:23.411Z] LiveUpdateForge: EndTurn fallback flush
[2026-08-08T16:10:23.411Z] onEndTurn: naturalStop=false toolCalls=64 nudgeMsg=no
[2026-08-08T16:10:23.423Z] LiveUpdateForge: AfterToolExec flush
[2026-08-08T16:10:23.451Z] InitialReadForge.onBeforeSend: SKIP (fr=true syn=false hasRead=true)
[2026-08-08T16:10:30.129Z] LiveUpdateForge: EndTurn fallback flush
[2026-08-08T16:10:30.129Z] onEndTurn: naturalStop=undefined toolCalls=65 nudgeMsg=no
[2026-08-08T16:10:30.129Z] LiveUpdateForge: EndTurn fallback flush
[2026-08-08T16:10:30.129Z] onEndTurn: naturalStop=false toolCalls=65 nudgeMsg=no
[2026-08-08T16:10:30.181Z] LiveUpdateForge: AfterToolExec flush
[2026-08-08T16:10:30.211Z] InitialReadForge.onBeforeSend: SKIP (fr=true syn=false hasRead=true)
[2026-08-08T16:10:33.686Z] LiveUpdateForge: EndTurn fallback flush
[2026-08-08T16:10:33.687Z] onEndTurn: naturalStop=undefined toolCalls=66 nudgeMsg=no
[2026-08-08T16:10:33.687Z] LiveUpdateForge: EndTurn fallback flush
[2026-08-08T16:10:33.687Z] onEndTurn: naturalStop=false toolCalls=66 nudgeMsg=no
[2026-08-08T16:10:33.693Z] LiveUpdateForge: AfterToolExec flush
[2026-08-08T16:10:33.724Z] InitialReadForge.onBeforeSend: SKIP (fr=true syn=false hasRead=true)
[2026-08-08T16:10:49.519Z] LiveUpdateForge: EndTurn fallback flush
[2026-08-08T16:10:49.519Z] onEndTurn: naturalStop=undefined toolCalls=67 nudgeMsg=no
[2026-08-08T16:10:49.519Z] LiveUpdateForge: EndTurn fallback flush
[2026-08-08T16:10:49.519Z] onEndTurn: naturalStop=false toolCalls=67 nudgeMsg=no
[2026-08-08T16:10:49.526Z] LiveUpdateForge: AfterToolExec flush
[2026-08-08T16:10:49.560Z] InitialReadForge.onBeforeSend: SKIP (fr=true syn=false hasRead=true)
[2026-08-08T16:11:05.055Z] LiveUpdateForge: EndTurn fallback flush
[2026-08-08T16:11:05.055Z] onEndTurn: naturalStop=undefined toolCalls=68 nudgeMsg=no
[2026-08-08T16:11:05.055Z] LiveUpdateForge: EndTurn fallback flush
[2026-08-08T16:11:05.055Z] onEndTurn: naturalStop=false toolCalls=68 nudgeMsg=no
[2026-08-08T16:11:05.061Z] LiveUpdateForge: AfterToolExec flush
[2026-08-08T16:11:05.104Z] InitialReadForge.onBeforeSend: SKIP (fr=true syn=false hasRead=true)
[2026-08-08T16:11:07.688Z] LiveUpdateForge: EndTurn fallback flush
[2026-08-08T16:11:07.688Z] onEndTurn: naturalStop=undefined toolCalls=69 nudgeMsg=no
[2026-08-08T16:11:07.689Z] LiveUpdateForge: EndTurn fallback flush
[2026-08-08T16:11:07.689Z] onEndTurn: naturalStop=false toolCalls=69 nudgeMsg=no
[2026-08-08T16:11:07.746Z] LiveUpdateForge: AfterToolExec flush
[2026-08-08T16:11:07.777Z] InitialReadForge.onBeforeSend: SKIP (fr=true syn=false hasRead=true)
[2026-08-08T16:11:10.716Z] LiveUpdateForge: EndTurn fallback flush
[2026-08-08T16:11:10.716Z] onEndTurn: naturalStop=undefined toolCalls=70 nudgeMsg=no
[2026-08-08T16:11:10.716Z] LiveUpdateForge: EndTurn fallback flush
[2026-08-08T16:11:10.716Z] onEndTurn: naturalStop=false toolCalls=70 nudgeMsg=no
[2026-08-08T16:11:10.770Z] LiveUpdateForge: AfterToolExec flush
[2026-08-08T16:11:10.801Z] InitialReadForge.onBeforeSend: SKIP (fr=true syn=false hasRead=true)
[2026-08-08T16:11:12.936Z] LiveUpdateForge: EndTurn fallback flush
[2026-08-08T16:11:12.936Z] onEndTurn: naturalStop=undefined toolCalls=71 nudgeMsg=no
[2026-08-08T16:11:12.937Z] LiveUpdateForge: EndTurn fallback flush
[2026-08-08T16:11:12.937Z] onEndTurn: naturalStop=false toolCalls=71 nudgeMsg=no
[2026-08-08T16:11:12.943Z] LiveUpdateForge: AfterToolExec flush
[2026-08-08T16:11:12.975Z] InitialReadForge.onBeforeSend: SKIP (fr=true syn=false hasRead=true)
[2026-08-08T16:11:17.332Z] LiveUpdateForge: EndTurn fallback flush
[2026-08-08T16:11:17.332Z] onEndTurn: naturalStop=undefined toolCalls=72 nudgeMsg=no
[2026-08-08T16:11:17.333Z] LiveUpdateForge: EndTurn fallback flush
[2026-08-08T16:11:17.333Z] onEndTurn: naturalStop=false toolCalls=72 nudgeMsg=no
[2026-08-08T16:11:17.407Z] LiveUpdateForge: AfterToolExec flush
[2026-08-08T16:11:17.436Z] InitialReadForge.onBeforeSend: SKIP (fr=true syn=false hasRead=true)
[2026-08-08T16:11:20.453Z] LiveUpdateForge: EndTurn fallback flush
[2026-08-08T16:11:20.453Z] onEndTurn: naturalStop=undefined toolCalls=73 nudgeMsg=no
[2026-08-08T16:11:20.453Z] LiveUpdateForge: EndTurn fallback flush
[2026-08-08T16:11:20.453Z] onEndTurn: naturalStop=false toolCalls=73 nudgeMsg=no
[2026-08-08T16:11:20.505Z] LiveUpdateForge: AfterToolExec flush
[2026-08-08T16:11:20.533Z] InitialReadForge.onBeforeSend: SKIP (fr=true syn=false hasRead=true)
[2026-08-08T16:11:23.436Z] LiveUpdateForge: EndTurn fallback flush
[2026-08-08T16:11:23.437Z] onEndTurn: naturalStop=undefined toolCalls=74 nudgeMsg=no
[2026-08-08T16:11:23.437Z] LiveUpdateForge: EndTurn fallback flush
[2026-08-08T16:11:23.437Z] onEndTurn: naturalStop=false toolCalls=74 nudgeMsg=no
[2026-08-08T16:11:23.443Z] LiveUpdateForge: AfterToolExec flush
[2026-08-08T16:11:23.474Z] InitialReadForge.onBeforeSend: SKIP (fr=true syn=false hasRead=true)
[2026-08-08T16:11:38.527Z] LiveUpdateForge: EndTurn fallback flush
[2026-08-08T16:11:38.527Z] onEndTurn: naturalStop=undefined toolCalls=75 nudgeMsg=no
[2026-08-08T16:11:38.527Z] LiveUpdateForge: EndTurn fallback flush
[2026-08-08T16:11:38.527Z] onEndTurn: naturalStop=false toolCalls=75 nudgeMsg=no
[2026-08-08T16:11:38.604Z] LiveUpdateForge: AfterToolExec flush
[2026-08-08T16:11:38.633Z] InitialReadForge.onBeforeSend: SKIP (fr=true syn=false hasRead=true)
[2026-08-08T16:11:55.109Z] LiveUpdateForge: EndTurn fallback flush
[2026-08-08T16:11:55.110Z] onEndTurn: naturalStop=undefined toolCalls=76 nudgeMsg=no
[2026-08-08T16:11:55.110Z] LiveUpdateForge: EndTurn fallback flush
[2026-08-08T16:11:55.110Z] onEndTurn: naturalStop=false toolCalls=76 nudgeMsg=no
[2026-08-08T16:11:55.176Z] LiveUpdateForge: AfterToolExec flush
[2026-08-08T16:11:55.210Z] InitialReadForge.onBeforeSend: SKIP (fr=true syn=false hasRead=true)
[2026-08-08T16:11:57.540Z] LiveUpdateForge: EndTurn fallback flush
[2026-08-08T16:11:57.540Z] onEndTurn: naturalStop=undefined toolCalls=77 nudgeMsg=no
[2026-08-08T16:11:57.540Z] LiveUpdateForge: EndTurn fallback flush
[2026-08-08T16:11:57.540Z] onEndTurn: naturalStop=false toolCalls=77 nudgeMsg=no
[2026-08-08T16:11:57.546Z] LiveUpdateForge: AfterToolExec flush
[2026-08-08T16:11:57.576Z] InitialReadForge.onBeforeSend: SKIP (fr=true syn=false hasRead=true)
[2026-08-08T16:12:26.025Z] LiveUpdateForge: EndTurn fallback flush
[2026-08-08T16:12:26.026Z] onEndTurn: naturalStop=undefined toolCalls=78 nudgeMsg=no
[2026-08-08T16:12:26.026Z] LiveUpdateForge: EndTurn fallback flush
[2026-08-08T16:12:26.026Z] onEndTurn: naturalStop=false toolCalls=78 nudgeMsg=no
[2026-08-08T16:12:26.032Z] LiveUpdateForge: AfterToolExec flush
[2026-08-08T16:12:26.062Z] InitialReadForge.onBeforeSend: SKIP (fr=true syn=false hasRead=true)
[2026-08-08T16:12:30.053Z] LiveUpdateForge: EndTurn fallback flush
[2026-08-08T16:12:30.053Z] onEndTurn: naturalStop=undefined toolCalls=79 nudgeMsg=no
[2026-08-08T16:12:30.053Z] LiveUpdateForge: EndTurn fallback flush
[2026-08-08T16:12:30.053Z] onEndTurn: naturalStop=false toolCalls=79 nudgeMsg=no
[2026-08-08T16:12:30.094Z] LiveUpdateForge: AfterToolExec flush
[2026-08-08T16:12:30.122Z] InitialReadForge.onBeforeSend: SKIP (fr=true syn=false hasRead=true)
[2026-08-08T16:12:43.916Z] LiveUpdateForge: EndTurn fallback flush
[2026-08-08T16:12:43.917Z] onEndTurn: naturalStop=undefined toolCalls=80 nudgeMsg=no
[2026-08-08T16:12:43.917Z] LiveUpdateForge: EndTurn fallback flush
[2026-08-08T16:12:43.917Z] onEndTurn: naturalStop=false toolCalls=80 nudgeMsg=no
[2026-08-08T16:12:43.924Z] LiveUpdateForge: AfterToolExec flush
[2026-08-08T16:12:43.956Z] InitialReadForge.onBeforeSend: SKIP (fr=true syn=false hasRead=true)
[2026-08-08T16:13:01.064Z] LiveUpdateForge: EndTurn fallback flush
[2026-08-08T16:13:01.064Z] onEndTurn: naturalStop=undefined toolCalls=81 nudgeMsg=no
[2026-08-08T16:13:01.064Z] LiveUpdateForge: EndTurn fallback flush
[2026-08-08T16:13:01.064Z] onEndTurn: naturalStop=false toolCalls=81 nudgeMsg=no
[2026-08-08T16:13:01.098Z] LiveUpdateForge: AfterToolExec flush
[2026-08-08T16:13:01.132Z] InitialReadForge.onBeforeSend: SKIP (fr=true syn=false hasRead=true)
[2026-08-08T16:13:03.276Z] LiveUpdateForge: EndTurn fallback flush
[2026-08-08T16:13:03.276Z] onEndTurn: naturalStop=undefined toolCalls=82 nudgeMsg=no
[2026-08-08T16:13:03.277Z] LiveUpdateForge: EndTurn fallback flush
[2026-08-08T16:13:03.277Z] onEndTurn: naturalStop=false toolCalls=82 nudgeMsg=no
[2026-08-08T16:13:09.767Z] LiveUpdateForge: AfterToolExec flush
[2026-08-08T16:13:09.805Z] InitialReadForge.onBeforeSend: SKIP (fr=true syn=false hasRead=true)
[2026-08-08T16:13:11.821Z] LiveUpdateForge: EndTurn fallback flush
[2026-08-08T16:13:11.822Z] onEndTurn: naturalStop=undefined toolCalls=83 nudgeMsg=no
[2026-08-08T16:13:11.822Z] LiveUpdateForge: EndTurn fallback flush
[2026-08-08T16:13:11.822Z] onEndTurn: naturalStop=false toolCalls=83 nudgeMsg=no
[2026-08-08T16:13:26.491Z] LiveUpdateForge: AfterToolExec flush
[2026-08-08T16:13:26.532Z] InitialReadForge.onBeforeSend: SKIP (fr=true syn=false hasRead=true)
[2026-08-08T16:13:44.579Z] LiveUpdateForge: EndTurn fallback flush
[2026-08-08T16:13:44.579Z] onEndTurn: naturalStop=undefined toolCalls=84 nudgeMsg=no
[2026-08-08T16:13:44.579Z] LiveUpdateForge: EndTurn fallback flush
[2026-08-08T16:13:44.579Z] onEndTurn: naturalStop=false toolCalls=84 nudgeMsg=no
[2026-08-08T16:14:03.167Z] LiveUpdateForge: AfterToolExec flush
[2026-08-08T16:14:03.200Z] InitialReadForge.onBeforeSend: SKIP (fr=true syn=false hasRead=true)
[2026-08-08T16:14:06.316Z] LiveUpdateForge: EndTurn fallback flush
[2026-08-08T16:14:06.316Z] onEndTurn: naturalStop=undefined toolCalls=85 nudgeMsg=no
[2026-08-08T16:14:06.316Z] LiveUpdateForge: EndTurn fallback flush
[2026-08-08T16:14:06.316Z] onEndTurn: naturalStop=false toolCalls=85 nudgeMsg=no
[2026-08-08T16:14:07.525Z] LiveUpdateForge: AfterToolExec flush
[2026-08-08T16:14:07.560Z] InitialReadForge.onBeforeSend: SKIP (fr=true syn=false hasRead=true)
[2026-08-08T16:14:10.685Z] LiveUpdateForge: EndTurn fallback flush
[2026-08-08T16:14:10.686Z] onEndTurn: naturalStop=undefined toolCalls=86 nudgeMsg=no
[2026-08-08T16:14:10.686Z] LiveUpdateForge: EndTurn fallback flush
[2026-08-08T16:14:10.686Z] onEndTurn: naturalStop=false toolCalls=86 nudgeMsg=no
[2026-08-08T16:14:10.724Z] LiveUpdateForge: AfterToolExec flush
[2026-08-08T16:14:10.754Z] InitialReadForge.onBeforeSend: SKIP (fr=true syn=false hasRead=true)
[2026-08-08T16:14:23.071Z] LiveUpdateForge: EndTurn fallback flush
[2026-08-08T16:14:23.071Z] onEndTurn: naturalStop=undefined toolCalls=87 nudgeMsg=no
[2026-08-08T16:14:23.071Z] LiveUpdateForge: EndTurn fallback flush
[2026-08-08T16:14:23.071Z] onEndTurn: naturalStop=false toolCalls=87 nudgeMsg=no
[2026-08-08T16:14:24.559Z] LiveUpdateForge: AfterToolExec flush
[2026-08-08T16:14:24.598Z] InitialReadForge.onBeforeSend: SKIP (fr=true syn=false hasRead=true)
[2026-08-08T16:14:37.824Z] LiveUpdateForge: EndTurn fallback flush
[2026-08-08T16:14:37.825Z] onEndTurn: naturalStop=undefined toolCalls=88 nudgeMsg=no
[2026-08-08T16:14:37.825Z] LiveUpdateForge: EndTurn fallback flush
[2026-08-08T16:14:37.825Z] onEndTurn: naturalStop=false toolCalls=88 nudgeMsg=no
[2026-08-08T16:14:40.167Z] LiveUpdateForge: AfterToolExec flush
[2026-08-08T16:14:40.211Z] InitialReadForge.onBeforeSend: SKIP (fr=true syn=false hasRead=true)
[2026-08-08T16:14:42.369Z] LiveUpdateForge: EndTurn fallback flush
[2026-08-08T16:14:42.369Z] onEndTurn: naturalStop=undefined toolCalls=89 nudgeMsg=no
[2026-08-08T16:14:42.369Z] LiveUpdateForge: EndTurn fallback flush
[2026-08-08T16:14:42.370Z] onEndTurn: naturalStop=false toolCalls=89 nudgeMsg=no
[2026-08-08T16:14:45.753Z] LiveUpdateForge: AfterToolExec flush
[2026-08-08T16:14:45.792Z] InitialReadForge.onBeforeSend: SKIP (fr=true syn=false hasRead=true)
[2026-08-08T16:14:48.400Z] LiveUpdateForge: EndTurn fallback flush
[2026-08-08T16:14:48.400Z] onEndTurn: naturalStop=undefined toolCalls=90 nudgeMsg=no
[2026-08-08T16:14:48.400Z] LiveUpdateForge: EndTurn fallback flush
[2026-08-08T16:14:48.400Z] onEndTurn: naturalStop=false toolCalls=90 nudgeMsg=no
[2026-08-08T16:14:48.404Z] LiveUpdateForge: AfterToolExec flush
[2026-08-08T16:14:48.436Z] InitialReadForge.onBeforeSend: SKIP (fr=true syn=false hasRead=true)
[2026-08-08T16:14:50.997Z] LiveUpdateForge: EndTurn fallback flush
[2026-08-08T16:14:50.997Z] onEndTurn: naturalStop=undefined toolCalls=91 nudgeMsg=no
[2026-08-08T16:14:50.997Z] LiveUpdateForge: EndTurn fallback flush
[2026-08-08T16:14:50.998Z] onEndTurn: naturalStop=false toolCalls=91 nudgeMsg=no
[2026-08-08T16:14:51.000Z] LiveUpdateForge: AfterToolExec flush
[2026-08-08T16:14:51.034Z] InitialReadForge.onBeforeSend: SKIP (fr=true syn=false hasRead=true)
[2026-08-08T16:14:53.433Z] LiveUpdateForge: EndTurn fallback flush
[2026-08-08T16:14:53.434Z] onEndTurn: naturalStop=undefined toolCalls=92 nudgeMsg=no
[2026-08-08T16:14:53.434Z] LiveUpdateForge: EndTurn fallback flush
[2026-08-08T16:14:53.434Z] onEndTurn: naturalStop=false toolCalls=92 nudgeMsg=no
[2026-08-08T16:14:53.486Z] LiveUpdateForge: AfterToolExec flush
[2026-08-08T16:14:53.516Z] InitialReadForge.onBeforeSend: SKIP (fr=true syn=false hasRead=true)
[2026-08-08T16:14:56.133Z] LiveUpdateForge: EndTurn fallback flush
[2026-08-08T16:14:56.134Z] onEndTurn: naturalStop=undefined toolCalls=93 nudgeMsg=no
[2026-08-08T16:14:56.134Z] LiveUpdateForge: EndTurn fallback flush
[2026-08-08T16:14:56.134Z] onEndTurn: naturalStop=false toolCalls=93 nudgeMsg=no
[2026-08-08T16:14:56.141Z] LiveUpdateForge: AfterToolExec flush
[2026-08-08T16:14:56.172Z] InitialReadForge.onBeforeSend: SKIP (fr=true syn=false hasRead=true)
[2026-08-08T16:15:17.051Z] LiveUpdateForge: EndTurn fallback flush
[2026-08-08T16:15:17.051Z] onEndTurn: naturalStop=undefined toolCalls=94 nudgeMsg=no
[2026-08-08T16:15:17.052Z] LiveUpdateForge: EndTurn fallback flush
[2026-08-08T16:15:17.052Z] onEndTurn: naturalStop=false toolCalls=94 nudgeMsg=no
[2026-08-08T16:15:17.127Z] LiveUpdateForge: AfterToolExec flush
[2026-08-08T16:15:17.159Z] InitialReadForge.onBeforeSend: SKIP (fr=true syn=false hasRead=true)
[2026-08-08T16:15:35.531Z] LiveUpdateForge: EndTurn fallback flush
[2026-08-08T16:15:35.531Z] onEndTurn: naturalStop=undefined toolCalls=95 nudgeMsg=no
[2026-08-08T16:15:35.531Z] LiveUpdateForge: EndTurn fallback flush
[2026-08-08T16:15:35.531Z] onEndTurn: naturalStop=false toolCalls=95 nudgeMsg=no
[2026-08-08T16:15:35.538Z] LiveUpdateForge: AfterToolExec flush
[2026-08-08T16:15:35.569Z] InitialReadForge.onBeforeSend: SKIP (fr=true syn=false hasRead=true)
[2026-08-08T16:15:47.035Z] LiveUpdateForge: EndTurn fallback flush
[2026-08-08T16:15:47.036Z] onEndTurn: naturalStop=undefined toolCalls=96 nudgeMsg=no
[2026-08-08T16:15:47.036Z] LiveUpdateForge: EndTurn fallback flush
[2026-08-08T16:15:47.036Z] onEndTurn: naturalStop=false toolCalls=96 nudgeMsg=no
[2026-08-08T16:15:47.042Z] LiveUpdateForge: AfterToolExec flush
[2026-08-08T16:15:47.075Z] InitialReadForge.onBeforeSend: SKIP (fr=true syn=false hasRead=true)
[2026-08-08T16:15:50.353Z] LiveUpdateForge: EndTurn fallback flush
[2026-08-08T16:15:50.353Z] onEndTurn: naturalStop=undefined toolCalls=97 nudgeMsg=no
[2026-08-08T16:15:50.353Z] LiveUpdateForge: EndTurn fallback flush
[2026-08-08T16:15:50.353Z] onEndTurn: naturalStop=false toolCalls=97 nudgeMsg=no
[2026-08-08T16:15:50.425Z] LiveUpdateForge: AfterToolExec flush
[2026-08-08T16:15:50.459Z] InitialReadForge.onBeforeSend: SKIP (fr=true syn=false hasRead=true)
[2026-08-08T16:16:00.600Z] LiveUpdateForge: EndTurn fallback flush
[2026-08-08T16:16:00.600Z] onEndTurn: naturalStop=undefined toolCalls=98 nudgeMsg=no
[2026-08-08T16:16:00.601Z] LiveUpdateForge: EndTurn fallback flush
[2026-08-08T16:16:00.601Z] onEndTurn: naturalStop=false toolCalls=98 nudgeMsg=no
[2026-08-08T16:16:06.020Z] LiveUpdateForge: AfterToolExec flush
[2026-08-08T16:16:06.072Z] InitialReadForge.onBeforeSend: SKIP (fr=true syn=false hasRead=true)
[2026-08-08T16:16:08.474Z] LiveUpdateForge: EndTurn fallback flush
[2026-08-08T16:16:08.474Z] onEndTurn: naturalStop=undefined toolCalls=99 nudgeMsg=no
[2026-08-08T16:16:08.475Z] LiveUpdateForge: EndTurn fallback flush
[2026-08-08T16:16:08.475Z] onEndTurn: naturalStop=false toolCalls=99 nudgeMsg=no
[2026-08-08T16:16:22.703Z] LiveUpdateForge: AfterToolExec flush
[2026-08-08T16:16:22.741Z] InitialReadForge.onBeforeSend: SKIP (fr=true syn=false hasRead=true)
[2026-08-08T16:16:27.790Z] LiveUpdateForge: EndTurn fallback flush
[2026-08-08T16:16:27.790Z] onEndTurn: naturalStop=undefined toolCalls=100 nudgeMsg=no
[2026-08-08T16:16:27.790Z] LiveUpdateForge: EndTurn fallback flush
[2026-08-08T16:16:27.790Z] onEndTurn: naturalStop=false toolCalls=100 nudgeMsg=no
[2026-08-08T16:16:46.550Z] LiveUpdateForge: AfterToolExec flush
[2026-08-08T16:16:46.588Z] InitialReadForge.onBeforeSend: SKIP (fr=true syn=false hasRead=true)
[2026-08-08T16:16:50.335Z] LiveUpdateForge: EndTurn fallback flush
[2026-08-08T16:16:50.335Z] onEndTurn: naturalStop=undefined toolCalls=101 nudgeMsg=no
[2026-08-08T16:16:50.336Z] LiveUpdateForge: EndTurn fallback flush
[2026-08-08T16:16:50.336Z] onEndTurn: naturalStop=false toolCalls=101 nudgeMsg=no
[2026-08-08T16:16:51.554Z] LiveUpdateForge: AfterToolExec flush
[2026-08-08T16:16:51.590Z] InitialReadForge.onBeforeSend: SKIP (fr=true syn=false hasRead=true)
[2026-08-08T16:17:25.199Z] LiveUpdateForge: EndTurn fallback flush
[2026-08-08T16:17:25.200Z] onEndTurn: naturalStop=undefined toolCalls=102 nudgeMsg=no
[2026-08-08T16:17:25.200Z] LiveUpdateForge: EndTurn fallback flush
[2026-08-08T16:17:25.200Z] onEndTurn: naturalStop=false toolCalls=102 nudgeMsg=no
[2026-08-08T16:17:25.248Z] LiveUpdateForge: AfterToolExec flush
[2026-08-08T16:17:25.279Z] InitialReadForge.onBeforeSend: SKIP (fr=true syn=false hasRead=true)
[2026-08-08T16:17:33.328Z] LiveUpdateForge: EndTurn fallback flush
[2026-08-08T16:17:33.328Z] onEndTurn: naturalStop=undefined toolCalls=103 nudgeMsg=no
[2026-08-08T16:17:33.328Z] LiveUpdateForge: EndTurn fallback flush
[2026-08-08T16:17:33.328Z] onEndTurn: naturalStop=false toolCalls=103 nudgeMsg=no
[2026-08-08T16:17:34.685Z] LiveUpdateForge: AfterToolExec flush
[2026-08-08T16:17:34.726Z] InitialReadForge.onBeforeSend: SKIP (fr=true syn=false hasRead=true)
[2026-08-08T16:17:38.561Z] LiveUpdateForge: EndTurn fallback flush
[2026-08-08T16:17:38.561Z] onEndTurn: naturalStop=undefined toolCalls=104 nudgeMsg=no
[2026-08-08T16:17:38.561Z] LiveUpdateForge: EndTurn fallback flush
[2026-08-08T16:17:38.561Z] onEndTurn: naturalStop=false toolCalls=104 nudgeMsg=no
[2026-08-08T16:17:40.844Z] LiveUpdateForge: AfterToolExec flush
[2026-08-08T16:17:40.885Z] InitialReadForge.onBeforeSend: SKIP (fr=true syn=false hasRead=true)
[2026-08-08T16:17:43.921Z] LiveUpdateForge: EndTurn fallback flush
[2026-08-08T16:17:43.921Z] onEndTurn: naturalStop=undefined toolCalls=105 nudgeMsg=no
[2026-08-08T16:17:43.921Z] LiveUpdateForge: EndTurn fallback flush
[2026-08-08T16:17:43.921Z] onEndTurn: naturalStop=false toolCalls=105 nudgeMsg=no
[2026-08-08T16:17:47.775Z] LiveUpdateForge: AfterToolExec flush
[2026-08-08T16:17:47.816Z] InitialReadForge.onBeforeSend: SKIP (fr=true syn=false hasRead=true)
[2026-08-08T16:17:49.896Z] LiveUpdateForge: EndTurn fallback flush
[2026-08-08T16:17:49.896Z] onEndTurn: naturalStop=undefined toolCalls=106 nudgeMsg=no
[2026-08-08T16:17:49.896Z] LiveUpdateForge: EndTurn fallback flush
[2026-08-08T16:17:49.896Z] onEndTurn: naturalStop=false toolCalls=106 nudgeMsg=no
[2026-08-08T16:17:49.899Z] LiveUpdateForge: AfterToolExec flush
[2026-08-08T16:17:49.932Z] InitialReadForge.onBeforeSend: SKIP (fr=true syn=false hasRead=true)
[2026-08-08T16:17:57.564Z] LiveUpdateForge: EndTurn fallback flush
[2026-08-08T16:17:57.564Z] onEndTurn: naturalStop=undefined toolCalls=107 nudgeMsg=no
[2026-08-08T16:17:57.565Z] LiveUpdateForge: EndTurn fallback flush
[2026-08-08T16:17:57.565Z] onEndTurn: naturalStop=false toolCalls=107 nudgeMsg=no
[2026-08-08T16:17:57.570Z] LiveUpdateForge: AfterToolExec flush
[2026-08-08T16:17:57.603Z] InitialReadForge.onBeforeSend: SKIP (fr=true syn=false hasRead=true)
[2026-08-08T16:18:00.205Z] LiveUpdateForge: EndTurn fallback flush
[2026-08-08T16:18:00.205Z] onEndTurn: naturalStop=undefined toolCalls=108 nudgeMsg=no
[2026-08-08T16:18:00.206Z] LiveUpdateForge: EndTurn fallback flush
[2026-08-08T16:18:00.206Z] onEndTurn: naturalStop=false toolCalls=108 nudgeMsg=no
[2026-08-08T16:18:00.212Z] LiveUpdateForge: AfterToolExec flush
[2026-08-08T16:18:00.250Z] InitialReadForge.onBeforeSend: SKIP (fr=true syn=false hasRead=true)
[2026-08-08T16:18:05.983Z] LiveUpdateForge: EndTurn fallback flush
[2026-08-08T16:18:05.983Z] onEndTurn: naturalStop=undefined toolCalls=109 nudgeMsg=no
[2026-08-08T16:18:05.983Z] LiveUpdateForge: EndTurn fallback flush
[2026-08-08T16:18:05.983Z] onEndTurn: naturalStop=false toolCalls=109 nudgeMsg=no
[2026-08-08T16:18:06.055Z] LiveUpdateForge: AfterToolExec flush
[2026-08-08T16:18:06.088Z] InitialReadForge.onBeforeSend: SKIP (fr=true syn=false hasRead=true)
[2026-08-08T16:18:08.290Z] LiveUpdateForge: EndTurn fallback flush
[2026-08-08T16:18:08.290Z] onEndTurn: naturalStop=undefined toolCalls=110 nudgeMsg=no
[2026-08-08T16:18:08.290Z] LiveUpdateForge: EndTurn fallback flush
[2026-08-08T16:18:08.290Z] onEndTurn: naturalStop=false toolCalls=110 nudgeMsg=no
[2026-08-08T16:18:09.434Z] LiveUpdateForge: AfterToolExec flush
[2026-08-08T16:18:09.473Z] InitialReadForge.onBeforeSend: SKIP (fr=true syn=false hasRead=true)
[2026-08-08T16:18:12.935Z] LiveUpdateForge: EndTurn fallback flush
[2026-08-08T16:18:12.935Z] onEndTurn: naturalStop=undefined toolCalls=111 nudgeMsg=no
[2026-08-08T16:18:12.936Z] LiveUpdateForge: EndTurn fallback flush
[2026-08-08T16:18:12.936Z] onEndTurn: naturalStop=false toolCalls=111 nudgeMsg=no
[2026-08-08T16:18:12.996Z] LiveUpdateForge: AfterToolExec flush
[2026-08-08T16:18:13.026Z] InitialReadForge.onBeforeSend: SKIP (fr=true syn=false hasRead=true)
[2026-08-08T16:18:15.444Z] LiveUpdateForge: EndTurn fallback flush
[2026-08-08T16:18:15.444Z] onEndTurn: naturalStop=undefined toolCalls=112 nudgeMsg=no
[2026-08-08T16:18:15.444Z] LiveUpdateForge: EndTurn fallback flush
[2026-08-08T16:18:15.444Z] onEndTurn: naturalStop=false toolCalls=112 nudgeMsg=no
[2026-08-08T16:18:16.789Z] LiveUpdateForge: AfterToolExec flush
[2026-08-08T16:18:16.826Z] InitialReadForge.onBeforeSend: SKIP (fr=true syn=false hasRead=true)
[2026-08-08T16:18:19.688Z] LiveUpdateForge: EndTurn fallback flush
[2026-08-08T16:18:19.688Z] onEndTurn: naturalStop=undefined toolCalls=113 nudgeMsg=no
[2026-08-08T16:18:19.689Z] LiveUpdateForge: EndTurn fallback flush
[2026-08-08T16:18:19.689Z] onEndTurn: naturalStop=false toolCalls=113 nudgeMsg=no
[2026-08-08T16:18:21.982Z] LiveUpdateForge: AfterToolExec flush
[2026-08-08T16:18:22.020Z] InitialReadForge.onBeforeSend: SKIP (fr=true syn=false hasRead=true)
[2026-08-08T16:18:25.031Z] LiveUpdateForge: EndTurn fallback flush
[2026-08-08T16:18:25.031Z] onEndTurn: naturalStop=undefined toolCalls=114 nudgeMsg=no
[2026-08-08T16:18:25.031Z] LiveUpdateForge: EndTurn fallback flush
[2026-08-08T16:18:25.031Z] onEndTurn: naturalStop=false toolCalls=114 nudgeMsg=no
[2026-08-08T16:18:28.417Z] LiveUpdateForge: AfterToolExec flush
[2026-08-08T16:18:28.455Z] InitialReadForge.onBeforeSend: SKIP (fr=true syn=false hasRead=true)
[2026-08-08T16:18:33.300Z] LiveUpdateForge: EndTurn fallback flush
[2026-08-08T16:18:33.301Z] onEndTurn: naturalStop=undefined toolCalls=115 nudgeMsg=no
[2026-08-08T16:18:33.301Z] LiveUpdateForge: EndTurn fallback flush
[2026-08-08T16:18:33.301Z] onEndTurn: naturalStop=false toolCalls=115 nudgeMsg=no
[2026-08-08T16:18:33.307Z] LiveUpdateForge: self-write on D:\xm\CacheHub\CODELY.md, baseline aligned
[2026-08-08T16:18:33.308Z] LiveUpdateForge: AfterToolExec flush
[2026-08-08T16:18:33.339Z] InitialReadForge.onBeforeSend: SKIP (fr=true syn=false hasRead=true)
[2026-08-08T16:18:35.604Z] LiveUpdateForge: EndTurn fallback flush
[2026-08-08T16:18:35.604Z] onEndTurn: naturalStop=undefined toolCalls=0 nudgeMsg=no
[2026-08-08T16:18:35.604Z] LiveUpdateForge: EndTurn fallback flush
[2026-08-08T16:18:35.605Z] onEndTurn: naturalStop=false toolCalls=0 nudgeMsg=no
[2026-08-08T16:18:36.763Z] LiveUpdateForge: AfterToolExec flush
[2026-08-08T16:18:36.802Z] InitialReadForge.onBeforeSend: SKIP (fr=true syn=false hasRead=true)
[2026-08-08T16:18:43.585Z] LiveUpdateForge: EndTurn fallback flush
[2026-08-08T16:18:43.586Z] onEndTurn: naturalStop=undefined toolCalls=1 nudgeMsg=no
[2026-08-08T16:18:43.586Z] LiveUpdateForge: EndTurn fallback flush
[2026-08-08T16:18:43.586Z] onEndTurn: naturalStop=true toolCalls=1 nudgeMsg=no
[2026-08-08T16:18:46.835Z] ResumeDiffForge: running checkResumeConsistency
[2026-08-08T16:18:46.836Z] checkResumeConsistency: forgedTimestamps=[]
[2026-08-08T16:18:46.841Z] checkResumeConsistency: no changes detected
[2026-08-08T16:18:46.841Z] LiveUpdateForge: session reset, allowLiveUpdate = false
[2026-08-08T16:18:46.841Z] NudgeForge: ResumeComplete — restoring count from history
[2026-08-08T16:18:46.842Z] restoreNudgeCountFromHistory: found last write at idx=787 count=1
[2026-08-08T16:18:46.869Z] LiveUpdateForge: allowLiveUpdate = true (first real BeforeSend)
[2026-08-08T16:18:46.870Z] InitialReadForge.onBeforeSend: SKIP (fr=false syn=false hasRead=true)
[2026-08-08T16:18:54.588Z] LiveUpdateForge: EndTurn fallback flush
[2026-08-08T16:18:54.589Z] onEndTurn: naturalStop=undefined toolCalls=1 nudgeMsg=no
[2026-08-08T16:18:54.589Z] LiveUpdateForge: EndTurn fallback flush
[2026-08-08T16:18:54.589Z] onEndTurn: naturalStop=false toolCalls=1 nudgeMsg=no
[2026-08-08T16:18:55.732Z] LiveUpdateForge: AfterToolExec flush
[2026-08-08T16:18:55.770Z] InitialReadForge.onBeforeSend: SKIP (fr=true syn=false hasRead=true)
[2026-08-08T16:19:11.339Z] LiveUpdateForge: EndTurn fallback flush
[2026-08-08T16:19:11.339Z] onEndTurn: naturalStop=undefined toolCalls=2 nudgeMsg=no
[2026-08-08T16:19:11.339Z] LiveUpdateForge: EndTurn fallback flush
[2026-08-08T16:19:11.339Z] onEndTurn: naturalStop=false toolCalls=2 nudgeMsg=no
[2026-08-08T16:19:17.081Z] LiveUpdateForge: AfterToolExec flush
[2026-08-08T16:19:17.123Z] InitialReadForge.onBeforeSend: SKIP (fr=true syn=false hasRead=true)
[2026-08-08T16:19:24.649Z] LiveUpdateForge: EndTurn fallback flush
[2026-08-08T16:19:24.650Z] onEndTurn: naturalStop=undefined toolCalls=3 nudgeMsg=no
[2026-08-08T16:19:24.650Z] LiveUpdateForge: EndTurn fallback flush
[2026-08-08T16:19:24.650Z] onEndTurn: naturalStop=false toolCalls=3 nudgeMsg=no
[2026-08-08T16:19:38.522Z] LiveUpdateForge: AfterToolExec flush
[2026-08-08T16:19:38.559Z] InitialReadForge.onBeforeSend: SKIP (fr=true syn=false hasRead=true)
[2026-08-08T16:19:41.011Z] LiveUpdateForge: EndTurn fallback flush
[2026-08-08T16:19:41.011Z] onEndTurn: naturalStop=undefined toolCalls=4 nudgeMsg=no
[2026-08-08T16:19:41.012Z] LiveUpdateForge: EndTurn fallback flush
[2026-08-08T16:19:41.012Z] onEndTurn: naturalStop=false toolCalls=4 nudgeMsg=no
[2026-08-08T16:19:59.188Z] LiveUpdateForge: AfterToolExec flush
[2026-08-08T16:19:59.224Z] InitialReadForge.onBeforeSend: SKIP (fr=true syn=false hasRead=true)
[2026-08-08T16:20:07.808Z] LiveUpdateForge: EndTurn fallback flush
[2026-08-08T16:20:07.808Z] onEndTurn: naturalStop=undefined toolCalls=5 nudgeMsg=no
[2026-08-08T16:20:07.808Z] LiveUpdateForge: EndTurn fallback flush
[2026-08-08T16:20:07.808Z] onEndTurn: naturalStop=false toolCalls=5 nudgeMsg=no
[2026-08-08T16:20:41.485Z] LiveUpdateForge: AfterToolExec flush
[2026-08-08T16:20:41.523Z] InitialReadForge.onBeforeSend: SKIP (fr=true syn=false hasRead=true)
[2026-08-08T16:20:57.067Z] LiveUpdateForge: EndTurn fallback flush
[2026-08-08T16:20:57.067Z] onEndTurn: naturalStop=undefined toolCalls=6 nudgeMsg=no
[2026-08-08T16:20:57.068Z] LiveUpdateForge: EndTurn fallback flush
[2026-08-08T16:20:57.068Z] onEndTurn: naturalStop=false toolCalls=6 nudgeMsg=no
[2026-08-08T16:20:57.072Z] LiveUpdateForge: AfterToolExec flush
[2026-08-08T16:20:57.104Z] InitialReadForge.onBeforeSend: SKIP (fr=true syn=false hasRead=true)
[2026-08-08T16:21:00.940Z] LiveUpdateForge: EndTurn fallback flush
[2026-08-08T16:21:00.941Z] onEndTurn: naturalStop=undefined toolCalls=7 nudgeMsg=no
[2026-08-08T16:21:00.941Z] LiveUpdateForge: EndTurn fallback flush
[2026-08-08T16:21:00.941Z] onEndTurn: naturalStop=false toolCalls=7 nudgeMsg=no
[2026-08-08T16:21:00.944Z] LiveUpdateForge: AfterToolExec flush
[2026-08-08T16:21:00.976Z] InitialReadForge.onBeforeSend: SKIP (fr=true syn=false hasRead=true)
[2026-08-08T16:21:16.385Z] LiveUpdateForge: EndTurn fallback flush
[2026-08-08T16:21:16.385Z] onEndTurn: naturalStop=undefined toolCalls=8 nudgeMsg=no
[2026-08-08T16:21:16.385Z] LiveUpdateForge: EndTurn fallback flush
[2026-08-08T16:21:16.385Z] onEndTurn: naturalStop=false toolCalls=8 nudgeMsg=no
[2026-08-08T16:21:16.390Z] LiveUpdateForge: AfterToolExec flush
[2026-08-08T16:21:16.422Z] InitialReadForge.onBeforeSend: SKIP (fr=true syn=false hasRead=true)
[2026-08-08T16:21:19.218Z] LiveUpdateForge: EndTurn fallback flush
[2026-08-08T16:21:19.218Z] onEndTurn: naturalStop=undefined toolCalls=9 nudgeMsg=no
[2026-08-08T16:21:19.218Z] LiveUpdateForge: EndTurn fallback flush
[2026-08-08T16:21:19.219Z] onEndTurn: naturalStop=false toolCalls=9 nudgeMsg=no
[2026-08-08T16:21:19.222Z] LiveUpdateForge: AfterToolExec flush
[2026-08-08T16:21:19.255Z] InitialReadForge.onBeforeSend: SKIP (fr=true syn=false hasRead=true)
[2026-08-08T16:21:26.222Z] LiveUpdateForge: EndTurn fallback flush
[2026-08-08T16:21:26.223Z] onEndTurn: naturalStop=undefined toolCalls=10 nudgeMsg=no
[2026-08-08T16:21:26.223Z] LiveUpdateForge: EndTurn fallback flush
[2026-08-08T16:21:26.223Z] onEndTurn: naturalStop=false toolCalls=10 nudgeMsg=no
[2026-08-08T16:21:26.226Z] LiveUpdateForge: AfterToolExec flush
[2026-08-08T16:21:26.257Z] InitialReadForge.onBeforeSend: SKIP (fr=true syn=false hasRead=true)
[2026-08-08T16:22:10.760Z] LiveUpdateForge: EndTurn fallback flush
[2026-08-08T16:22:10.760Z] onEndTurn: naturalStop=undefined toolCalls=11 nudgeMsg=no
[2026-08-08T16:22:10.760Z] LiveUpdateForge: EndTurn fallback flush
[2026-08-08T16:22:10.761Z] onEndTurn: naturalStop=false toolCalls=11 nudgeMsg=no
[2026-08-08T16:22:10.768Z] LiveUpdateForge: AfterToolExec flush
[2026-08-08T16:22:10.797Z] InitialReadForge.onBeforeSend: SKIP (fr=true syn=false hasRead=true)
[2026-08-08T16:22:52.114Z] LiveUpdateForge: EndTurn fallback flush
[2026-08-08T16:22:52.115Z] onEndTurn: naturalStop=undefined toolCalls=12 nudgeMsg=no
[2026-08-08T16:22:52.115Z] LiveUpdateForge: EndTurn fallback flush
[2026-08-08T16:22:52.115Z] onEndTurn: naturalStop=false toolCalls=12 nudgeMsg=no
[2026-08-08T16:22:52.186Z] LiveUpdateForge: AfterToolExec flush
[2026-08-08T16:22:52.217Z] InitialReadForge.onBeforeSend: SKIP (fr=true syn=false hasRead=true)
[2026-08-08T16:23:08.529Z] LiveUpdateForge: EndTurn fallback flush
[2026-08-08T16:23:08.529Z] onEndTurn: naturalStop=undefined toolCalls=13 nudgeMsg=no
[2026-08-08T16:23:08.529Z] LiveUpdateForge: EndTurn fallback flush
[2026-08-08T16:23:08.530Z] onEndTurn: naturalStop=false toolCalls=13 nudgeMsg=no
[2026-08-08T16:23:08.573Z] LiveUpdateForge: AfterToolExec flush
[2026-08-08T16:23:08.603Z] InitialReadForge.onBeforeSend: SKIP (fr=true syn=false hasRead=true)
[2026-08-08T16:23:11.420Z] LiveUpdateForge: EndTurn fallback flush
[2026-08-08T16:23:11.421Z] onEndTurn: naturalStop=undefined toolCalls=14 nudgeMsg=no
[2026-08-08T16:23:11.421Z] LiveUpdateForge: EndTurn fallback flush
[2026-08-08T16:23:11.421Z] onEndTurn: naturalStop=false toolCalls=14 nudgeMsg=no
[2026-08-08T16:23:11.471Z] LiveUpdateForge: AfterToolExec flush
[2026-08-08T16:23:11.503Z] InitialReadForge.onBeforeSend: SKIP (fr=true syn=false hasRead=true)
[2026-08-08T16:23:15.538Z] LiveUpdateForge: EndTurn fallback flush
[2026-08-08T16:23:15.538Z] onEndTurn: naturalStop=undefined toolCalls=15 nudgeMsg=no
[2026-08-08T16:23:15.538Z] LiveUpdateForge: EndTurn fallback flush
[2026-08-08T16:23:15.538Z] onEndTurn: naturalStop=false toolCalls=15 nudgeMsg=no
[2026-08-08T16:23:15.544Z] LiveUpdateForge: AfterToolExec flush
[2026-08-08T16:23:15.574Z] InitialReadForge.onBeforeSend: SKIP (fr=true syn=false hasRead=true)
[2026-08-08T16:23:19.785Z] LiveUpdateForge: EndTurn fallback flush
[2026-08-08T16:23:19.785Z] onEndTurn: naturalStop=undefined toolCalls=16 nudgeMsg=no
[2026-08-08T16:23:19.785Z] LiveUpdateForge: EndTurn fallback flush
[2026-08-08T16:23:19.786Z] onEndTurn: naturalStop=false toolCalls=16 nudgeMsg=no
[2026-08-08T16:23:19.861Z] LiveUpdateForge: AfterToolExec flush
[2026-08-08T16:23:19.894Z] InitialReadForge.onBeforeSend: SKIP (fr=true syn=false hasRead=true)
[2026-08-08T16:23:30.440Z] LiveUpdateForge: EndTurn fallback flush
[2026-08-08T16:23:30.440Z] onEndTurn: naturalStop=undefined toolCalls=17 nudgeMsg=no
[2026-08-08T16:23:30.440Z] LiveUpdateForge: EndTurn fallback flush
[2026-08-08T16:23:30.440Z] onEndTurn: naturalStop=false toolCalls=17 nudgeMsg=no
[2026-08-08T16:23:30.492Z] LiveUpdateForge: AfterToolExec flush
[2026-08-08T16:23:30.522Z] InitialReadForge.onBeforeSend: SKIP (fr=true syn=false hasRead=true)
[2026-08-08T16:23:43.056Z] LiveUpdateForge: EndTurn fallback flush
[2026-08-08T16:23:43.056Z] onEndTurn: naturalStop=undefined toolCalls=18 nudgeMsg=no
[2026-08-08T16:23:43.056Z] LiveUpdateForge: EndTurn fallback flush
[2026-08-08T16:23:43.057Z] onEndTurn: naturalStop=false toolCalls=18 nudgeMsg=no
[2026-08-08T16:23:43.063Z] LiveUpdateForge: AfterToolExec flush
[2026-08-08T16:23:43.098Z] InitialReadForge.onBeforeSend: SKIP (fr=true syn=false hasRead=true)
[2026-08-08T16:24:03.016Z] LiveUpdateForge: EndTurn fallback flush
[2026-08-08T16:24:03.016Z] onEndTurn: naturalStop=undefined toolCalls=19 nudgeMsg=no
[2026-08-08T16:24:03.016Z] LiveUpdateForge: EndTurn fallback flush
[2026-08-08T16:24:03.017Z] onEndTurn: naturalStop=false toolCalls=19 nudgeMsg=no
[2026-08-08T16:24:03.102Z] LiveUpdateForge: AfterToolExec flush
[2026-08-08T16:24:03.138Z] InitialReadForge.onBeforeSend: SKIP (fr=true syn=false hasRead=true)
[2026-08-08T16:24:07.211Z] LiveUpdateForge: EndTurn fallback flush
[2026-08-08T16:24:07.212Z] onEndTurn: naturalStop=undefined toolCalls=20 nudgeMsg=no
[2026-08-08T16:24:07.212Z] LiveUpdateForge: EndTurn fallback flush
[2026-08-08T16:24:07.212Z] onEndTurn: naturalStop=false toolCalls=20 nudgeMsg=no
[2026-08-08T16:24:10.588Z] LiveUpdateForge: AfterToolExec flush
[2026-08-08T16:24:10.628Z] InitialReadForge.onBeforeSend: SKIP (fr=true syn=false hasRead=true)
[2026-08-08T16:24:13.377Z] LiveUpdateForge: EndTurn fallback flush
[2026-08-08T16:24:13.377Z] onEndTurn: naturalStop=undefined toolCalls=21 nudgeMsg=no
[2026-08-08T16:24:13.377Z] LiveUpdateForge: EndTurn fallback flush
[2026-08-08T16:24:13.378Z] onEndTurn: naturalStop=false toolCalls=21 nudgeMsg=no
[2026-08-08T16:24:26.736Z] LiveUpdateForge: AfterToolExec flush
[2026-08-08T16:24:26.773Z] InitialReadForge.onBeforeSend: SKIP (fr=true syn=false hasRead=true)
[2026-08-08T16:24:39.219Z] LiveUpdateForge: EndTurn fallback flush
[2026-08-08T16:24:39.219Z] onEndTurn: naturalStop=undefined toolCalls=22 nudgeMsg=no
[2026-08-08T16:24:39.219Z] LiveUpdateForge: EndTurn fallback flush
[2026-08-08T16:24:39.219Z] onEndTurn: naturalStop=false toolCalls=22 nudgeMsg=no
[2026-08-08T16:24:57.148Z] LiveUpdateForge: AfterToolExec flush
[2026-08-08T16:24:57.185Z] InitialReadForge.onBeforeSend: SKIP (fr=true syn=false hasRead=true)
[2026-08-08T16:25:24.132Z] LiveUpdateForge: EndTurn fallback flush
[2026-08-08T16:25:24.132Z] onEndTurn: naturalStop=undefined toolCalls=23 nudgeMsg=no
[2026-08-08T16:25:24.132Z] LiveUpdateForge: EndTurn fallback flush
[2026-08-08T16:25:24.132Z] onEndTurn: naturalStop=false toolCalls=23 nudgeMsg=no
[2026-08-08T16:25:25.426Z] LiveUpdateForge: AfterToolExec flush
[2026-08-08T16:25:25.464Z] InitialReadForge.onBeforeSend: SKIP (fr=true syn=false hasRead=true)
[2026-08-08T16:25:30.995Z] LiveUpdateForge: EndTurn fallback flush
[2026-08-08T16:25:30.995Z] onEndTurn: naturalStop=undefined toolCalls=24 nudgeMsg=no
[2026-08-08T16:25:30.996Z] LiveUpdateForge: EndTurn fallback flush
[2026-08-08T16:25:30.996Z] onEndTurn: naturalStop=false toolCalls=24 nudgeMsg=no
[2026-08-08T16:25:31.066Z] LiveUpdateForge: AfterToolExec flush
[2026-08-08T16:25:31.098Z] InitialReadForge.onBeforeSend: SKIP (fr=true syn=false hasRead=true)
[2026-08-08T16:25:34.758Z] LiveUpdateForge: EndTurn fallback flush
[2026-08-08T16:25:34.758Z] onEndTurn: naturalStop=undefined toolCalls=25 nudgeMsg=no
[2026-08-08T16:25:34.759Z] LiveUpdateForge: EndTurn fallback flush
[2026-08-08T16:25:34.759Z] onEndTurn: naturalStop=false toolCalls=25 nudgeMsg=no
[2026-08-08T16:25:36.195Z] LiveUpdateForge: AfterToolExec flush
[2026-08-08T16:25:36.231Z] InitialReadForge.onBeforeSend: SKIP (fr=true syn=false hasRead=true)
[2026-08-08T16:25:40.885Z] LiveUpdateForge: EndTurn fallback flush
[2026-08-08T16:25:40.885Z] onEndTurn: naturalStop=undefined toolCalls=26 nudgeMsg=no
[2026-08-08T16:25:40.885Z] LiveUpdateForge: EndTurn fallback flush
[2026-08-08T16:25:40.885Z] onEndTurn: naturalStop=false toolCalls=26 nudgeMsg=no
[2026-08-08T16:25:43.324Z] LiveUpdateForge: AfterToolExec flush
[2026-08-08T16:25:43.370Z] InitialReadForge.onBeforeSend: SKIP (fr=true syn=false hasRead=true)
[2026-08-08T16:25:49.286Z] LiveUpdateForge: EndTurn fallback flush
[2026-08-08T16:25:49.286Z] onEndTurn: naturalStop=undefined toolCalls=27 nudgeMsg=no
[2026-08-08T16:25:49.286Z] LiveUpdateForge: EndTurn fallback flush
[2026-08-08T16:25:49.286Z] onEndTurn: naturalStop=false toolCalls=27 nudgeMsg=no
[2026-08-08T16:25:52.658Z] LiveUpdateForge: AfterToolExec flush
[2026-08-08T16:25:52.697Z] InitialReadForge.onBeforeSend: SKIP (fr=true syn=false hasRead=true)
[2026-08-08T16:25:55.959Z] LiveUpdateForge: EndTurn fallback flush
[2026-08-08T16:25:55.959Z] onEndTurn: naturalStop=undefined toolCalls=28 nudgeMsg=no
[2026-08-08T16:25:55.959Z] LiveUpdateForge: EndTurn fallback flush
[2026-08-08T16:25:55.959Z] onEndTurn: naturalStop=false toolCalls=28 nudgeMsg=no
[2026-08-08T16:25:55.963Z] LiveUpdateForge: AfterToolExec flush
[2026-08-08T16:25:55.995Z] InitialReadForge.onBeforeSend: SKIP (fr=true syn=false hasRead=true)
[2026-08-08T16:26:22.689Z] LiveUpdateForge: EndTurn fallback flush
[2026-08-08T16:26:22.689Z] onEndTurn: naturalStop=undefined toolCalls=29 nudgeMsg=no
[2026-08-08T16:26:22.689Z] LiveUpdateForge: EndTurn fallback flush
[2026-08-08T16:26:22.689Z] onEndTurn: naturalStop=false toolCalls=29 nudgeMsg=no
[2026-08-08T16:26:22.693Z] LiveUpdateForge: AfterToolExec flush
[2026-08-08T16:26:22.728Z] InitialReadForge.onBeforeSend: SKIP (fr=true syn=false hasRead=true)
[2026-08-08T16:26:27.374Z] LiveUpdateForge: EndTurn fallback flush
[2026-08-08T16:26:27.374Z] onEndTurn: naturalStop=undefined toolCalls=30 nudgeMsg=no
[2026-08-08T16:26:27.374Z] LiveUpdateForge: EndTurn fallback flush
[2026-08-08T16:26:27.374Z] onEndTurn: naturalStop=false toolCalls=30 nudgeMsg=no
[2026-08-08T16:26:27.382Z] LiveUpdateForge: AfterToolExec flush
[2026-08-08T16:26:27.416Z] InitialReadForge.onBeforeSend: SKIP (fr=true syn=false hasRead=true)
[2026-08-08T16:26:33.157Z] LiveUpdateForge: EndTurn fallback flush
[2026-08-08T16:26:33.157Z] onEndTurn: naturalStop=undefined toolCalls=31 nudgeMsg=no
[2026-08-08T16:26:33.157Z] LiveUpdateForge: EndTurn fallback flush
[2026-08-08T16:26:33.157Z] onEndTurn: naturalStop=false toolCalls=31 nudgeMsg=no
[2026-08-08T16:26:33.244Z] LiveUpdateForge: AfterToolExec flush
[2026-08-08T16:26:33.278Z] InitialReadForge.onBeforeSend: SKIP (fr=true syn=false hasRead=true)
[2026-08-08T16:26:35.470Z] LiveUpdateForge: EndTurn fallback flush
[2026-08-08T16:26:35.470Z] onEndTurn: naturalStop=undefined toolCalls=32 nudgeMsg=no
[2026-08-08T16:26:35.471Z] LiveUpdateForge: EndTurn fallback flush
[2026-08-08T16:26:35.471Z] onEndTurn: naturalStop=false toolCalls=32 nudgeMsg=no
[2026-08-08T16:26:40.562Z] LiveUpdateForge: AfterToolExec flush
[2026-08-08T16:26:40.600Z] InitialReadForge.onBeforeSend: SKIP (fr=true syn=false hasRead=true)
[2026-08-08T16:26:42.809Z] LiveUpdateForge: EndTurn fallback flush
[2026-08-08T16:26:42.809Z] onEndTurn: naturalStop=undefined toolCalls=33 nudgeMsg=no
[2026-08-08T16:26:42.810Z] LiveUpdateForge: EndTurn fallback flush
[2026-08-08T16:26:42.810Z] onEndTurn: naturalStop=false toolCalls=33 nudgeMsg=no
[2026-08-08T16:26:56.507Z] LiveUpdateForge: AfterToolExec flush
[2026-08-08T16:26:56.547Z] InitialReadForge.onBeforeSend: SKIP (fr=true syn=false hasRead=true)
[2026-08-08T16:26:59.137Z] LiveUpdateForge: EndTurn fallback flush
[2026-08-08T16:26:59.137Z] onEndTurn: naturalStop=undefined toolCalls=34 nudgeMsg=no
[2026-08-08T16:26:59.137Z] LiveUpdateForge: EndTurn fallback flush
[2026-08-08T16:26:59.137Z] onEndTurn: naturalStop=false toolCalls=34 nudgeMsg=no
[2026-08-08T16:27:00.300Z] LiveUpdateForge: AfterToolExec flush
[2026-08-08T16:27:00.337Z] InitialReadForge.onBeforeSend: SKIP (fr=true syn=false hasRead=true)
[2026-08-08T16:27:03.100Z] LiveUpdateForge: EndTurn fallback flush
[2026-08-08T16:27:03.100Z] onEndTurn: naturalStop=undefined toolCalls=35 nudgeMsg=no
[2026-08-08T16:27:03.100Z] LiveUpdateForge: EndTurn fallback flush
[2026-08-08T16:27:03.100Z] onEndTurn: naturalStop=false toolCalls=35 nudgeMsg=no
[2026-08-08T16:27:03.153Z] LiveUpdateForge: AfterToolExec flush
[2026-08-08T16:27:03.186Z] InitialReadForge.onBeforeSend: SKIP (fr=true syn=false hasRead=true)
[2026-08-08T16:27:05.785Z] LiveUpdateForge: EndTurn fallback flush
[2026-08-08T16:27:05.785Z] onEndTurn: naturalStop=undefined toolCalls=36 nudgeMsg=no
[2026-08-08T16:27:05.785Z] LiveUpdateForge: EndTurn fallback flush
[2026-08-08T16:27:05.786Z] onEndTurn: naturalStop=false toolCalls=36 nudgeMsg=no
[2026-08-08T16:27:07.149Z] LiveUpdateForge: AfterToolExec flush
[2026-08-08T16:27:07.187Z] InitialReadForge.onBeforeSend: SKIP (fr=true syn=false hasRead=true)
[2026-08-08T16:27:10.413Z] LiveUpdateForge: EndTurn fallback flush
[2026-08-08T16:27:10.413Z] onEndTurn: naturalStop=undefined toolCalls=37 nudgeMsg=no
[2026-08-08T16:27:10.413Z] LiveUpdateForge: EndTurn fallback flush
[2026-08-08T16:27:10.413Z] onEndTurn: naturalStop=false toolCalls=37 nudgeMsg=no
[2026-08-08T16:27:12.667Z] LiveUpdateForge: AfterToolExec flush
[2026-08-08T16:27:12.704Z] InitialReadForge.onBeforeSend: SKIP (fr=true syn=false hasRead=true)
[2026-08-08T16:27:15.852Z] LiveUpdateForge: EndTurn fallback flush
[2026-08-08T16:27:15.852Z] onEndTurn: naturalStop=undefined toolCalls=38 nudgeMsg=no
[2026-08-08T16:27:15.853Z] LiveUpdateForge: EndTurn fallback flush
[2026-08-08T16:27:15.853Z] onEndTurn: naturalStop=false toolCalls=38 nudgeMsg=no
[2026-08-08T16:27:19.269Z] LiveUpdateForge: AfterToolExec flush
[2026-08-08T16:27:19.331Z] InitialReadForge.onBeforeSend: SKIP (fr=true syn=false hasRead=true)
[2026-08-08T16:27:23.901Z] LiveUpdateForge: EndTurn fallback flush
[2026-08-08T16:27:23.901Z] onEndTurn: naturalStop=undefined toolCalls=39 nudgeMsg=no
[2026-08-08T16:27:23.902Z] LiveUpdateForge: EndTurn fallback flush
[2026-08-08T16:27:23.902Z] onEndTurn: naturalStop=false toolCalls=39 nudgeMsg=no
[2026-08-08T16:27:23.907Z] LiveUpdateForge: AfterToolExec flush
[2026-08-08T16:27:23.947Z] InitialReadForge.onBeforeSend: SKIP (fr=true syn=false hasRead=true)
[2026-08-08T16:27:26.257Z] LiveUpdateForge: EndTurn fallback flush
[2026-08-08T16:27:26.257Z] onEndTurn: naturalStop=undefined toolCalls=40 nudgeMsg=no
[2026-08-08T16:27:26.258Z] LiveUpdateForge: EndTurn fallback flush
[2026-08-08T16:27:26.258Z] onEndTurn: naturalStop=false toolCalls=40 nudgeMsg=no
[2026-08-08T16:27:26.261Z] LiveUpdateForge: AfterToolExec flush
[2026-08-08T16:27:26.298Z] InitialReadForge.onBeforeSend: SKIP (fr=true syn=false hasRead=true)
[2026-08-08T16:27:30.926Z] LiveUpdateForge: EndTurn fallback flush
[2026-08-08T16:27:30.926Z] onEndTurn: naturalStop=undefined toolCalls=41 nudgeMsg=no
[2026-08-08T16:27:30.926Z] LiveUpdateForge: EndTurn fallback flush
[2026-08-08T16:27:30.927Z] onEndTurn: naturalStop=false toolCalls=41 nudgeMsg=no
[2026-08-08T16:27:30.933Z] LiveUpdateForge: AfterToolExec flush
[2026-08-08T16:27:30.967Z] InitialReadForge.onBeforeSend: SKIP (fr=true syn=false hasRead=true)
[2026-08-08T16:27:33.161Z] LiveUpdateForge: EndTurn fallback flush
[2026-08-08T16:27:33.161Z] onEndTurn: naturalStop=undefined toolCalls=42 nudgeMsg=no
[2026-08-08T16:27:33.162Z] LiveUpdateForge: EndTurn fallback flush
[2026-08-08T16:27:33.162Z] onEndTurn: naturalStop=false toolCalls=42 nudgeMsg=no
[2026-08-08T16:27:33.168Z] LiveUpdateForge: AfterToolExec flush
[2026-08-08T16:27:33.205Z] InitialReadForge.onBeforeSend: SKIP (fr=true syn=false hasRead=true)
[2026-08-08T16:27:47.652Z] LiveUpdateForge: EndTurn fallback flush
[2026-08-08T16:27:47.653Z] onEndTurn: naturalStop=undefined toolCalls=43 nudgeMsg=no
[2026-08-08T16:27:47.653Z] LiveUpdateForge: EndTurn fallback flush
[2026-08-08T16:27:47.653Z] onEndTurn: naturalStop=false toolCalls=43 nudgeMsg=no
[2026-08-08T16:27:47.737Z] LiveUpdateForge: AfterToolExec flush
[2026-08-08T16:27:47.770Z] InitialReadForge.onBeforeSend: SKIP (fr=true syn=false hasRead=true)
[2026-08-08T16:27:50.061Z] LiveUpdateForge: EndTurn fallback flush
[2026-08-08T16:27:50.061Z] onEndTurn: naturalStop=undefined toolCalls=44 nudgeMsg=no
[2026-08-08T16:27:50.061Z] LiveUpdateForge: EndTurn fallback flush
[2026-08-08T16:27:50.061Z] onEndTurn: naturalStop=false toolCalls=44 nudgeMsg=no
[2026-08-08T16:27:55.124Z] LiveUpdateForge: AfterToolExec flush
[2026-08-08T16:27:55.161Z] InitialReadForge.onBeforeSend: SKIP (fr=true syn=false hasRead=true)
[2026-08-08T16:27:58.146Z] LiveUpdateForge: EndTurn fallback flush
[2026-08-08T16:27:58.146Z] onEndTurn: naturalStop=undefined toolCalls=45 nudgeMsg=no
[2026-08-08T16:27:58.146Z] LiveUpdateForge: EndTurn fallback flush
[2026-08-08T16:27:58.146Z] onEndTurn: naturalStop=false toolCalls=45 nudgeMsg=no
[2026-08-08T16:28:12.058Z] LiveUpdateForge: AfterToolExec flush
[2026-08-08T16:28:12.103Z] InitialReadForge.onBeforeSend: SKIP (fr=true syn=false hasRead=true)
[2026-08-08T16:28:15.628Z] LiveUpdateForge: EndTurn fallback flush
[2026-08-08T16:28:15.628Z] onEndTurn: naturalStop=undefined toolCalls=46 nudgeMsg=no
[2026-08-08T16:28:15.629Z] LiveUpdateForge: EndTurn fallback flush
[2026-08-08T16:28:15.629Z] onEndTurn: naturalStop=false toolCalls=46 nudgeMsg=no
[2026-08-08T16:28:33.825Z] LiveUpdateForge: AfterToolExec flush
[2026-08-08T16:28:33.865Z] InitialReadForge.onBeforeSend: SKIP (fr=true syn=false hasRead=true)
[2026-08-08T16:28:36.610Z] LiveUpdateForge: EndTurn fallback flush
[2026-08-08T16:28:36.611Z] onEndTurn: naturalStop=undefined toolCalls=47 nudgeMsg=no
[2026-08-08T16:28:36.611Z] LiveUpdateForge: EndTurn fallback flush
[2026-08-08T16:28:36.611Z] onEndTurn: naturalStop=false toolCalls=47 nudgeMsg=no
[2026-08-08T16:28:37.867Z] LiveUpdateForge: AfterToolExec flush
[2026-08-08T16:28:37.909Z] InitialReadForge.onBeforeSend: SKIP (fr=true syn=false hasRead=true)
[2026-08-08T16:28:41.201Z] LiveUpdateForge: EndTurn fallback flush
[2026-08-08T16:28:41.202Z] onEndTurn: naturalStop=undefined toolCalls=48 nudgeMsg=no
[2026-08-08T16:28:41.202Z] LiveUpdateForge: EndTurn fallback flush
[2026-08-08T16:28:41.202Z] onEndTurn: naturalStop=false toolCalls=48 nudgeMsg=no
[2026-08-08T16:28:41.240Z] LiveUpdateForge: AfterToolExec flush
[2026-08-08T16:28:41.276Z] InitialReadForge.onBeforeSend: SKIP (fr=true syn=false hasRead=true)
[2026-08-08T16:28:44.200Z] LiveUpdateForge: EndTurn fallback flush
[2026-08-08T16:28:44.200Z] onEndTurn: naturalStop=undefined toolCalls=49 nudgeMsg=no
[2026-08-08T16:28:44.200Z] LiveUpdateForge: EndTurn fallback flush
[2026-08-08T16:28:44.200Z] onEndTurn: naturalStop=false toolCalls=49 nudgeMsg=no
[2026-08-08T16:28:45.665Z] LiveUpdateForge: AfterToolExec flush
[2026-08-08T16:28:45.710Z] InitialReadForge.onBeforeSend: SKIP (fr=true syn=false hasRead=true)
[2026-08-08T16:28:48.898Z] LiveUpdateForge: EndTurn fallback flush
[2026-08-08T16:28:48.899Z] onEndTurn: naturalStop=undefined toolCalls=50 nudgeMsg=no
[2026-08-08T16:28:48.899Z] LiveUpdateForge: EndTurn fallback flush
[2026-08-08T16:28:48.899Z] onEndTurn: naturalStop=false toolCalls=50 nudgeMsg=no
[2026-08-08T16:28:51.148Z] LiveUpdateForge: AfterToolExec flush
[2026-08-08T16:28:51.193Z] InitialReadForge.onBeforeSend: SKIP (fr=true syn=false hasRead=true)
[2026-08-08T16:28:53.456Z] LiveUpdateForge: EndTurn fallback flush
[2026-08-08T16:28:53.456Z] onEndTurn: naturalStop=undefined toolCalls=51 nudgeMsg=no
[2026-08-08T16:28:53.457Z] LiveUpdateForge: EndTurn fallback flush
[2026-08-08T16:28:53.457Z] onEndTurn: naturalStop=false toolCalls=51 nudgeMsg=no
[2026-08-08T16:28:56.822Z] LiveUpdateForge: AfterToolExec flush
[2026-08-08T16:28:56.866Z] InitialReadForge.onBeforeSend: SKIP (fr=true syn=false hasRead=true)
[2026-08-08T16:29:31.999Z] LiveUpdateForge: EndTurn fallback flush
[2026-08-08T16:29:31.999Z] onEndTurn: naturalStop=undefined toolCalls=52 nudgeMsg=no
[2026-08-08T16:29:32.000Z] LiveUpdateForge: EndTurn fallback flush
[2026-08-08T16:29:32.000Z] onEndTurn: naturalStop=false toolCalls=52 nudgeMsg=no
[2026-08-08T16:29:32.003Z] LiveUpdateForge: AfterToolExec flush
[2026-08-08T16:29:32.039Z] InitialReadForge.onBeforeSend: SKIP (fr=true syn=false hasRead=true)
[2026-08-08T16:29:36.067Z] LiveUpdateForge: EndTurn fallback flush
[2026-08-08T16:29:36.067Z] onEndTurn: naturalStop=undefined toolCalls=53 nudgeMsg=no
[2026-08-08T16:29:36.067Z] LiveUpdateForge: EndTurn fallback flush
[2026-08-08T16:29:36.067Z] onEndTurn: naturalStop=false toolCalls=53 nudgeMsg=no
[2026-08-08T16:29:36.070Z] LiveUpdateForge: AfterToolExec flush
[2026-08-08T16:29:36.110Z] InitialReadForge.onBeforeSend: SKIP (fr=true syn=false hasRead=true)
[2026-08-08T16:29:38.611Z] LiveUpdateForge: EndTurn fallback flush
[2026-08-08T16:29:38.611Z] onEndTurn: naturalStop=undefined toolCalls=54 nudgeMsg=no
[2026-08-08T16:29:38.612Z] LiveUpdateForge: EndTurn fallback flush
[2026-08-08T16:29:38.612Z] onEndTurn: naturalStop=false toolCalls=54 nudgeMsg=no
[2026-08-08T16:29:38.619Z] LiveUpdateForge: AfterToolExec flush
[2026-08-08T16:29:38.651Z] InitialReadForge.onBeforeSend: SKIP (fr=true syn=false hasRead=true)
[2026-08-08T16:29:42.929Z] LiveUpdateForge: EndTurn fallback flush
[2026-08-08T16:29:42.929Z] onEndTurn: naturalStop=undefined toolCalls=55 nudgeMsg=no
[2026-08-08T16:29:42.929Z] LiveUpdateForge: EndTurn fallback flush
[2026-08-08T16:29:42.929Z] onEndTurn: naturalStop=false toolCalls=55 nudgeMsg=no
[2026-08-08T16:29:43.006Z] LiveUpdateForge: AfterToolExec flush
[2026-08-08T16:29:43.040Z] InitialReadForge.onBeforeSend: SKIP (fr=true syn=false hasRead=true)
[2026-08-08T16:29:46.962Z] LiveUpdateForge: EndTurn fallback flush
[2026-08-08T16:29:46.962Z] onEndTurn: naturalStop=undefined toolCalls=56 nudgeMsg=no
[2026-08-08T16:29:46.962Z] LiveUpdateForge: EndTurn fallback flush
[2026-08-08T16:29:46.963Z] onEndTurn: naturalStop=false toolCalls=56 nudgeMsg=no
[2026-08-08T16:29:47.013Z] LiveUpdateForge: AfterToolExec flush
[2026-08-08T16:29:47.057Z] InitialReadForge.onBeforeSend: SKIP (fr=true syn=false hasRead=true)
[2026-08-08T16:29:51.531Z] LiveUpdateForge: EndTurn fallback flush
[2026-08-08T16:29:51.531Z] onEndTurn: naturalStop=undefined toolCalls=57 nudgeMsg=no
[2026-08-08T16:29:51.532Z] LiveUpdateForge: EndTurn fallback flush
[2026-08-08T16:29:51.532Z] onEndTurn: naturalStop=false toolCalls=57 nudgeMsg=no
[2026-08-08T16:29:51.537Z] LiveUpdateForge: AfterToolExec flush
[2026-08-08T16:29:51.573Z] InitialReadForge.onBeforeSend: SKIP (fr=true syn=false hasRead=true)
[2026-08-08T16:29:54.230Z] LiveUpdateForge: EndTurn fallback flush
[2026-08-08T16:29:54.231Z] onEndTurn: naturalStop=undefined toolCalls=58 nudgeMsg=no
[2026-08-08T16:29:54.231Z] LiveUpdateForge: EndTurn fallback flush
[2026-08-08T16:29:54.231Z] onEndTurn: naturalStop=false toolCalls=58 nudgeMsg=no
[2026-08-08T16:29:54.314Z] LiveUpdateForge: AfterToolExec flush
[2026-08-08T16:29:54.354Z] InitialReadForge.onBeforeSend: SKIP (fr=true syn=false hasRead=true)
[2026-08-08T16:29:56.588Z] LiveUpdateForge: EndTurn fallback flush
[2026-08-08T16:29:56.588Z] onEndTurn: naturalStop=undefined toolCalls=59 nudgeMsg=no
[2026-08-08T16:29:56.589Z] LiveUpdateForge: EndTurn fallback flush
[2026-08-08T16:29:56.589Z] onEndTurn: naturalStop=false toolCalls=59 nudgeMsg=no
[2026-08-08T16:29:56.636Z] LiveUpdateForge: AfterToolExec flush
[2026-08-08T16:29:56.666Z] InitialReadForge.onBeforeSend: SKIP (fr=true syn=false hasRead=true)
[2026-08-08T16:29:59.015Z] LiveUpdateForge: EndTurn fallback flush
[2026-08-08T16:29:59.016Z] onEndTurn: naturalStop=undefined toolCalls=60 nudgeMsg=no
[2026-08-08T16:29:59.016Z] LiveUpdateForge: EndTurn fallback flush
[2026-08-08T16:29:59.016Z] onEndTurn: naturalStop=false toolCalls=60 nudgeMsg=no
[2026-08-08T16:29:59.023Z] LiveUpdateForge: AfterToolExec flush
[2026-08-08T16:29:59.055Z] InitialReadForge.onBeforeSend: SKIP (fr=true syn=false hasRead=true)
[2026-08-08T16:30:03.101Z] LiveUpdateForge: EndTurn fallback flush
[2026-08-08T16:30:03.101Z] onEndTurn: naturalStop=undefined toolCalls=61 nudgeMsg=no
[2026-08-08T16:30:03.102Z] LiveUpdateForge: EndTurn fallback flush
[2026-08-08T16:30:03.102Z] onEndTurn: naturalStop=false toolCalls=61 nudgeMsg=no
[2026-08-08T16:30:03.187Z] LiveUpdateForge: AfterToolExec flush
[2026-08-08T16:30:03.221Z] InitialReadForge.onBeforeSend: SKIP (fr=true syn=false hasRead=true)
[2026-08-08T16:30:05.487Z] LiveUpdateForge: EndTurn fallback flush
[2026-08-08T16:30:05.487Z] onEndTurn: naturalStop=undefined toolCalls=62 nudgeMsg=no
[2026-08-08T16:30:05.487Z] LiveUpdateForge: EndTurn fallback flush
[2026-08-08T16:30:05.487Z] onEndTurn: naturalStop=false toolCalls=62 nudgeMsg=no
[2026-08-08T16:30:10.612Z] LiveUpdateForge: AfterToolExec flush
[2026-08-08T16:30:10.652Z] InitialReadForge.onBeforeSend: SKIP (fr=true syn=false hasRead=true)
[2026-08-08T16:30:13.123Z] LiveUpdateForge: EndTurn fallback flush
[2026-08-08T16:30:13.123Z] onEndTurn: naturalStop=undefined toolCalls=63 nudgeMsg=no
[2026-08-08T16:30:13.123Z] LiveUpdateForge: EndTurn fallback flush
[2026-08-08T16:30:13.123Z] onEndTurn: naturalStop=false toolCalls=63 nudgeMsg=no
[2026-08-08T16:30:26.905Z] LiveUpdateForge: AfterToolExec flush
[2026-08-08T16:30:26.949Z] InitialReadForge.onBeforeSend: SKIP (fr=true syn=false hasRead=true)
[2026-08-08T16:30:30.541Z] LiveUpdateForge: EndTurn fallback flush
[2026-08-08T16:30:30.542Z] onEndTurn: naturalStop=undefined toolCalls=64 nudgeMsg=no
[2026-08-08T16:30:30.542Z] LiveUpdateForge: EndTurn fallback flush
[2026-08-08T16:30:30.542Z] onEndTurn: naturalStop=false toolCalls=64 nudgeMsg=no
[2026-08-08T16:30:48.498Z] LiveUpdateForge: AfterToolExec flush
[2026-08-08T16:30:48.536Z] InitialReadForge.onBeforeSend: SKIP (fr=true syn=false hasRead=true)
[2026-08-08T16:30:50.862Z] LiveUpdateForge: EndTurn fallback flush
[2026-08-08T16:30:50.862Z] onEndTurn: naturalStop=undefined toolCalls=65 nudgeMsg=no
[2026-08-08T16:30:50.862Z] LiveUpdateForge: EndTurn fallback flush
[2026-08-08T16:30:50.862Z] onEndTurn: naturalStop=false toolCalls=65 nudgeMsg=no
[2026-08-08T16:30:52.083Z] LiveUpdateForge: AfterToolExec flush
[2026-08-08T16:30:52.123Z] InitialReadForge.onBeforeSend: SKIP (fr=true syn=false hasRead=true)
[2026-08-08T16:30:55.043Z] LiveUpdateForge: EndTurn fallback flush
[2026-08-08T16:30:55.043Z] onEndTurn: naturalStop=undefined toolCalls=66 nudgeMsg=no
[2026-08-08T16:30:55.044Z] LiveUpdateForge: EndTurn fallback flush
[2026-08-08T16:30:55.044Z] onEndTurn: naturalStop=false toolCalls=66 nudgeMsg=no
[2026-08-08T16:30:55.102Z] LiveUpdateForge: AfterToolExec flush
[2026-08-08T16:30:55.135Z] InitialReadForge.onBeforeSend: SKIP (fr=true syn=false hasRead=true)
[2026-08-08T16:30:57.366Z] LiveUpdateForge: EndTurn fallback flush
[2026-08-08T16:30:57.366Z] onEndTurn: naturalStop=undefined toolCalls=67 nudgeMsg=no
[2026-08-08T16:30:57.366Z] LiveUpdateForge: EndTurn fallback flush
[2026-08-08T16:30:57.367Z] onEndTurn: naturalStop=false toolCalls=67 nudgeMsg=no
[2026-08-08T16:30:59.060Z] LiveUpdateForge: AfterToolExec flush
[2026-08-08T16:30:59.111Z] InitialReadForge.onBeforeSend: SKIP (fr=true syn=false hasRead=true)
[2026-08-08T16:31:01.317Z] LiveUpdateForge: EndTurn fallback flush
[2026-08-08T16:31:01.317Z] onEndTurn: naturalStop=undefined toolCalls=68 nudgeMsg=no
[2026-08-08T16:31:01.317Z] LiveUpdateForge: EndTurn fallback flush
[2026-08-08T16:31:01.317Z] onEndTurn: naturalStop=false toolCalls=68 nudgeMsg=no
[2026-08-08T16:31:03.686Z] LiveUpdateForge: AfterToolExec flush
[2026-08-08T16:31:03.730Z] InitialReadForge.onBeforeSend: SKIP (fr=true syn=false hasRead=true)
[2026-08-08T16:31:06.156Z] LiveUpdateForge: EndTurn fallback flush
[2026-08-08T16:31:06.156Z] onEndTurn: naturalStop=undefined toolCalls=69 nudgeMsg=no
[2026-08-08T16:31:06.156Z] LiveUpdateForge: EndTurn fallback flush
[2026-08-08T16:31:06.156Z] onEndTurn: naturalStop=false toolCalls=69 nudgeMsg=no
[2026-08-08T16:31:09.622Z] LiveUpdateForge: AfterToolExec flush
[2026-08-08T16:31:09.664Z] InitialReadForge.onBeforeSend: SKIP (fr=true syn=false hasRead=true)
[2026-08-08T16:31:12.432Z] LiveUpdateForge: EndTurn fallback flush
[2026-08-08T16:31:12.432Z] onEndTurn: naturalStop=undefined toolCalls=70 nudgeMsg=no
[2026-08-08T16:31:12.432Z] LiveUpdateForge: EndTurn fallback flush
[2026-08-08T16:31:12.432Z] onEndTurn: naturalStop=false toolCalls=70 nudgeMsg=no
[2026-08-08T16:31:12.436Z] LiveUpdateForge: AfterToolExec flush
[2026-08-08T16:31:12.473Z] InitialReadForge.onBeforeSend: SKIP (fr=true syn=false hasRead=true)
[2026-08-08T16:31:31.342Z] LiveUpdateForge: EndTurn fallback flush
[2026-08-08T16:31:31.342Z] onEndTurn: naturalStop=undefined toolCalls=71 nudgeMsg=no
[2026-08-08T16:31:31.342Z] LiveUpdateForge: EndTurn fallback flush
[2026-08-08T16:31:31.343Z] onEndTurn: naturalStop=false toolCalls=71 nudgeMsg=no
[2026-08-08T16:31:31.350Z] LiveUpdateForge: AfterToolExec flush
[2026-08-08T16:31:31.391Z] InitialReadForge.onBeforeSend: SKIP (fr=true syn=false hasRead=true)
[2026-08-08T16:31:35.648Z] LiveUpdateForge: EndTurn fallback flush
[2026-08-08T16:31:35.648Z] onEndTurn: naturalStop=undefined toolCalls=72 nudgeMsg=no
[2026-08-08T16:31:35.649Z] LiveUpdateForge: EndTurn fallback flush
[2026-08-08T16:31:35.649Z] onEndTurn: naturalStop=false toolCalls=72 nudgeMsg=no
[2026-08-08T16:31:35.751Z] LiveUpdateForge: AfterToolExec flush
[2026-08-08T16:31:35.781Z] InitialReadForge.onBeforeSend: SKIP (fr=true syn=false hasRead=true)
[2026-08-08T16:31:38.014Z] LiveUpdateForge: EndTurn fallback flush
[2026-08-08T16:31:38.014Z] onEndTurn: naturalStop=undefined toolCalls=73 nudgeMsg=no
[2026-08-08T16:31:38.014Z] LiveUpdateForge: EndTurn fallback flush
[2026-08-08T16:31:38.015Z] onEndTurn: naturalStop=false toolCalls=73 nudgeMsg=no
[2026-08-08T16:31:39.158Z] LiveUpdateForge: AfterToolExec flush
[2026-08-08T16:31:39.198Z] InitialReadForge.onBeforeSend: SKIP (fr=true syn=false hasRead=true)
[2026-08-08T16:31:48.791Z] LiveUpdateForge: EndTurn fallback flush
[2026-08-08T16:31:48.792Z] onEndTurn: naturalStop=undefined toolCalls=74 nudgeMsg=no
[2026-08-08T16:31:48.792Z] LiveUpdateForge: EndTurn fallback flush
[2026-08-08T16:31:48.792Z] onEndTurn: naturalStop=false toolCalls=74 nudgeMsg=no
[2026-08-08T16:31:48.838Z] LiveUpdateForge: AfterToolExec flush
[2026-08-08T16:31:48.869Z] InitialReadForge.onBeforeSend: SKIP (fr=true syn=false hasRead=true)
[2026-08-08T16:31:52.709Z] LiveUpdateForge: EndTurn fallback flush
[2026-08-08T16:31:52.709Z] onEndTurn: naturalStop=undefined toolCalls=75 nudgeMsg=no
[2026-08-08T16:31:52.709Z] LiveUpdateForge: EndTurn fallback flush
[2026-08-08T16:31:52.709Z] onEndTurn: naturalStop=false toolCalls=75 nudgeMsg=no
[2026-08-08T16:31:53.967Z] LiveUpdateForge: AfterToolExec flush
[2026-08-08T16:31:54.011Z] InitialReadForge.onBeforeSend: SKIP (fr=true syn=false hasRead=true)
[2026-08-08T16:31:56.301Z] LiveUpdateForge: EndTurn fallback flush
[2026-08-08T16:31:56.302Z] onEndTurn: naturalStop=undefined toolCalls=76 nudgeMsg=no
[2026-08-08T16:31:56.302Z] LiveUpdateForge: EndTurn fallback flush
[2026-08-08T16:31:56.302Z] onEndTurn: naturalStop=false toolCalls=76 nudgeMsg=no
[2026-08-08T16:31:58.708Z] LiveUpdateForge: AfterToolExec flush
[2026-08-08T16:31:58.748Z] InitialReadForge.onBeforeSend: SKIP (fr=true syn=false hasRead=true)
[2026-08-08T16:32:01.608Z] LiveUpdateForge: EndTurn fallback flush
[2026-08-08T16:32:01.608Z] onEndTurn: naturalStop=undefined toolCalls=77 nudgeMsg=no
[2026-08-08T16:32:01.608Z] LiveUpdateForge: EndTurn fallback flush
[2026-08-08T16:32:01.608Z] onEndTurn: naturalStop=false toolCalls=77 nudgeMsg=no
[2026-08-08T16:32:05.010Z] LiveUpdateForge: AfterToolExec flush
[2026-08-08T16:32:05.049Z] InitialReadForge.onBeforeSend: SKIP (fr=true syn=false hasRead=true)
[2026-08-08T16:32:09.453Z] LiveUpdateForge: EndTurn fallback flush
[2026-08-08T16:32:09.453Z] onEndTurn: naturalStop=undefined toolCalls=78 nudgeMsg=no
[2026-08-08T16:32:09.453Z] LiveUpdateForge: EndTurn fallback flush
[2026-08-08T16:32:09.453Z] onEndTurn: naturalStop=false toolCalls=78 nudgeMsg=no
[2026-08-08T16:32:09.460Z] LiveUpdateForge: self-write on D:\xm\CacheHub\CODELY.md, baseline aligned
[2026-08-08T16:32:09.460Z] LiveUpdateForge: AfterToolExec flush
[2026-08-08T16:32:09.493Z] InitialReadForge.onBeforeSend: SKIP (fr=true syn=false hasRead=true)
[2026-08-08T16:32:55.365Z] LiveUpdateForge: EndTurn fallback flush
[2026-08-08T16:32:55.366Z] onEndTurn: naturalStop=undefined toolCalls=0 nudgeMsg=no
[2026-08-08T16:32:55.366Z] LiveUpdateForge: EndTurn fallback flush
[2026-08-08T16:32:55.366Z] onEndTurn: naturalStop=true toolCalls=0 nudgeMsg=no
[2026-08-08T16:32:58.257Z] ResumeDiffForge: running checkResumeConsistency
[2026-08-08T16:32:58.257Z] checkResumeConsistency: forgedTimestamps=[]
[2026-08-08T16:32:58.263Z] checkResumeConsistency: no changes detected
[2026-08-08T16:32:58.263Z] LiveUpdateForge: session reset, allowLiveUpdate = false
[2026-08-08T16:32:58.263Z] NudgeForge: ResumeComplete — restoring count from history
[2026-08-08T16:32:58.264Z] restoreNudgeCountFromHistory: found last write at idx=947 count=0
[2026-08-08T16:32:58.302Z] LiveUpdateForge: allowLiveUpdate = true (first real BeforeSend)
[2026-08-08T16:32:58.302Z] InitialReadForge.onBeforeSend: SKIP (fr=false syn=false hasRead=true)
[2026-08-08T16:33:27.472Z] LiveUpdateForge: EndTurn fallback flush
[2026-08-08T16:33:27.472Z] onEndTurn: naturalStop=undefined toolCalls=0 nudgeMsg=no
[2026-08-08T16:33:27.472Z] LiveUpdateForge: EndTurn fallback flush
[2026-08-08T16:33:27.472Z] onEndTurn: naturalStop=false toolCalls=0 nudgeMsg=no
[2026-08-08T16:33:28.726Z] LiveUpdateForge: AfterToolExec flush
[2026-08-08T16:33:28.768Z] InitialReadForge.onBeforeSend: SKIP (fr=true syn=false hasRead=true)
[2026-08-08T16:33:31.377Z] LiveUpdateForge: EndTurn fallback flush
[2026-08-08T16:33:31.377Z] onEndTurn: naturalStop=undefined toolCalls=1 nudgeMsg=no
[2026-08-08T16:33:31.377Z] LiveUpdateForge: EndTurn fallback flush
[2026-08-08T16:33:31.377Z] onEndTurn: naturalStop=false toolCalls=1 nudgeMsg=no
[2026-08-08T16:33:37.124Z] LiveUpdateForge: AfterToolExec flush
[2026-08-08T16:33:37.165Z] InitialReadForge.onBeforeSend: SKIP (fr=true syn=false hasRead=true)
[2026-08-08T16:34:01.824Z] LiveUpdateForge: EndTurn fallback flush
[2026-08-08T16:34:01.824Z] onEndTurn: naturalStop=undefined toolCalls=2 nudgeMsg=no
[2026-08-08T16:34:01.824Z] LiveUpdateForge: EndTurn fallback flush
[2026-08-08T16:34:01.824Z] onEndTurn: naturalStop=false toolCalls=2 nudgeMsg=no
[2026-08-08T16:34:16.319Z] LiveUpdateForge: AfterToolExec flush
[2026-08-08T16:34:16.363Z] InitialReadForge.onBeforeSend: SKIP (fr=true syn=false hasRead=true)
[2026-08-08T16:34:20.950Z] LiveUpdateForge: EndTurn fallback flush
[2026-08-08T16:34:20.951Z] onEndTurn: naturalStop=undefined toolCalls=3 nudgeMsg=no
[2026-08-08T16:34:20.951Z] LiveUpdateForge: EndTurn fallback flush
[2026-08-08T16:34:20.951Z] onEndTurn: naturalStop=false toolCalls=3 nudgeMsg=no
[2026-08-08T16:34:21.005Z] LiveUpdateForge: AfterToolExec flush
[2026-08-08T16:34:21.042Z] InitialReadForge.onBeforeSend: SKIP (fr=true syn=false hasRead=true)
[2026-08-08T16:34:24.616Z] LiveUpdateForge: EndTurn fallback flush
[2026-08-08T16:34:24.616Z] onEndTurn: naturalStop=undefined toolCalls=4 nudgeMsg=no
[2026-08-08T16:34:24.616Z] LiveUpdateForge: EndTurn fallback flush
[2026-08-08T16:34:24.616Z] onEndTurn: naturalStop=false toolCalls=4 nudgeMsg=no
[2026-08-08T16:34:24.663Z] LiveUpdateForge: AfterToolExec flush
[2026-08-08T16:34:24.701Z] InitialReadForge.onBeforeSend: SKIP (fr=true syn=false hasRead=true)
[2026-08-08T16:34:27.270Z] LiveUpdateForge: EndTurn fallback flush
[2026-08-08T16:34:27.270Z] onEndTurn: naturalStop=undefined toolCalls=5 nudgeMsg=no
[2026-08-08T16:34:27.270Z] LiveUpdateForge: EndTurn fallback flush
[2026-08-08T16:34:27.270Z] onEndTurn: naturalStop=false toolCalls=5 nudgeMsg=no
[2026-08-08T16:34:27.323Z] LiveUpdateForge: AfterToolExec flush
[2026-08-08T16:34:27.357Z] InitialReadForge.onBeforeSend: SKIP (fr=true syn=false hasRead=true)
[2026-08-08T16:34:29.752Z] LiveUpdateForge: EndTurn fallback flush
[2026-08-08T16:34:29.752Z] onEndTurn: naturalStop=undefined toolCalls=6 nudgeMsg=no
[2026-08-08T16:34:29.752Z] LiveUpdateForge: EndTurn fallback flush
[2026-08-08T16:34:29.752Z] onEndTurn: naturalStop=false toolCalls=6 nudgeMsg=no
[2026-08-08T16:34:29.800Z] LiveUpdateForge: AfterToolExec flush
[2026-08-08T16:34:29.836Z] InitialReadForge.onBeforeSend: SKIP (fr=true syn=false hasRead=true)
[2026-08-08T16:34:32.870Z] LiveUpdateForge: EndTurn fallback flush
[2026-08-08T16:34:32.870Z] onEndTurn: naturalStop=undefined toolCalls=7 nudgeMsg=no
[2026-08-08T16:34:32.870Z] LiveUpdateForge: EndTurn fallback flush
[2026-08-08T16:34:32.870Z] onEndTurn: naturalStop=false toolCalls=7 nudgeMsg=no
[2026-08-08T16:34:32.926Z] LiveUpdateForge: AfterToolExec flush
[2026-08-08T16:34:32.964Z] InitialReadForge.onBeforeSend: SKIP (fr=true syn=false hasRead=true)
[2026-08-08T16:34:35.402Z] LiveUpdateForge: EndTurn fallback flush
[2026-08-08T16:34:35.402Z] onEndTurn: naturalStop=undefined toolCalls=8 nudgeMsg=no
[2026-08-08T16:34:35.402Z] LiveUpdateForge: EndTurn fallback flush
[2026-08-08T16:34:35.403Z] onEndTurn: naturalStop=false toolCalls=8 nudgeMsg=no
[2026-08-08T16:34:35.455Z] LiveUpdateForge: AfterToolExec flush
[2026-08-08T16:34:35.493Z] InitialReadForge.onBeforeSend: SKIP (fr=true syn=false hasRead=true)
[2026-08-08T16:34:42.606Z] LiveUpdateForge: EndTurn fallback flush
[2026-08-08T16:34:42.606Z] onEndTurn: naturalStop=undefined toolCalls=9 nudgeMsg=no
[2026-08-08T16:34:42.607Z] LiveUpdateForge: EndTurn fallback flush
[2026-08-08T16:34:42.607Z] onEndTurn: naturalStop=false toolCalls=9 nudgeMsg=no
[2026-08-08T16:34:42.663Z] LiveUpdateForge: AfterToolExec flush
[2026-08-08T16:34:42.701Z] InitialReadForge.onBeforeSend: SKIP (fr=true syn=false hasRead=true)
[2026-08-08T16:34:48.037Z] LiveUpdateForge: EndTurn fallback flush
[2026-08-08T16:34:48.037Z] onEndTurn: naturalStop=undefined toolCalls=10 nudgeMsg=no
[2026-08-08T16:34:48.037Z] LiveUpdateForge: EndTurn fallback flush
[2026-08-08T16:34:48.037Z] onEndTurn: naturalStop=false toolCalls=10 nudgeMsg=no
[2026-08-08T16:34:48.086Z] LiveUpdateForge: AfterToolExec flush
[2026-08-08T16:34:48.122Z] InitialReadForge.onBeforeSend: SKIP (fr=true syn=false hasRead=true)
[2026-08-08T16:34:50.440Z] LiveUpdateForge: EndTurn fallback flush
[2026-08-08T16:34:50.441Z] onEndTurn: naturalStop=undefined toolCalls=11 nudgeMsg=no
[2026-08-08T16:34:50.441Z] LiveUpdateForge: EndTurn fallback flush
[2026-08-08T16:34:50.441Z] onEndTurn: naturalStop=false toolCalls=11 nudgeMsg=no
[2026-08-08T16:34:50.490Z] LiveUpdateForge: AfterToolExec flush
[2026-08-08T16:34:50.526Z] InitialReadForge.onBeforeSend: SKIP (fr=true syn=false hasRead=true)
[2026-08-08T16:34:53.010Z] LiveUpdateForge: EndTurn fallback flush
[2026-08-08T16:34:53.010Z] onEndTurn: naturalStop=undefined toolCalls=12 nudgeMsg=no
[2026-08-08T16:34:53.011Z] LiveUpdateForge: EndTurn fallback flush
[2026-08-08T16:34:53.011Z] onEndTurn: naturalStop=false toolCalls=12 nudgeMsg=no
[2026-08-08T16:34:53.062Z] LiveUpdateForge: AfterToolExec flush
[2026-08-08T16:34:53.098Z] InitialReadForge.onBeforeSend: SKIP (fr=true syn=false hasRead=true)
[2026-08-08T16:34:55.418Z] LiveUpdateForge: EndTurn fallback flush
[2026-08-08T16:34:55.418Z] onEndTurn: naturalStop=undefined toolCalls=13 nudgeMsg=no
[2026-08-08T16:34:55.419Z] LiveUpdateForge: EndTurn fallback flush
[2026-08-08T16:34:55.419Z] onEndTurn: naturalStop=false toolCalls=13 nudgeMsg=no
[2026-08-08T16:34:55.468Z] LiveUpdateForge: AfterToolExec flush
[2026-08-08T16:34:55.513Z] InitialReadForge.onBeforeSend: SKIP (fr=true syn=false hasRead=true)
[2026-08-08T16:34:57.807Z] LiveUpdateForge: EndTurn fallback flush
[2026-08-08T16:34:57.807Z] onEndTurn: naturalStop=undefined toolCalls=14 nudgeMsg=no
[2026-08-08T16:34:57.808Z] LiveUpdateForge: EndTurn fallback flush
[2026-08-08T16:34:57.808Z] onEndTurn: naturalStop=false toolCalls=14 nudgeMsg=no
[2026-08-08T16:34:57.857Z] LiveUpdateForge: AfterToolExec flush
[2026-08-08T16:34:57.890Z] InitialReadForge.onBeforeSend: SKIP (fr=true syn=false hasRead=true)
[2026-08-08T16:35:01.158Z] LiveUpdateForge: EndTurn fallback flush
[2026-08-08T16:35:01.158Z] onEndTurn: naturalStop=undefined toolCalls=15 nudgeMsg=no
[2026-08-08T16:35:01.159Z] LiveUpdateForge: EndTurn fallback flush
[2026-08-08T16:35:01.159Z] onEndTurn: naturalStop=false toolCalls=15 nudgeMsg=no
[2026-08-08T16:35:01.209Z] LiveUpdateForge: AfterToolExec flush
[2026-08-08T16:35:01.244Z] InitialReadForge.onBeforeSend: SKIP (fr=true syn=false hasRead=true)
[2026-08-08T16:35:03.854Z] LiveUpdateForge: EndTurn fallback flush
[2026-08-08T16:35:03.854Z] onEndTurn: naturalStop=undefined toolCalls=16 nudgeMsg=no
[2026-08-08T16:35:03.854Z] LiveUpdateForge: EndTurn fallback flush
[2026-08-08T16:35:03.854Z] onEndTurn: naturalStop=false toolCalls=16 nudgeMsg=no
[2026-08-08T16:35:03.906Z] LiveUpdateForge: AfterToolExec flush
[2026-08-08T16:35:03.940Z] InitialReadForge.onBeforeSend: SKIP (fr=true syn=false hasRead=true)
[2026-08-08T16:35:06.374Z] LiveUpdateForge: EndTurn fallback flush
[2026-08-08T16:35:06.374Z] onEndTurn: naturalStop=undefined toolCalls=17 nudgeMsg=no
[2026-08-08T16:35:06.375Z] LiveUpdateForge: EndTurn fallback flush
[2026-08-08T16:35:06.375Z] onEndTurn: naturalStop=false toolCalls=17 nudgeMsg=no
[2026-08-08T16:35:06.426Z] LiveUpdateForge: AfterToolExec flush
[2026-08-08T16:35:06.461Z] InitialReadForge.onBeforeSend: SKIP (fr=true syn=false hasRead=true)
[2026-08-08T16:35:12.708Z] LiveUpdateForge: EndTurn fallback flush
[2026-08-08T16:35:12.708Z] onEndTurn: naturalStop=undefined toolCalls=18 nudgeMsg=no
[2026-08-08T16:35:12.708Z] LiveUpdateForge: EndTurn fallback flush
[2026-08-08T16:35:12.709Z] onEndTurn: naturalStop=false toolCalls=18 nudgeMsg=no
[2026-08-08T16:35:31.560Z] LiveUpdateForge: AfterToolExec flush
[2026-08-08T16:35:31.599Z] InitialReadForge.onBeforeSend: SKIP (fr=true syn=false hasRead=true)
[2026-08-08T16:35:39.542Z] LiveUpdateForge: EndTurn fallback flush
[2026-08-08T16:35:39.542Z] onEndTurn: naturalStop=undefined toolCalls=19 nudgeMsg=no
[2026-08-08T16:35:39.543Z] LiveUpdateForge: EndTurn fallback flush
[2026-08-08T16:35:39.543Z] onEndTurn: naturalStop=true toolCalls=19 nudgeMsg=no
[2026-08-08T16:35:42.089Z] ResumeDiffForge: running checkResumeConsistency
[2026-08-08T16:35:42.090Z] checkResumeConsistency: forgedTimestamps=[]
[2026-08-08T16:35:42.096Z] checkResumeConsistency: no changes detected
[2026-08-08T16:35:42.096Z] LiveUpdateForge: session reset, allowLiveUpdate = false
[2026-08-08T16:35:42.096Z] NudgeForge: ResumeComplete — restoring count from history
[2026-08-08T16:35:42.097Z] restoreNudgeCountFromHistory: found last write at idx=947 count=19
[2026-08-08T16:35:42.137Z] LiveUpdateForge: allowLiveUpdate = true (first real BeforeSend)
[2026-08-08T16:35:42.137Z] InitialReadForge.onBeforeSend: SKIP (fr=false syn=false hasRead=true)
[2026-08-08T16:35:51.756Z] LiveUpdateForge: EndTurn fallback flush
[2026-08-08T16:35:51.757Z] onEndTurn: naturalStop=undefined toolCalls=19 nudgeMsg=no
[2026-08-08T16:35:51.757Z] LiveUpdateForge: EndTurn fallback flush
[2026-08-08T16:35:51.757Z] onEndTurn: naturalStop=false toolCalls=19 nudgeMsg=no
[2026-08-08T16:35:53.879Z] LiveUpdateForge: AfterToolExec flush
[2026-08-08T16:35:53.919Z] InitialReadForge.onBeforeSend: SKIP (fr=true syn=false hasRead=true)
[2026-08-08T16:36:00.704Z] LiveUpdateForge: EndTurn fallback flush
[2026-08-08T16:36:00.704Z] onEndTurn: naturalStop=undefined toolCalls=20 nudgeMsg=no
[2026-08-08T16:36:00.704Z] LiveUpdateForge: EndTurn fallback flush
[2026-08-08T16:36:00.704Z] onEndTurn: naturalStop=false toolCalls=20 nudgeMsg=no
[2026-08-08T16:36:04.005Z] LiveUpdateForge: AfterToolExec flush
[2026-08-08T16:36:04.046Z] InitialReadForge.onBeforeSend: SKIP (fr=true syn=false hasRead=true)
[2026-08-08T16:36:07.978Z] LiveUpdateForge: EndTurn fallback flush
[2026-08-08T16:36:07.978Z] onEndTurn: naturalStop=undefined toolCalls=21 nudgeMsg=no
[2026-08-08T16:36:07.978Z] LiveUpdateForge: EndTurn fallback flush
[2026-08-08T16:36:07.978Z] onEndTurn: naturalStop=false toolCalls=21 nudgeMsg=no
[2026-08-08T16:36:21.715Z] LiveUpdateForge: AfterToolExec flush
[2026-08-08T16:36:21.759Z] InitialReadForge.onBeforeSend: SKIP (fr=true syn=false hasRead=true)
[2026-08-08T16:36:24.210Z] LiveUpdateForge: EndTurn fallback flush
[2026-08-08T16:36:24.211Z] onEndTurn: naturalStop=undefined toolCalls=22 nudgeMsg=no
[2026-08-08T16:36:24.211Z] LiveUpdateForge: EndTurn fallback flush
[2026-08-08T16:36:24.211Z] onEndTurn: naturalStop=false toolCalls=22 nudgeMsg=no
[2026-08-08T16:36:42.616Z] LiveUpdateForge: AfterToolExec flush
[2026-08-08T16:36:42.651Z] InitialReadForge.onBeforeSend: SKIP (fr=true syn=false hasRead=true)
[2026-08-08T16:36:45.890Z] LiveUpdateForge: EndTurn fallback flush
[2026-08-08T16:36:45.891Z] onEndTurn: naturalStop=undefined toolCalls=23 nudgeMsg=no
[2026-08-08T16:36:45.891Z] LiveUpdateForge: EndTurn fallback flush
[2026-08-08T16:36:45.891Z] onEndTurn: naturalStop=false toolCalls=23 nudgeMsg=no
[2026-08-08T16:36:45.945Z] LiveUpdateForge: AfterToolExec flush
[2026-08-08T16:36:45.979Z] InitialReadForge.onBeforeSend: SKIP (fr=true syn=false hasRead=true)
[2026-08-08T16:36:48.378Z] LiveUpdateForge: EndTurn fallback flush
[2026-08-08T16:36:48.378Z] onEndTurn: naturalStop=undefined toolCalls=24 nudgeMsg=no
[2026-08-08T16:36:48.378Z] LiveUpdateForge: EndTurn fallback flush
[2026-08-08T16:36:48.378Z] onEndTurn: naturalStop=false toolCalls=24 nudgeMsg=no
[2026-08-08T16:36:48.384Z] LiveUpdateForge: AfterToolExec flush
[2026-08-08T16:36:48.418Z] InitialReadForge.onBeforeSend: SKIP (fr=true syn=false hasRead=true)
[2026-08-08T16:36:51.200Z] LiveUpdateForge: EndTurn fallback flush
[2026-08-08T16:36:51.201Z] onEndTurn: naturalStop=undefined toolCalls=25 nudgeMsg=no
[2026-08-08T16:36:51.201Z] LiveUpdateForge: EndTurn fallback flush
[2026-08-08T16:36:51.201Z] onEndTurn: naturalStop=false toolCalls=25 nudgeMsg=no
[2026-08-08T16:36:51.206Z] LiveUpdateForge: AfterToolExec flush
[2026-08-08T16:36:51.242Z] InitialReadForge.onBeforeSend: SKIP (fr=true syn=false hasRead=true)
[2026-08-08T16:36:53.914Z] LiveUpdateForge: EndTurn fallback flush
[2026-08-08T16:36:53.914Z] onEndTurn: naturalStop=undefined toolCalls=26 nudgeMsg=no
[2026-08-08T16:36:53.914Z] LiveUpdateForge: EndTurn fallback flush
[2026-08-08T16:36:53.914Z] onEndTurn: naturalStop=false toolCalls=26 nudgeMsg=no
[2026-08-08T16:36:53.920Z] LiveUpdateForge: AfterToolExec flush
[2026-08-08T16:36:53.960Z] InitialReadForge.onBeforeSend: SKIP (fr=true syn=false hasRead=true)
[2026-08-08T16:36:56.720Z] LiveUpdateForge: EndTurn fallback flush
[2026-08-08T16:36:56.720Z] onEndTurn: naturalStop=undefined toolCalls=27 nudgeMsg=no
[2026-08-08T16:36:56.721Z] LiveUpdateForge: EndTurn fallback flush
[2026-08-08T16:36:56.721Z] onEndTurn: naturalStop=false toolCalls=27 nudgeMsg=no
[2026-08-08T16:36:56.776Z] LiveUpdateForge: AfterToolExec flush
[2026-08-08T16:36:56.811Z] InitialReadForge.onBeforeSend: SKIP (fr=true syn=false hasRead=true)
[2026-08-08T16:37:00.116Z] LiveUpdateForge: EndTurn fallback flush
[2026-08-08T16:37:00.117Z] onEndTurn: naturalStop=undefined toolCalls=28 nudgeMsg=no
[2026-08-08T16:37:00.117Z] LiveUpdateForge: EndTurn fallback flush
[2026-08-08T16:37:00.117Z] onEndTurn: naturalStop=false toolCalls=28 nudgeMsg=no
[2026-08-08T16:37:00.172Z] LiveUpdateForge: AfterToolExec flush
[2026-08-08T16:37:00.208Z] InitialReadForge.onBeforeSend: SKIP (fr=true syn=false hasRead=true)
[2026-08-08T16:37:02.678Z] LiveUpdateForge: EndTurn fallback flush
[2026-08-08T16:37:02.679Z] onEndTurn: naturalStop=undefined toolCalls=29 nudgeMsg=no
[2026-08-08T16:37:02.679Z] LiveUpdateForge: EndTurn fallback flush
[2026-08-08T16:37:02.679Z] onEndTurn: naturalStop=false toolCalls=29 nudgeMsg=no
[2026-08-08T16:37:02.718Z] InitialReadForge.onBeforeSend: SKIP (fr=true syn=false hasRead=true)
[2026-08-08T16:37:05.485Z] LiveUpdateForge: EndTurn fallback flush
[2026-08-08T16:37:05.485Z] onEndTurn: naturalStop=undefined toolCalls=29 nudgeMsg=no
[2026-08-08T16:37:05.485Z] LiveUpdateForge: EndTurn fallback flush
[2026-08-08T16:37:05.485Z] onEndTurn: naturalStop=false toolCalls=29 nudgeMsg=no
[2026-08-08T16:37:05.535Z] LiveUpdateForge: AfterToolExec flush
[2026-08-08T16:37:05.568Z] InitialReadForge.onBeforeSend: SKIP (fr=true syn=false hasRead=true)
[2026-08-08T16:37:08.006Z] LiveUpdateForge: EndTurn fallback flush
[2026-08-08T16:37:08.006Z] onEndTurn: naturalStop=undefined toolCalls=30 nudgeMsg=no
[2026-08-08T16:37:08.006Z] LiveUpdateForge: EndTurn fallback flush
[2026-08-08T16:37:08.006Z] onEndTurn: naturalStop=false toolCalls=30 nudgeMsg=no
[2026-08-08T16:37:08.056Z] LiveUpdateForge: AfterToolExec flush
[2026-08-08T16:37:08.091Z] InitialReadForge.onBeforeSend: SKIP (fr=true syn=false hasRead=true)
[2026-08-08T16:37:10.514Z] LiveUpdateForge: EndTurn fallback flush
[2026-08-08T16:37:10.514Z] onEndTurn: naturalStop=undefined toolCalls=31 nudgeMsg=no
[2026-08-08T16:37:10.514Z] LiveUpdateForge: EndTurn fallback flush
[2026-08-08T16:37:10.514Z] onEndTurn: naturalStop=false toolCalls=31 nudgeMsg=no
[2026-08-08T16:37:10.567Z] LiveUpdateForge: AfterToolExec flush
[2026-08-08T16:37:10.604Z] InitialReadForge.onBeforeSend: SKIP (fr=true syn=false hasRead=true)
[2026-08-08T16:37:13.581Z] LiveUpdateForge: EndTurn fallback flush
[2026-08-08T16:37:13.582Z] onEndTurn: naturalStop=undefined toolCalls=32 nudgeMsg=no
[2026-08-08T16:37:13.582Z] LiveUpdateForge: EndTurn fallback flush
[2026-08-08T16:37:13.582Z] onEndTurn: naturalStop=false toolCalls=32 nudgeMsg=no
[2026-08-08T16:37:13.632Z] LiveUpdateForge: AfterToolExec flush
[2026-08-08T16:37:13.669Z] InitialReadForge.onBeforeSend: SKIP (fr=true syn=false hasRead=true)
[2026-08-08T16:37:16.152Z] LiveUpdateForge: EndTurn fallback flush
[2026-08-08T16:37:16.152Z] onEndTurn: naturalStop=undefined toolCalls=33 nudgeMsg=no
[2026-08-08T16:37:16.152Z] LiveUpdateForge: EndTurn fallback flush
[2026-08-08T16:37:16.152Z] onEndTurn: naturalStop=false toolCalls=33 nudgeMsg=no
[2026-08-08T16:37:16.205Z] LiveUpdateForge: AfterToolExec flush
[2026-08-08T16:37:16.238Z] InitialReadForge.onBeforeSend: SKIP (fr=true syn=false hasRead=true)
[2026-08-08T16:37:24.290Z] LiveUpdateForge: EndTurn fallback flush
[2026-08-08T16:37:24.291Z] onEndTurn: naturalStop=undefined toolCalls=34 nudgeMsg=no
[2026-08-08T16:37:24.291Z] LiveUpdateForge: EndTurn fallback flush
[2026-08-08T16:37:24.291Z] onEndTurn: naturalStop=false toolCalls=34 nudgeMsg=no
[2026-08-08T16:37:24.298Z] LiveUpdateForge: AfterToolExec flush
[2026-08-08T16:37:24.349Z] InitialReadForge.onBeforeSend: SKIP (fr=true syn=false hasRead=true)
[2026-08-08T16:37:28.699Z] LiveUpdateForge: EndTurn fallback flush
[2026-08-08T16:37:28.700Z] onEndTurn: naturalStop=undefined toolCalls=35 nudgeMsg=no
[2026-08-08T16:37:28.700Z] LiveUpdateForge: EndTurn fallback flush
[2026-08-08T16:37:28.700Z] onEndTurn: naturalStop=false toolCalls=35 nudgeMsg=no
[2026-08-08T16:37:28.794Z] LiveUpdateForge: AfterToolExec flush
[2026-08-08T16:37:28.833Z] InitialReadForge.onBeforeSend: SKIP (fr=true syn=false hasRead=true)
[2026-08-08T16:37:32.227Z] LiveUpdateForge: EndTurn fallback flush
[2026-08-08T16:37:32.227Z] onEndTurn: naturalStop=undefined toolCalls=36 nudgeMsg=no
[2026-08-08T16:37:32.227Z] LiveUpdateForge: EndTurn fallback flush
[2026-08-08T16:37:32.227Z] onEndTurn: naturalStop=false toolCalls=36 nudgeMsg=no
[2026-08-08T16:37:32.311Z] LiveUpdateForge: AfterToolExec flush
[2026-08-08T16:37:32.348Z] InitialReadForge.onBeforeSend: SKIP (fr=true syn=false hasRead=true)
[2026-08-08T16:37:34.861Z] LiveUpdateForge: EndTurn fallback flush
[2026-08-08T16:37:34.862Z] onEndTurn: naturalStop=undefined toolCalls=37 nudgeMsg=no
[2026-08-08T16:37:34.862Z] LiveUpdateForge: EndTurn fallback flush
[2026-08-08T16:37:34.862Z] onEndTurn: naturalStop=false toolCalls=37 nudgeMsg=no
[2026-08-08T16:37:34.868Z] LiveUpdateForge: AfterToolExec flush
[2026-08-08T16:37:34.902Z] InitialReadForge.onBeforeSend: SKIP (fr=true syn=false hasRead=true)
[2026-08-08T16:37:46.283Z] LiveUpdateForge: EndTurn fallback flush
[2026-08-08T16:37:46.283Z] onEndTurn: naturalStop=undefined toolCalls=38 nudgeMsg=no
[2026-08-08T16:37:46.283Z] LiveUpdateForge: EndTurn fallback flush
[2026-08-08T16:37:46.284Z] onEndTurn: naturalStop=false toolCalls=38 nudgeMsg=no
[2026-08-08T16:37:46.363Z] LiveUpdateForge: AfterToolExec flush
[2026-08-08T16:37:46.398Z] InitialReadForge.onBeforeSend: SKIP (fr=true syn=false hasRead=true)
[2026-08-08T16:37:49.234Z] LiveUpdateForge: EndTurn fallback flush
[2026-08-08T16:37:49.234Z] onEndTurn: naturalStop=undefined toolCalls=39 nudgeMsg=no
[2026-08-08T16:37:49.234Z] LiveUpdateForge: EndTurn fallback flush
[2026-08-08T16:37:49.235Z] onEndTurn: naturalStop=false toolCalls=39 nudgeMsg=no
[2026-08-08T16:37:55.663Z] LiveUpdateForge: AfterToolExec flush
[2026-08-08T16:37:55.704Z] InitialReadForge.onBeforeSend: SKIP (fr=true syn=false hasRead=true)
[2026-08-08T16:37:58.998Z] LiveUpdateForge: EndTurn fallback flush
[2026-08-08T16:37:58.998Z] onEndTurn: naturalStop=undefined toolCalls=40 nudgeMsg=no
[2026-08-08T16:37:58.998Z] LiveUpdateForge: EndTurn fallback flush
[2026-08-08T16:37:58.998Z] onEndTurn: naturalStop=false toolCalls=40 nudgeMsg=no
[2026-08-08T16:38:12.984Z] LiveUpdateForge: AfterToolExec flush
[2026-08-08T16:38:13.039Z] InitialReadForge.onBeforeSend: SKIP (fr=true syn=false hasRead=true)
[2026-08-08T16:38:15.970Z] LiveUpdateForge: EndTurn fallback flush
[2026-08-08T16:38:15.971Z] onEndTurn: naturalStop=undefined toolCalls=41 nudgeMsg=no
[2026-08-08T16:38:15.971Z] LiveUpdateForge: EndTurn fallback flush
[2026-08-08T16:38:15.971Z] onEndTurn: naturalStop=false toolCalls=41 nudgeMsg=no
[2026-08-08T16:38:17.274Z] LiveUpdateForge: AfterToolExec flush
[2026-08-08T16:38:17.320Z] InitialReadForge.onBeforeSend: SKIP (fr=true syn=false hasRead=true)
[2026-08-08T16:38:20.415Z] LiveUpdateForge: EndTurn fallback flush
[2026-08-08T16:38:20.415Z] onEndTurn: naturalStop=undefined toolCalls=42 nudgeMsg=no
[2026-08-08T16:38:20.415Z] LiveUpdateForge: EndTurn fallback flush
[2026-08-08T16:38:20.415Z] onEndTurn: naturalStop=false toolCalls=42 nudgeMsg=no
[2026-08-08T16:38:20.541Z] LiveUpdateForge: AfterToolExec flush
[2026-08-08T16:38:20.579Z] InitialReadForge.onBeforeSend: SKIP (fr=true syn=false hasRead=true)
[2026-08-08T16:38:23.417Z] LiveUpdateForge: EndTurn fallback flush
[2026-08-08T16:38:23.417Z] onEndTurn: naturalStop=undefined toolCalls=43 nudgeMsg=no
[2026-08-08T16:38:23.417Z] LiveUpdateForge: EndTurn fallback flush
[2026-08-08T16:38:23.418Z] onEndTurn: naturalStop=false toolCalls=43 nudgeMsg=no
[2026-08-08T16:38:24.805Z] LiveUpdateForge: AfterToolExec flush
[2026-08-08T16:38:24.849Z] InitialReadForge.onBeforeSend: SKIP (fr=true syn=false hasRead=true)
[2026-08-08T16:38:27.739Z] LiveUpdateForge: EndTurn fallback flush
[2026-08-08T16:38:27.739Z] onEndTurn: naturalStop=undefined toolCalls=44 nudgeMsg=no
[2026-08-08T16:38:27.740Z] LiveUpdateForge: EndTurn fallback flush
[2026-08-08T16:38:27.740Z] onEndTurn: naturalStop=false toolCalls=44 nudgeMsg=no
[2026-08-08T16:38:30.036Z] LiveUpdateForge: AfterToolExec flush
[2026-08-08T16:38:30.084Z] InitialReadForge.onBeforeSend: SKIP (fr=true syn=false hasRead=true)
[2026-08-08T16:38:35.634Z] LiveUpdateForge: EndTurn fallback flush
[2026-08-08T16:38:35.634Z] onEndTurn: naturalStop=undefined toolCalls=45 nudgeMsg=no
[2026-08-08T16:38:35.635Z] LiveUpdateForge: EndTurn fallback flush
[2026-08-08T16:38:35.635Z] onEndTurn: naturalStop=false toolCalls=45 nudgeMsg=no
[2026-08-08T16:38:38.907Z] LiveUpdateForge: AfterToolExec flush
[2026-08-08T16:38:38.958Z] InitialReadForge.onBeforeSend: SKIP (fr=true syn=false hasRead=true)
[2026-08-08T16:38:44.945Z] LiveUpdateForge: EndTurn fallback flush
[2026-08-08T16:38:44.945Z] onEndTurn: naturalStop=undefined toolCalls=46 nudgeMsg=no
[2026-08-08T16:38:44.945Z] LiveUpdateForge: EndTurn fallback flush
[2026-08-08T16:38:44.946Z] onEndTurn: naturalStop=true toolCalls=46 nudgeMsg=no
[2026-08-08T16:38:47.602Z] ResumeDiffForge: running checkResumeConsistency
[2026-08-08T16:38:47.603Z] checkResumeConsistency: forgedTimestamps=[]
[2026-08-08T16:38:47.608Z] checkResumeConsistency: no changes detected
[2026-08-08T16:38:47.609Z] LiveUpdateForge: session reset, allowLiveUpdate = false
[2026-08-08T16:38:47.609Z] NudgeForge: ResumeComplete — restoring count from history
[2026-08-08T16:38:47.609Z] restoreNudgeCountFromHistory: found last write at idx=947 count=47
[2026-08-08T16:38:47.649Z] LiveUpdateForge: allowLiveUpdate = true (first real BeforeSend)
[2026-08-08T16:38:47.650Z] InitialReadForge.onBeforeSend: SKIP (fr=false syn=false hasRead=true)
[2026-08-08T16:38:53.124Z] LiveUpdateForge: EndTurn fallback flush
[2026-08-08T16:38:53.124Z] onEndTurn: naturalStop=undefined toolCalls=47 nudgeMsg=no
[2026-08-08T16:38:53.124Z] LiveUpdateForge: EndTurn fallback flush
[2026-08-08T16:38:53.125Z] onEndTurn: naturalStop=false toolCalls=47 nudgeMsg=no
[2026-08-08T16:38:54.306Z] LiveUpdateForge: AfterToolExec flush
[2026-08-08T16:38:54.352Z] InitialReadForge.onBeforeSend: SKIP (fr=true syn=false hasRead=true)
[2026-08-08T16:38:57.641Z] LiveUpdateForge: EndTurn fallback flush
[2026-08-08T16:38:57.641Z] onEndTurn: naturalStop=undefined toolCalls=48 nudgeMsg=no
[2026-08-08T16:38:57.642Z] LiveUpdateForge: EndTurn fallback flush
[2026-08-08T16:38:57.642Z] onEndTurn: naturalStop=false toolCalls=48 nudgeMsg=no
[2026-08-08T16:39:03.328Z] LiveUpdateForge: AfterToolExec flush
[2026-08-08T16:39:03.368Z] InitialReadForge.onBeforeSend: SKIP (fr=true syn=false hasRead=true)
[2026-08-08T16:39:06.134Z] LiveUpdateForge: EndTurn fallback flush
[2026-08-08T16:39:06.135Z] onEndTurn: naturalStop=undefined toolCalls=49 nudgeMsg=no
[2026-08-08T16:39:06.135Z] LiveUpdateForge: EndTurn fallback flush
[2026-08-08T16:39:06.135Z] onEndTurn: naturalStop=false toolCalls=49 nudgeMsg=no
[2026-08-08T16:39:20.609Z] LiveUpdateForge: AfterToolExec flush
[2026-08-08T16:39:20.651Z] InitialReadForge.onBeforeSend: SKIP (fr=true syn=false hasRead=true)
[2026-08-08T16:39:23.661Z] LiveUpdateForge: EndTurn fallback flush
[2026-08-08T16:39:23.661Z] onEndTurn: naturalStop=undefined toolCalls=50 nudgeMsg=no
[2026-08-08T16:39:23.661Z] LiveUpdateForge: EndTurn fallback flush
[2026-08-08T16:39:23.662Z] onEndTurn: naturalStop=false toolCalls=50 nudgeMsg=no
[2026-08-08T16:39:42.338Z] LiveUpdateForge: AfterToolExec flush
[2026-08-08T16:39:42.380Z] InitialReadForge.onBeforeSend: SKIP (fr=true syn=false hasRead=true)
[2026-08-08T16:39:46.041Z] LiveUpdateForge: EndTurn fallback flush
[2026-08-08T16:39:46.041Z] onEndTurn: naturalStop=undefined toolCalls=51 nudgeMsg=no
[2026-08-08T16:39:46.042Z] LiveUpdateForge: EndTurn fallback flush
[2026-08-08T16:39:46.042Z] onEndTurn: naturalStop=false toolCalls=51 nudgeMsg=no
[2026-08-08T16:39:46.095Z] LiveUpdateForge: AfterToolExec flush
[2026-08-08T16:39:46.130Z] InitialReadForge.onBeforeSend: SKIP (fr=true syn=false hasRead=true)
[2026-08-08T16:39:51.352Z] LiveUpdateForge: EndTurn fallback flush
[2026-08-08T16:39:51.353Z] onEndTurn: naturalStop=undefined toolCalls=52 nudgeMsg=no
[2026-08-08T16:39:51.353Z] LiveUpdateForge: EndTurn fallback flush
[2026-08-08T16:39:51.353Z] onEndTurn: naturalStop=false toolCalls=52 nudgeMsg=no
[2026-08-08T16:39:51.404Z] LiveUpdateForge: AfterToolExec flush
[2026-08-08T16:39:51.436Z] InitialReadForge.onBeforeSend: SKIP (fr=true syn=false hasRead=true)
[2026-08-08T16:39:54.010Z] LiveUpdateForge: EndTurn fallback flush
[2026-08-08T16:39:54.010Z] onEndTurn: naturalStop=undefined toolCalls=53 nudgeMsg=no
[2026-08-08T16:39:54.010Z] LiveUpdateForge: EndTurn fallback flush
[2026-08-08T16:39:54.010Z] onEndTurn: naturalStop=false toolCalls=53 nudgeMsg=no
[2026-08-08T16:39:54.057Z] LiveUpdateForge: AfterToolExec flush
[2026-08-08T16:39:54.092Z] InitialReadForge.onBeforeSend: SKIP (fr=true syn=false hasRead=true)
[2026-08-08T16:39:57.011Z] LiveUpdateForge: EndTurn fallback flush
[2026-08-08T16:39:57.012Z] onEndTurn: naturalStop=undefined toolCalls=54 nudgeMsg=no
[2026-08-08T16:39:57.012Z] LiveUpdateForge: EndTurn fallback flush
[2026-08-08T16:39:57.012Z] onEndTurn: naturalStop=false toolCalls=54 nudgeMsg=no
[2026-08-08T16:39:57.061Z] LiveUpdateForge: AfterToolExec flush
[2026-08-08T16:39:57.097Z] InitialReadForge.onBeforeSend: SKIP (fr=true syn=false hasRead=true)
[2026-08-08T16:40:02.005Z] LiveUpdateForge: EndTurn fallback flush
[2026-08-08T16:40:02.005Z] onEndTurn: naturalStop=undefined toolCalls=55 nudgeMsg=no
[2026-08-08T16:40:02.005Z] LiveUpdateForge: EndTurn fallback flush
[2026-08-08T16:40:02.006Z] onEndTurn: naturalStop=false toolCalls=55 nudgeMsg=no
[2026-08-08T16:40:02.056Z] LiveUpdateForge: AfterToolExec flush
[2026-08-08T16:40:02.090Z] InitialReadForge.onBeforeSend: SKIP (fr=true syn=false hasRead=true)
[2026-08-08T16:40:04.790Z] LiveUpdateForge: EndTurn fallback flush
[2026-08-08T16:40:04.790Z] onEndTurn: naturalStop=undefined toolCalls=56 nudgeMsg=no
[2026-08-08T16:40:04.791Z] LiveUpdateForge: EndTurn fallback flush
[2026-08-08T16:40:04.791Z] onEndTurn: naturalStop=false toolCalls=56 nudgeMsg=no
[2026-08-08T16:40:04.842Z] LiveUpdateForge: AfterToolExec flush
[2026-08-08T16:40:04.873Z] InitialReadForge.onBeforeSend: SKIP (fr=true syn=false hasRead=true)
[2026-08-08T16:40:08.248Z] LiveUpdateForge: EndTurn fallback flush
[2026-08-08T16:40:08.248Z] onEndTurn: naturalStop=undefined toolCalls=57 nudgeMsg=no
[2026-08-08T16:40:08.248Z] LiveUpdateForge: EndTurn fallback flush
[2026-08-08T16:40:08.248Z] onEndTurn: naturalStop=false toolCalls=57 nudgeMsg=no
[2026-08-08T16:40:08.299Z] LiveUpdateForge: AfterToolExec flush
[2026-08-08T16:40:08.341Z] InitialReadForge.onBeforeSend: SKIP (fr=true syn=false hasRead=true)
[2026-08-08T16:40:10.989Z] LiveUpdateForge: EndTurn fallback flush
[2026-08-08T16:40:10.989Z] onEndTurn: naturalStop=undefined toolCalls=58 nudgeMsg=no
[2026-08-08T16:40:10.989Z] LiveUpdateForge: EndTurn fallback flush
[2026-08-08T16:40:10.990Z] onEndTurn: naturalStop=false toolCalls=58 nudgeMsg=no
[2026-08-08T16:40:11.037Z] LiveUpdateForge: AfterToolExec flush
[2026-08-08T16:40:11.072Z] InitialReadForge.onBeforeSend: SKIP (fr=true syn=false hasRead=true)
[2026-08-08T16:40:14.205Z] LiveUpdateForge: EndTurn fallback flush
[2026-08-08T16:40:14.205Z] onEndTurn: naturalStop=undefined toolCalls=59 nudgeMsg=no
[2026-08-08T16:40:14.205Z] LiveUpdateForge: EndTurn fallback flush
[2026-08-08T16:40:14.205Z] onEndTurn: naturalStop=false toolCalls=59 nudgeMsg=no
[2026-08-08T16:40:14.255Z] LiveUpdateForge: AfterToolExec flush
[2026-08-08T16:40:14.289Z] InitialReadForge.onBeforeSend: SKIP (fr=true syn=false hasRead=true)
[2026-08-08T16:40:16.973Z] LiveUpdateForge: EndTurn fallback flush
[2026-08-08T16:40:16.973Z] onEndTurn: naturalStop=undefined toolCalls=60 nudgeMsg=no
[2026-08-08T16:40:16.974Z] LiveUpdateForge: EndTurn fallback flush
[2026-08-08T16:40:16.974Z] onEndTurn: naturalStop=false toolCalls=60 nudgeMsg=no
[2026-08-08T16:40:17.024Z] LiveUpdateForge: AfterToolExec flush
[2026-08-08T16:40:17.060Z] InitialReadForge.onBeforeSend: SKIP (fr=true syn=false hasRead=true)
[2026-08-08T16:40:20.109Z] LiveUpdateForge: EndTurn fallback flush
[2026-08-08T16:40:20.110Z] onEndTurn: naturalStop=undefined toolCalls=61 nudgeMsg=no
[2026-08-08T16:40:20.110Z] LiveUpdateForge: EndTurn fallback flush
[2026-08-08T16:40:20.110Z] onEndTurn: naturalStop=false toolCalls=61 nudgeMsg=no
[2026-08-08T16:40:20.161Z] LiveUpdateForge: AfterToolExec flush
[2026-08-08T16:40:20.195Z] InitialReadForge.onBeforeSend: SKIP (fr=true syn=false hasRead=true)
[2026-08-08T16:40:22.763Z] LiveUpdateForge: EndTurn fallback flush
[2026-08-08T16:40:22.764Z] onEndTurn: naturalStop=undefined toolCalls=62 nudgeMsg=no
[2026-08-08T16:40:22.764Z] LiveUpdateForge: EndTurn fallback flush
[2026-08-08T16:40:22.764Z] onEndTurn: naturalStop=false toolCalls=62 nudgeMsg=no
[2026-08-08T16:40:22.812Z] LiveUpdateForge: AfterToolExec flush
[2026-08-08T16:40:22.849Z] InitialReadForge.onBeforeSend: SKIP (fr=true syn=false hasRead=true)
[2026-08-08T16:40:29.083Z] LiveUpdateForge: EndTurn fallback flush
[2026-08-08T16:40:29.083Z] onEndTurn: naturalStop=undefined toolCalls=63 nudgeMsg=no
[2026-08-08T16:40:29.083Z] LiveUpdateForge: EndTurn fallback flush
[2026-08-08T16:40:29.083Z] onEndTurn: naturalStop=false toolCalls=63 nudgeMsg=no
[2026-08-08T16:40:29.137Z] LiveUpdateForge: AfterToolExec flush
[2026-08-08T16:40:29.174Z] InitialReadForge.onBeforeSend: SKIP (fr=true syn=false hasRead=true)
[2026-08-08T16:40:32.792Z] LiveUpdateForge: EndTurn fallback flush
[2026-08-08T16:40:32.792Z] onEndTurn: naturalStop=undefined toolCalls=64 nudgeMsg=no
[2026-08-08T16:40:32.792Z] LiveUpdateForge: EndTurn fallback flush
[2026-08-08T16:40:32.793Z] onEndTurn: naturalStop=false toolCalls=64 nudgeMsg=no
[2026-08-08T16:40:32.846Z] LiveUpdateForge: AfterToolExec flush
[2026-08-08T16:40:32.881Z] InitialReadForge.onBeforeSend: SKIP (fr=true syn=false hasRead=true)
[2026-08-08T16:40:36.447Z] LiveUpdateForge: EndTurn fallback flush
[2026-08-08T16:40:36.447Z] onEndTurn: naturalStop=undefined toolCalls=65 nudgeMsg=no
[2026-08-08T16:40:36.447Z] LiveUpdateForge: EndTurn fallback flush
[2026-08-08T16:40:36.447Z] onEndTurn: naturalStop=false toolCalls=65 nudgeMsg=no
[2026-08-08T16:40:36.504Z] LiveUpdateForge: AfterToolExec flush
[2026-08-08T16:40:36.544Z] InitialReadForge.onBeforeSend: SKIP (fr=true syn=false hasRead=true)
[2026-08-08T16:40:39.171Z] LiveUpdateForge: EndTurn fallback flush
[2026-08-08T16:40:39.171Z] onEndTurn: naturalStop=undefined toolCalls=66 nudgeMsg=no
[2026-08-08T16:40:39.171Z] LiveUpdateForge: EndTurn fallback flush
[2026-08-08T16:40:39.171Z] onEndTurn: naturalStop=false toolCalls=66 nudgeMsg=no
[2026-08-08T16:40:39.224Z] LiveUpdateForge: AfterToolExec flush
[2026-08-08T16:40:39.261Z] InitialReadForge.onBeforeSend: SKIP (fr=true syn=false hasRead=true)
[2026-08-08T16:40:41.819Z] LiveUpdateForge: EndTurn fallback flush
[2026-08-08T16:40:41.820Z] onEndTurn: naturalStop=undefined toolCalls=67 nudgeMsg=no
[2026-08-08T16:40:41.820Z] LiveUpdateForge: EndTurn fallback flush
[2026-08-08T16:40:41.820Z] onEndTurn: naturalStop=false toolCalls=67 nudgeMsg=no
[2026-08-08T16:40:41.868Z] LiveUpdateForge: AfterToolExec flush
[2026-08-08T16:40:41.903Z] InitialReadForge.onBeforeSend: SKIP (fr=true syn=false hasRead=true)
[2026-08-08T16:40:44.991Z] LiveUpdateForge: EndTurn fallback flush
[2026-08-08T16:40:44.992Z] onEndTurn: naturalStop=undefined toolCalls=68 nudgeMsg=no
[2026-08-08T16:40:44.992Z] LiveUpdateForge: EndTurn fallback flush
[2026-08-08T16:40:44.992Z] onEndTurn: naturalStop=false toolCalls=68 nudgeMsg=no
[2026-08-08T16:40:45.039Z] LiveUpdateForge: AfterToolExec flush
[2026-08-08T16:40:45.073Z] InitialReadForge.onBeforeSend: SKIP (fr=true syn=false hasRead=true)
[2026-08-08T16:40:47.899Z] LiveUpdateForge: EndTurn fallback flush
[2026-08-08T16:40:47.899Z] onEndTurn: naturalStop=undefined toolCalls=69 nudgeMsg=no
[2026-08-08T16:40:47.899Z] LiveUpdateForge: EndTurn fallback flush
[2026-08-08T16:40:47.899Z] onEndTurn: naturalStop=false toolCalls=69 nudgeMsg=no
[2026-08-08T16:40:47.949Z] LiveUpdateForge: AfterToolExec flush
[2026-08-08T16:40:47.985Z] InitialReadForge.onBeforeSend: SKIP (fr=true syn=false hasRead=true)
[2026-08-08T16:40:50.976Z] LiveUpdateForge: EndTurn fallback flush
[2026-08-08T16:40:50.977Z] onEndTurn: naturalStop=undefined toolCalls=70 nudgeMsg=no
[2026-08-08T16:40:50.977Z] LiveUpdateForge: EndTurn fallback flush
[2026-08-08T16:40:50.977Z] onEndTurn: naturalStop=false toolCalls=70 nudgeMsg=no
[2026-08-08T16:40:51.031Z] LiveUpdateForge: AfterToolExec flush
[2026-08-08T16:40:51.066Z] InitialReadForge.onBeforeSend: SKIP (fr=true syn=false hasRead=true)
[2026-08-08T16:40:53.569Z] LiveUpdateForge: EndTurn fallback flush
[2026-08-08T16:40:53.569Z] onEndTurn: naturalStop=undefined toolCalls=71 nudgeMsg=no
[2026-08-08T16:40:53.569Z] LiveUpdateForge: EndTurn fallback flush
[2026-08-08T16:40:53.569Z] onEndTurn: naturalStop=false toolCalls=71 nudgeMsg=no
[2026-08-08T16:40:54.705Z] LiveUpdateForge: AfterToolExec flush
[2026-08-08T16:40:54.751Z] InitialReadForge.onBeforeSend: SKIP (fr=true syn=false hasRead=true)
[2026-08-08T16:40:57.679Z] LiveUpdateForge: EndTurn fallback flush
[2026-08-08T16:40:57.679Z] onEndTurn: naturalStop=undefined toolCalls=72 nudgeMsg=no
[2026-08-08T16:40:57.679Z] LiveUpdateForge: EndTurn fallback flush
[2026-08-08T16:40:57.680Z] onEndTurn: naturalStop=false toolCalls=72 nudgeMsg=no
[2026-08-08T16:40:58.856Z] LiveUpdateForge: AfterToolExec flush
[2026-08-08T16:40:58.901Z] InitialReadForge.onBeforeSend: SKIP (fr=true syn=false hasRead=true)
[2026-08-08T16:41:01.752Z] LiveUpdateForge: EndTurn fallback flush
[2026-08-08T16:41:01.752Z] onEndTurn: naturalStop=undefined toolCalls=73 nudgeMsg=no
[2026-08-08T16:41:01.753Z] LiveUpdateForge: EndTurn fallback flush
[2026-08-08T16:41:01.753Z] onEndTurn: naturalStop=false toolCalls=73 nudgeMsg=no
[2026-08-08T16:41:03.727Z] LiveUpdateForge: AfterToolExec flush
[2026-08-08T16:41:03.769Z] InitialReadForge.onBeforeSend: SKIP (fr=true syn=false hasRead=true)
[2026-08-08T16:41:17.398Z] LiveUpdateForge: EndTurn fallback flush
[2026-08-08T16:41:17.399Z] onEndTurn: naturalStop=undefined toolCalls=74 nudgeMsg=no
[2026-08-08T16:41:17.399Z] LiveUpdateForge: EndTurn fallback flush
[2026-08-08T16:41:17.399Z] onEndTurn: naturalStop=true toolCalls=0 nudgeMsg=YES
[2026-08-08T16:41:17.402Z] InitialReadForge.onBeforeSend: SKIP (fr=false syn=false hasRead=true)
[2026-08-08T16:41:24.117Z] LiveUpdateForge: EndTurn fallback flush
[2026-08-08T16:41:24.117Z] onEndTurn: naturalStop=undefined toolCalls=0 nudgeMsg=no
[2026-08-08T16:41:24.118Z] LiveUpdateForge: EndTurn fallback flush
[2026-08-08T16:41:24.118Z] onEndTurn: naturalStop=false toolCalls=0 nudgeMsg=no
[2026-08-08T16:41:24.131Z] LiveUpdateForge: AfterToolExec flush
[2026-08-08T16:41:24.133Z] nudge: read_memory called (does NOT reset counter)
[2026-08-08T16:42:13.356Z] LiveUpdateForge: EndTurn fallback flush
[2026-08-08T16:42:13.356Z] onEndTurn: naturalStop=undefined toolCalls=1 nudgeMsg=no
[2026-08-08T16:42:13.356Z] LiveUpdateForge: EndTurn fallback flush
[2026-08-08T16:42:13.357Z] onEndTurn: naturalStop=false toolCalls=1 nudgeMsg=no
[2026-08-08T16:42:13.364Z] LiveUpdateForge: self-write on D:\xm\CacheHub\CODELY.md, baseline aligned
[2026-08-08T16:42:13.365Z] LiveUpdateForge: AfterToolExec flush
[2026-08-08T16:42:17.739Z] LiveUpdateForge: EndTurn fallback flush
[2026-08-08T16:42:17.740Z] onEndTurn: naturalStop=undefined toolCalls=0 nudgeMsg=no
[2026-08-08T16:42:17.740Z] LiveUpdateForge: EndTurn fallback flush
[2026-08-08T16:42:17.740Z] onEndTurn: naturalStop=true toolCalls=0 nudgeMsg=no
[2026-08-08T16:42:21.241Z] ResumeDiffForge: running checkResumeConsistency
[2026-08-08T16:42:21.242Z] checkResumeConsistency: forgedTimestamps=[["project","1970-01-01T00:00:00.000Z"]]
[2026-08-08T16:42:21.247Z] checkResumeConsistency: injecting 1 diff notification(s)
[2026-08-08T16:42:21.247Z] injectForgedHistory: role=user preview="[agent-auto] [memory-update 2026-08-09 00:42:13] project memory file has been mo"
[2026-08-08T16:42:21.279Z] injectForgedHistory: recordMessage persisted
[2026-08-08T16:42:21.280Z] LiveUpdateForge: session reset, allowLiveUpdate = false
[2026-08-08T16:42:21.280Z] NudgeForge: ResumeComplete — restoring count from history
[2026-08-08T16:42:21.280Z] restoreNudgeCountFromHistory: found last write at idx=1107 count=0
[2026-08-08T16:42:21.339Z] LiveUpdateForge: allowLiveUpdate = true (first real BeforeSend)
[2026-08-08T16:42:28.971Z] LiveUpdateForge: EndTurn fallback flush
[2026-08-08T16:42:28.972Z] onEndTurn: naturalStop=undefined toolCalls=0 nudgeMsg=no
[2026-08-08T16:42:28.972Z] LiveUpdateForge: EndTurn fallback flush
[2026-08-08T16:42:28.972Z] onEndTurn: naturalStop=false toolCalls=0 nudgeMsg=no
[2026-08-08T16:42:32.826Z] LiveUpdateForge: AfterToolExec flush
[2026-08-08T16:42:40.312Z] LiveUpdateForge: EndTurn fallback flush
[2026-08-08T16:42:40.313Z] onEndTurn: naturalStop=undefined toolCalls=1 nudgeMsg=no
[2026-08-08T16:42:40.313Z] LiveUpdateForge: EndTurn fallback flush
[2026-08-08T16:42:40.313Z] onEndTurn: naturalStop=false toolCalls=1 nudgeMsg=no
[2026-08-08T16:42:41.431Z] LiveUpdateForge: AfterToolExec flush
[2026-08-08T16:42:44.477Z] LiveUpdateForge: EndTurn fallback flush
[2026-08-08T16:42:44.478Z] onEndTurn: naturalStop=undefined toolCalls=2 nudgeMsg=no
[2026-08-08T16:42:44.478Z] LiveUpdateForge: EndTurn fallback flush
[2026-08-08T16:42:44.478Z] onEndTurn: naturalStop=false toolCalls=2 nudgeMsg=no
[2026-08-08T16:43:19.370Z] LiveUpdateForge: AfterToolExec flush
[2026-08-08T16:43:25.192Z] LiveUpdateForge: EndTurn fallback flush
[2026-08-08T16:43:25.192Z] onEndTurn: naturalStop=undefined toolCalls=3 nudgeMsg=no
[2026-08-08T16:43:25.193Z] LiveUpdateForge: EndTurn fallback flush
[2026-08-08T16:43:25.193Z] onEndTurn: naturalStop=true toolCalls=3 nudgeMsg=no
[2026-08-08T16:43:27.843Z] ResumeDiffForge: running checkResumeConsistency
[2026-08-08T16:43:27.843Z] checkResumeConsistency: forgedTimestamps=[["project","1970-01-01T00:00:00.000Z"]]
[2026-08-08T16:43:27.848Z] checkResumeConsistency: injecting 1 diff notification(s)
[2026-08-08T16:43:27.848Z] injectForgedHistory: role=user preview="[agent-auto] [memory-update 2026-08-09 00:42:13] project memory file has been mo"
[2026-08-08T16:43:27.879Z] injectForgedHistory: recordMessage persisted
[2026-08-08T16:43:27.879Z] LiveUpdateForge: session reset, allowLiveUpdate = false
[2026-08-08T16:43:27.879Z] NudgeForge: ResumeComplete — restoring count from history
[2026-08-08T16:43:27.880Z] restoreNudgeCountFromHistory: found last write at idx=1107 count=3
[2026-08-08T16:43:27.967Z] LiveUpdateForge: allowLiveUpdate = true (first real BeforeSend)
[2026-08-08T16:43:35.522Z] LiveUpdateForge: EndTurn fallback flush
[2026-08-08T16:43:35.523Z] onEndTurn: naturalStop=undefined toolCalls=3 nudgeMsg=no
[2026-08-08T16:43:35.523Z] LiveUpdateForge: EndTurn fallback flush
[2026-08-08T16:43:35.523Z] onEndTurn: naturalStop=false toolCalls=3 nudgeMsg=no
[2026-08-08T16:43:38.599Z] LiveUpdateForge: AfterToolExec flush
[2026-08-08T16:43:46.439Z] LiveUpdateForge: EndTurn fallback flush
[2026-08-08T16:43:46.439Z] onEndTurn: naturalStop=undefined toolCalls=4 nudgeMsg=no
[2026-08-08T16:43:46.439Z] LiveUpdateForge: EndTurn fallback flush
[2026-08-08T16:43:46.439Z] onEndTurn: naturalStop=false toolCalls=4 nudgeMsg=no
[2026-08-08T16:44:20.988Z] LiveUpdateForge: AfterToolExec flush
[2026-08-08T16:44:45.760Z] LiveUpdateForge: EndTurn fallback flush
[2026-08-08T16:44:45.760Z] onEndTurn: naturalStop=undefined toolCalls=5 nudgeMsg=no
[2026-08-08T16:44:45.760Z] LiveUpdateForge: EndTurn fallback flush
[2026-08-08T16:44:45.760Z] onEndTurn: naturalStop=true toolCalls=5 nudgeMsg=no
[2026-08-08T16:44:48.996Z] ResumeDiffForge: running checkResumeConsistency
[2026-08-08T16:44:48.996Z] checkResumeConsistency: forgedTimestamps=[["project","1970-01-01T00:00:00.000Z"]]
[2026-08-08T16:44:49.003Z] checkResumeConsistency: injecting 1 diff notification(s)
[2026-08-08T16:44:49.004Z] injectForgedHistory: role=user preview="[agent-auto] [memory-update 2026-08-09 00:42:13] project memory file has been mo"
[2026-08-08T16:44:49.046Z] injectForgedHistory: recordMessage persisted
[2026-08-08T16:44:49.046Z] LiveUpdateForge: session reset, allowLiveUpdate = false
[2026-08-08T16:44:49.047Z] NudgeForge: ResumeComplete — restoring count from history
[2026-08-08T16:44:49.047Z] restoreNudgeCountFromHistory: found last write at idx=1107 count=5
[2026-08-08T16:44:49.109Z] LiveUpdateForge: allowLiveUpdate = true (first real BeforeSend)
[2026-08-08T16:44:54.598Z] LiveUpdateForge: EndTurn fallback flush
[2026-08-08T16:44:54.598Z] onEndTurn: naturalStop=undefined toolCalls=5 nudgeMsg=no
[2026-08-08T16:44:54.599Z] LiveUpdateForge: EndTurn fallback flush
[2026-08-08T16:44:54.599Z] onEndTurn: naturalStop=false toolCalls=5 nudgeMsg=no
[2026-08-08T16:44:58.242Z] LiveUpdateForge: AfterToolExec flush
[2026-08-08T16:45:01.732Z] LiveUpdateForge: EndTurn fallback flush
[2026-08-08T16:45:01.732Z] onEndTurn: naturalStop=undefined toolCalls=6 nudgeMsg=no
[2026-08-08T16:45:01.732Z] LiveUpdateForge: EndTurn fallback flush
[2026-08-08T16:45:01.732Z] onEndTurn: naturalStop=false toolCalls=6 nudgeMsg=no
[2026-08-08T16:45:37.514Z] LiveUpdateForge: AfterToolExec flush
[2026-08-08T16:45:42.137Z] LiveUpdateForge: EndTurn fallback flush
[2026-08-08T16:45:42.138Z] onEndTurn: naturalStop=undefined toolCalls=7 nudgeMsg=no
[2026-08-08T16:45:42.138Z] LiveUpdateForge: EndTurn fallback flush
[2026-08-08T16:45:42.138Z] onEndTurn: naturalStop=true toolCalls=7 nudgeMsg=no
[2026-08-08T16:45:45.139Z] ResumeDiffForge: running checkResumeConsistency
[2026-08-08T16:45:45.139Z] checkResumeConsistency: forgedTimestamps=[["project","1970-01-01T00:00:00.000Z"]]
[2026-08-08T16:45:45.145Z] checkResumeConsistency: injecting 1 diff notification(s)
[2026-08-08T16:45:45.145Z] injectForgedHistory: role=user preview="[agent-auto] [memory-update 2026-08-09 00:42:13] project memory file has been mo"
[2026-08-08T16:45:45.179Z] injectForgedHistory: recordMessage persisted
[2026-08-08T16:45:45.179Z] LiveUpdateForge: session reset, allowLiveUpdate = false
[2026-08-08T16:45:45.180Z] NudgeForge: ResumeComplete — restoring count from history
[2026-08-08T16:45:45.180Z] restoreNudgeCountFromHistory: found last write at idx=1107 count=7
[2026-08-08T16:45:45.247Z] LiveUpdateForge: allowLiveUpdate = true (first real BeforeSend)
[2026-08-08T16:45:57.481Z] LiveUpdateForge: EndTurn fallback flush
[2026-08-08T16:45:57.481Z] onEndTurn: naturalStop=undefined toolCalls=7 nudgeMsg=no
[2026-08-08T16:45:57.481Z] LiveUpdateForge: EndTurn fallback flush
[2026-08-08T16:45:57.482Z] onEndTurn: naturalStop=false toolCalls=7 nudgeMsg=no
[2026-08-08T16:46:15.856Z] LiveUpdateForge: AfterToolExec flush
[2026-08-08T16:46:23.968Z] LiveUpdateForge: EndTurn fallback flush
[2026-08-08T16:46:23.969Z] onEndTurn: naturalStop=undefined toolCalls=8 nudgeMsg=no
[2026-08-08T16:46:23.969Z] LiveUpdateForge: EndTurn fallback flush
[2026-08-08T16:46:23.970Z] onEndTurn: naturalStop=true toolCalls=8 nudgeMsg=no
[2026-08-08T16:46:26.808Z] ResumeDiffForge: running checkResumeConsistency
[2026-08-08T16:46:26.808Z] checkResumeConsistency: forgedTimestamps=[["project","1970-01-01T00:00:00.000Z"]]
[2026-08-08T16:46:26.814Z] checkResumeConsistency: injecting 1 diff notification(s)
[2026-08-08T16:46:26.815Z] injectForgedHistory: role=user preview="[agent-auto] [memory-update 2026-08-09 00:42:13] project memory file has been mo"
[2026-08-08T16:46:26.851Z] injectForgedHistory: recordMessage persisted
[2026-08-08T16:46:26.851Z] LiveUpdateForge: session reset, allowLiveUpdate = false
[2026-08-08T16:46:26.851Z] NudgeForge: ResumeComplete — restoring count from history
[2026-08-08T16:46:26.852Z] restoreNudgeCountFromHistory: found last write at idx=1107 count=8
[2026-08-08T16:46:26.924Z] LiveUpdateForge: allowLiveUpdate = true (first real BeforeSend)
[2026-08-08T16:46:34.475Z] LiveUpdateForge: EndTurn fallback flush
[2026-08-08T16:46:34.475Z] onEndTurn: naturalStop=undefined toolCalls=8 nudgeMsg=no
[2026-08-08T16:46:34.475Z] LiveUpdateForge: EndTurn fallback flush
[2026-08-08T16:46:34.476Z] onEndTurn: naturalStop=false toolCalls=8 nudgeMsg=no
[2026-08-08T16:46:53.685Z] LiveUpdateForge: AfterToolExec flush
[2026-08-08T16:47:00.566Z] LiveUpdateForge: EndTurn fallback flush
[2026-08-08T16:47:00.566Z] onEndTurn: naturalStop=undefined toolCalls=9 nudgeMsg=no
[2026-08-08T16:47:00.567Z] LiveUpdateForge: EndTurn fallback flush
[2026-08-08T16:47:00.567Z] onEndTurn: naturalStop=true toolCalls=9 nudgeMsg=no
[2026-08-08T18:25:08.330Z] MemoryForge: attached 5 listener(s)
[2026-08-08T18:25:08.331Z] InitialReadForge: armed one-shot BeforeSend after NewSessionStart
[2026-08-08T18:25:08.331Z] LiveUpdateForge: session reset, allowLiveUpdate = false
[2026-08-08T18:25:22.911Z] LiveUpdateForge: session reset, allowLiveUpdate = false
[2026-08-08T18:25:22.983Z] ResumeDiffForge: running checkResumeConsistency
[2026-08-08T18:25:22.984Z] checkResumeConsistency: forgedTimestamps=[["project","1970-01-01T00:00:00.000Z"]]
[2026-08-08T18:25:22.991Z] checkResumeConsistency: injecting 1 diff notification(s)
[2026-08-08T18:25:22.992Z] injectForgedHistory: role=user preview="[agent-auto] [memory-update 2026-08-09 00:42:13] project memory file has been mo"
[2026-08-08T18:25:22.992Z] injectForgedHistory: recordMessage persisted
[2026-08-08T18:25:22.993Z] LiveUpdateForge: session reset, allowLiveUpdate = false
[2026-08-08T18:25:22.993Z] NudgeForge: ResumeComplete — restoring count from history
[2026-08-08T18:25:22.994Z] restoreNudgeCountFromHistory: found last write at idx=1107 count=9
[2026-08-08T18:26:25.513Z] CompactComplete: resetting forge state
[2026-08-08T18:26:52.010Z] CompactComplete: resetting forge state
[2026-08-08T18:26:52.343Z] CompactComplete: resetting forge state
[2026-08-08T18:26:52.712Z] CompactComplete: resetting forge state
[2026-08-08T18:26:53.734Z] CompactComplete: resetting forge state
[2026-08-08T18:26:53.846Z] CompactComplete: resetting forge state
[2026-08-08T18:26:55.578Z] CompactComplete: resetting forge state
[2026-08-08T18:26:58.906Z] CompactComplete: resetting forge state
[2026-08-08T18:26:59.245Z] CompactComplete: resetting forge state
[2026-08-08T18:26:59.429Z] CompactComplete: resetting forge state
[2026-08-08T18:26:59.827Z] CompactComplete: resetting forge state
[2026-08-08T18:27:00.757Z] CompactComplete: resetting forge state
[2026-08-08T18:27:00.872Z] CompactComplete: resetting forge state
[2026-08-08T18:27:01.788Z] CompactComplete: resetting forge state
[2026-08-08T18:27:02.342Z] CompactComplete: resetting forge state
